channel_title,subscribers
3nach9,
3sat NANO,
AfD im EU-Parlament,
AgrarBobby,
Aktien Kanal,
Aktienavocado,
Alice Weidel,
Amazon Prime Video Deutschland,
Andreas Schmitz (Der Akku Doktor),
Auch Staiy,
BERLIN CHANNEL,
BOSS  DELUXE,
Berlin360°,
Best of Bud Spencer & Terence Hill,
Bodo Wartke,
Boris Reitschuster,
Breaking Lab,
BÖZASOUND TV,
Cashkurs.com,
Christian Hafenecker,
Claus Roppel,
Clownswelt,
Dance Music MV,
Dave Brych,
DelarueTV,
Dennis und Benni Wolter,
Dennis und Jesko,
Der Dunkle Parabelritter,
Der Postillon ,
Der Schattenmacher,
Der Sievi,
DeutscherHanfverband,
Die Autogesellschaft Dresden,
Die Elektromeister,
Die Merkhilfe,
Digitaler Chronist,
Dirk Rott | Steuerratgeber,
DoktorZwoid,
Drewermann Kanal,
ELoTRiX - Clips & Talks,
EX - Rechte Rotlicht Rocker - Philip Schlaffer,
EinfachSchule,
Eintracht Spandau,
Energie & Outdoor Chiemgau / Energie & Vorsorge,
Entertainment-Shorts,
"Erzieherkanal - Wissen, Theorien & Infos",
FAIR TALK,
FPÖ TV,
Felix Goldbach ,
"Finance Experience - Geld, Finanzen, Wirtschaft",
Finanzdenker,
Finanzhacks Shorts,
Florian Homm,
Florian Schroeder,
Frank Stoner,
Frei & Unbeugsam,
Für die Meinungsfreiheit!,
GTdasHandwerk,
GabbaGandalfTV,
Geld für die Welt — Maurice Höfgen,
Gerald Grosz,
German Truck Driver,
Gerwin Lovrecki,
Gottfried Curio,
Grenzgänger Studios,
Gunnar Kaiser - in Memoriam,
HABITAT - Lebensraum Deutschland,
Henner - Der Nordhesse,
Hiphop.de,
Ich bin ein Star - Holt mich hier raus!,
Im Büro,
InfoBox,
InfraRot - dein Durchblick im Nachrichtennebel,
Ingmar Stadelmann,
Investinbest,
Iris Aschenbrenner,
K.I.Z,
KISSLER KOMPAKT,
KUNI,
Kai Brenner - Per Du mit dem Leben 😃,
Kein Tempolimit,
KetzerKirche,
Konstantin Flemig - Kriegsreporter ,
Kontraste - Der Wirtschaftsblog,
Krabbe,
Krissy Rieger,
Krypto Report,
KuchenTV,
KuchenTV Uncut,
KÖNIGIN DER KELCHE®,
LEO – Ketzer der Neuzeit,
Ladykracher,
Langemann Medien,
Lattensepp,
LeFloid,
Leeroy will's wissen!,
Leon Lovelock,
Lidi ASMR,
Lucas Lit,
MMnewsTV,
Markus Mingers ,
Mathias von Gersdorff,
Maximilian Pütz,
Melvin Lee Lewis,
Micha,
Mission Money,
Moconomy - Wirtschaft & Finanzen,
Moderner Landwirt,
Mr Rap,
MrPyroManager,
MySpass Classics,
No AfD,
Nuoviso Files,
OPEN MIND,
Oli investiert,
Original_BrosTV,
Plankton,
Politik im Fokus,
Power TJ,
Prinz,
Prof. Dr. Volker Quaschning,
Professor Finanzen,
Puls 4 Comedy,
Punkt.PRERADOVIC,
QS24 - Schweizer Gesundheitsfernsehen,
ROOZ WORLD,
Raik Garve - Dein Gesundheitslehrer,
Red Scorpion,
Rene Schmock,
Rewigang,
Richtiger Kevin,
RobBubble,
Robert Franz,
Roger Beckamp,
SOUND OF MUSIC,
SPACE FROGS,
SRF Impact,
SWR Wissen,
Schlumpf,
SkylineTV,
"Stephan Brandner, AfD",
Steuerberater Stefan Mücke,
Sören Schumann - Gesundheit Ganzheitlich,
TOGGO,
TOPTIER GERMANY,
TV-Klassiker,
ThekenAlarm,
Till Reiners,
Tom Bötticher,
Traumaheilung & Medialität: Gopal Norbert Klein,
Ulrich Siegmund,
Volksverpetzer,
WALULIS DAILY,
WELT Nachrichtensender,
WeirD.Flex030,
Welt im Wandel.TV,
Westend Verlag,
William Niewiara,
ZDF Comedy,
ZDFtivi,
Zeidgenosse,
achse:ostwest,
alpha Uni,
congstar,
deep und deutlich,
dieBasis,
eigentümlich frei,
extra 3,
exxpressTV,
fussballer_welt,
münchen.tv,
pLOLitik,
quer,
ran Bundesliga,
rbb,
rentenbescheid24.de,
sophiexelisabeth,
spielend Klavier lernen,
stern,
zeitzeugen-portal,
Österreich zuerst,
