video_id,video_type,ideology_score,populism_score
5V2QOQaZE08,Standard,4.5,6.5
uyLLndzuI9I,Standard,-1.0,-1.0
6ur7d9iaxn0,Reaction,8.5,9.0
GUAxdmbCjq4,Reaction,-1.0,-1.0
EWUmh86u2ZM,Standard,-1.0,-1.0
6SoDZNZuEFc,Standard,7.5,7.0
pC-9HedYeOw,Reaction,8.5,8.5
2Bnft2ekdyk,Reaction,7.5,6.5
VbYUkmF7Mjc,Standard,7.5,6.5
4BOcZHUP-aQ,Standard,-1.0,-1.0
HRTxOgN49fQ,Reaction,6.5,8.5
sHbhz5YWsT0,Reaction,-1.0,-1.0
xOLFXLi0T_E,Reaction,8.5,7.5
wZ56ZKW46Zg,Reaction,7.5,6.0
YweMQHH-0r4,Reaction,7.5,7.0
WIUEP959beA,Standard,7.5,8.5
IWTw--Iw8hY,Standard,-1.0,-1.0
8JyLhJFgPVQ,Standard,-1.0,-1.0
hyny_e4im6w,Standard,-1.0,-1.0
VkOHytbNt0Y,Standard,8.5,3.5
6_DOa63qT_w,Standard,6.5,7.5
62VBUkIxWWM,Standard,-1.0,-1.0
EyeDbFnYThA,Standard,2.0,7.5
95n6LyXO6uk,Standard,7.0,3.5
Z826hshUNog,Reaction,8.0,9.0
EgVfcGro33I,Standard,5.0,0.0
7CkHOgMFq8A,Reaction,-1.0,9.0
M0Uw8iIpm6k,Standard,-1.0,-1.0
LVhFeiFx-Kw,Reaction,8.5,7.5
HJcbOyotbcY,Standard,6.0,7.0
vDD6knmfNg0,Standard,7.5,8.0
P6GORlGE2bE,Standard,-1.0,-1.0
y7JjFL09yMs,Standard,-1.0,-1.0
71z_wiYGexo,Standard,6.5,9.0
ZmrpYaZv7Uw,Standard,7.5,7.0
csGEnqUy3so,Standard,-1.0,-1.0
5vQhZWLT7N4,Standard,-1.0,-1.0
l059K9-5PaM,Standard,-1.0,-1.0
R2NuFpoqook,Standard,-1.0,5.0
v2fm_3hilsA,Standard,7.5,8.5
ugLbwEFfphU,Standard,-1.0,-1.0
f3UgDRRU9jA,Standard,8.5,9.5
wiJHc_KETUA,Standard,-1.0,-1.0
42oLuyRzdVc,Standard,7.0,8.0
u7w4X7O2Zjw,Standard,6.5,7.5
ZntkNL9jteQ,Standard,-1.0,-1.0
kjlDXwjQOnc,Standard,7.5,7.0
j9jlHas0q74,Standard,7.5,6.5
bjrsoagUOSw,Standard,-1.0,5.0
1L0ExxfN_TI,Standard,-1.0,-1.0
IaeguPdyBjk,Standard,-1.0,-1.0
SxHLSvDLwnw,Standard,8.5,9.0
jAAl0Xbqj10,Reaction,9.5,9.5
wxgVV_eapcQ,Standard,-1.0,-1.0
AUI0lG9b6D0,Reaction,9.0,9.0
TcCuxZ1uiSE,Standard,-1.0,-1.0
P-qBbWrRk-8,Reaction,9.0,9.0
q5AiaIQmVTo,Standard,-1.0,-1.0
_E-WIjkL-9w,Reaction,7.5,9.0
AvS40ixmULY,Reaction,-1.0,-1.0
bNVrYJ5QyqU,Standard,-1.0,-1.0
ACN8EPmg8r0,Standard,8.5,9.5
AGdiN-_he8w,Standard,7.5,8.5
yZxPty7QBus,Standard,8.5,9.0
jL83AInhZrU,Reaction,5.0,8.0
BunGYwSHqNY,Standard,8.5,9.0
q42o0vMjF1w,Standard,5.0,0.0
m3KW5ZFC74k,Reaction,8.5,9.5
SheGDjl1WU4,Reaction,7.0,7.5
nf5_PSC233o,Standard,-1.0,-1.0
KvvqxTS3h3o,Reaction,7.5,8.0
NCDd4MzZsSw,Standard,-1.0,-1.0
Zcg72jhS3N4,Standard,8.0,9.0
qfm_v0mN6Pg,Reaction,9.0,9.5
646643Dcxq4,Standard,5.0,9.0
khP8-YttZDg,Reaction,7.5,7.5
PpUakKy0K_k,Standard,-1.0,-1.0
yZZWM7VuVFU,Standard,4.5,0.0
Hb8IqltwlGA,Reaction,6.0,1.0
wiqdWGEYfmI,Standard,7.5,8.5
hUbLQ1r7BjE,Standard,-1.0,-1.0
wYN4st1MXrg,Standard,3.5,7.0
p7E37Y6gsm0,Standard,8.5,9.0
AsMhw5Cbocs,Standard,8.5,9.0
TWUoOIuC3YE,Standard,-1.0,5.0
QWLd8duH_Wc,Standard,-1.0,-1.0
ADWKmVWynDw,Reaction,7.5,6.5
s3jpEmjHtjw,Reaction,8.5,9.5
RsUv1nDn2Hs,Standard,-1.0,-1.0
0f81GE5s-8U,Standard,6.0,0.0
FFmIuBEUUcU,Standard,5.0,9.0
4zSqRDOx1b8,Standard,7.5,7.5
0KXz8K6aHt4,Standard,7.5,8.5
kON8GNb3c5o,Standard,7.0,6.5
etfnMLJtR24,Reaction,8.5,9.0
vldfNHJo3d8,Standard,-1.0,-1.0
FDQavu-91dA,Standard,8.0,8.5
F-SL3g6QmkY,Standard,7.5,8.5
iHwg5liqiUc,Standard,-1.0,-1.0
zhbEiUq_URk,Standard,7.5,8.5
GnP0xzl8Oqo,Standard,8.5,9.0
f--4T0RW180,Standard,-1.0,-1.0
ornp1GwQe8c,Standard,5.0,0.0
L5_YoRkZPkk,Standard,8.5,9.5
JqyEcfdPEyg,Standard,7.0,6.5
NdyZ60v4jx0,Reaction,7.5,7.5
_g6mD2MXGko,Standard,-1.0,-1.0
INwPqTd8PJI,Reaction,8.0,9.0
P_fvPRd2kfM,Reaction,7.5,9.0
NS6Ek4if83c,Reaction,8.5,7.5
BoDWH_Jj3uA,Standard,9.0,9.5
zfzxsOJ0rWk,Reaction,7.5,9.0
OJ-CtrzA6oI,Standard,7.0,6.0
QuBADgTKqIo,Standard,7.5,4.5
bN1UhwsaTfQ,Reaction,-1.0,-1.0
FiuyS22tIL4,Standard,-1.0,-1.0
963BU_xkucE,Reaction,8.5,9.5
bjnuDz_bsm0,Standard,7.5,9.0
RJuOLNxbJs8,Reaction,8.0,9.0
di0PIVISuHc,Standard,-1.0,-1.0
LKqoTMdLoxc,Standard,8.0,9.0
AgjTuynfQRI,Standard,-1.0,-1.0
zB-omVtKQjo,Standard,4.5,0.0
Gfcg39mVxiM,Reaction,8.5,9.0
O8oR_qPF-I8,Standard,-1.0,0.0
0e8xGYTszAI,Reaction,-1.0,-1.0
O2hlY28YksQ,Standard,8.5,9.5
QlRUaiQW3UE,Standard,-1.0,-1.0
y2DBlPAaN5w,Reaction,-1.0,-1.0
MoOzG4EPMow,Standard,8.5,9.5
Lc7u9O22ur0,Standard,8.5,7.5
m7ELJTd9TXs,Standard,7.5,9.0
fHBzGwTIVi0,Standard,7.5,8.0
fQVCBtW7Tvw,Standard,-1.0,-1.0
EO4y0Jqh8hA,Standard,7.0,6.5
-OW_H-2HTKU,Reaction,7.5,6.5
FuiEYcyc33M,Reaction,7.5,7.0
xxcuBuRoTPU,Reaction,8.5,9.5
ehINdSoKWqE,Standard,9.0,10.0
OGF7KcBNOIw,Standard,-1.0,-1.0
rFvK9nVS7J0,Standard,5.0,0.0
NKR1TgSnKNY,Standard,3.5,2.0
33YqnG14A44,Standard,-1.0,-1.0
JKHMJ1lb-io,Standard,7.0,8.0
GQ7OviDW8rI,Standard,7.5,8.5
SJDWN-dvvus,Reaction,-1.0,-1.0
T-ydpOodSIM,Standard,-1.0,-1.0
QFfQjoExTAM,Reaction,1.5,7.0
sKbHQb4hpA4,Standard,-1.0,-1.0
slsKLM2sgnM,Standard,8.5,7.5
Q_mu5mDBVNs,Reaction,7.5,9.0
qLJ2A_eAG1I,Standard,-1.0,1.0
OPoVEvOEXOw,Standard,-1.0,-1.0
Gv-ZfxzBoXQ,Standard,-1.0,-1.0
ghCP6eMSp6o,Reaction,7.5,6.0
SX_rSECJXas,Standard,-1.0,-1.0
Rt5y5L0oLT0,Reaction,5.0,0.0
74R6xWj1H-k,Standard,-1.0,-1.0
UQ78z5EdTNU,Reaction,7.5,8.0
lJzwNn7UJoE,Reaction,7.5,8.5
gzsGzpix6vs,Standard,8.5,8.5
O4HzVADN5VI,Standard,-1.0,0.0
NkoZLuidYho,Standard,4.5,1.0
p6MUqpPpQzY,Reaction,-1.0,-1.0
kt3K2QLSCmA,Reaction,-1.0,-1.0
InC5RaiSxK0,Reaction,8.5,9.5
BmYsXglsIqQ,Standard,5.0,0.0
_lbNndJkHz0,Reaction,7.5,9.0
F1BqpChvCGk,Standard,3.5,0.0
kmnjnTXUwSo,Reaction,-1.0,-1.0
QmpAueTncFw,Standard,-1.0,-1.0
5aTXP7ZdW_k,Standard,8.0,9.0
e96X0pnbg-M,Reaction,2.0,0.0
RbfY5RJdPNU,Standard,-1.0,-1.0
JXDNSGyPLGM,Standard,8.5,9.5
TYHjWw-Nj0Y,Standard,-1.0,-1.0
yaxVEYO4TGo,Reaction,7.5,7.5
lde0rQF8xrk,Standard,7.5,3.5
rCiq9zKqIcU,Reaction,7.0,7.5
g3Wb2RQf9v0,Standard,3.0,0.5
2KoRmCqcDrM,Standard,6.5,9.5
gsOrPWEL8AI,Standard,8.0,0.0
SkEN4PmcUqg,Standard,-1.0,-1.0
A7WdFWNAN08,Standard,7.5,9.5
42xk2FEDaB4,Reaction,-1.0,-1.0
wjk4LJaTUj4,Reaction,5.5,8.5
WB1RsRyxfFk,Standard,-1.0,-1.0
80vUrlgzTq8,Standard,-1.0,-1.0
Wa-uKeN3cuU,Standard,-1.0,-1.0
o6yEe1XI8E4,Standard,-1.0,-1.0
EcLMG5rxbzU,Standard,7.5,8.0
sPsTOZIMI1I,Standard,7.5,8.0
aVWnWOP1Tko,Standard,5.5,6.0
AH5QbqF5nCc,Reaction,3.5,0.0
ROkMgQxERc0,Reaction,4.5,0.0
SQtNLR2M5rk,Reaction,8.5,9.0
DKHmZrQuDkM,Standard,4.5,0.0
8Iu6T-K9BKg,Standard,-1.0,-1.0
GO43cxFs9uc,Standard,9.0,9.5
7uZ1LTNKMDc,Standard,9.0,9.0
qLA8c_u57x4,Reaction,7.5,8.0
FMEvHcDM4jQ,Reaction,-1.0,-1.0
rnCXERc-ENg,Standard,-1.0,-1.0
FoEdPFhnCL4,Reaction,-1.0,8.5
4DzwPd8rajY,Standard,-1.0,-1.0
qwKKMwmcGt4,Reaction,4.0,1.0
E-OopozoGA8,Standard,-1.0,-1.0
PKzFbzpbax0,Reaction,-1.0,0.0
OqCIjotppuI,Reaction,-1.0,-1.0
NgKusViCuYQ,Standard,-1.0,-1.0
kfbAcLYEn5s,Standard,9.5,8.5
BFFJ9TIy0NQ,Reaction,8.5,8.5
zLDZphWainY,Standard,8.5,2.5
I1M63c6AXK8,Standard,7.0,6.5
YZD0lVA0NZU,Standard,-1.0,-1.0
HHN5T4B5jsM,Standard,-1.0,-1.0
8YFdLQmqJuc,Standard,-1.0,-1.0
uA09LUYIDDk,Standard,-1.0,-1.0
mCMQEt8T7QQ,Standard,6.5,0.0
dMkkH4giDWc,Standard,-1.0,-1.0
7BwZIZe2F0s,Standard,4.0,7.5
7ktCd9dvH-I,Standard,7.0,1.5
uF9UHhwvgp8,Standard,8.5,9.0
ifwuVqBjWTk,Standard,8.5,9.0
ogQ-QcikDYY,Standard,8.5,9.5
VKzc9AvI_8o,Standard,-1.0,-1.0
4Bh-t5U5w80,Reaction,8.0,9.0
VLj5lxg4mKo,Standard,2.5,6.5
GDntj3PDE6E,Standard,-1.0,-1.0
3x050S1q1UQ,Reaction,8.5,9.5
0G8rrP4GQRk,Standard,-1.0,-1.0
OJnzHNxHdEI,Standard,7.5,8.5
sxA8bfYkf9k,Standard,8.5,8.5
nW2LFaquO8s,Standard,-1.0,-1.0
CwjmLxNEgLQ,Reaction,7.5,7.0
67XfU6nH5_E,Standard,-1.0,-1.0
_TmUHOPXiBs,Standard,8.5,9.0
yK_jlea28vc,Standard,7.5,8.5
xnAcPgnUHXQ,Reaction,7.0,8.5
0ZhxzQBJQjM,Standard,-1.0,-1.0
NLQZMjBXokk,Standard,8.0,9.0
Z5Bntxj-WJg,Standard,8.0,9.0
9wJNaNqdarg,Standard,3.5,0.0
OmA73RG5JAU,Standard,-1.0,-1.0
MDEtAabHqPo,Reaction,7.5,8.5
M8Fx4sQfCHs,Reaction,2.5,6.5
DHplhQAktTI,Standard,8.5,8.5
qBCxPbhDmg4,Standard,6.0,0.0
P9M-S0_XLGI,Standard,8.5,9.0
FBz4YO-XeqM,Standard,2.5,8.5
KYgFQgOxAPs,Standard,9.0,9.5
yFrSUlveIPs,Standard,5.0,3.5
O2m89ARR1m4,Reaction,8.0,8.0
Ocqb2rfv6DI,Standard,4.5,0.0
iHNjY29inqc,Standard,2.5,6.5
VtDSYpi-HGA,Standard,9.0,9.5
OHfiXRZAZg0,Reaction,8.5,9.0
O6k0qSkE54A,Standard,7.5,6.5
J5f04WbUOFY,Standard,8.5,9.0
YW8ew9WujUI,Standard,7.5,9.0
kOjC3MYkn2Y,Standard,-1.0,-1.0
5MM2cKSKiSw,Standard,7.5,0.0
japeVZvGOp0,Standard,-1.0,-1.0
V4XnpyW3mXk,Standard,-1.0,-1.0
9mcxniC4Dng,Standard,2.0,8.5
zpJn3_ABqps,Reaction,8.5,9.5
JPT9FBDZuoA,Standard,3.5,7.5
OvB_QeHhCSU,Standard,-1.0,-1.0
egeLmX1cyak,Standard,-1.0,-1.0
5VnmJFOYTJ4,Standard,3.5,5.0
fRXJERCR6-w,Standard,-1.0,-1.0
-1AOeJCLfBU,Standard,-1.0,-1.0
m30-sj1weXE,Reaction,3.5,0.0
6R73f3NrQA8,Standard,7.0,7.5
4c9Zhrd4l0g,Standard,5.0,8.0
jYba1YcPQk4,Standard,7.5,8.5
Ov_iphuVvu8,Standard,-1.0,-1.0
T4V2WsH5u20,Standard,7.5,7.5
VdO3TJOc2ZM,Standard,8.5,9.0
NFBiGKdIl4c,Standard,7.0,5.0
lPUmv_QfpUU,Reaction,2.5,8.5
oP9SgOIluTc,Standard,-1.0,-1.0
9MSGvGRmYwA,Standard,7.5,8.5
iJSlVhtE6as,Standard,7.5,9.0
u8docZcBvB0,Standard,7.5,7.0
iufz78TAwIQ,Standard,6.5,0.0
iSbcV7saPaM,Standard,-1.0,-1.0
sQV9aBei0jc,Standard,7.5,7.5
w_JLILr64-Q,Standard,-1.0,-1.0
E9fNug6tAaw,Standard,8.5,9.5
-mSB16PrXWU,Standard,9.5,9.5
8kIzmbC6B3o,Reaction,7.5,8.5
qM3K1x4Ww9c,Reaction,8.5,9.0
nhqY1tKChTM,Standard,8.5,9.5
eB1fI8WHdxg,Reaction,7.5,9.5
i2WEK10Mu_M,Standard,7.5,3.5
ZWA0VTA93uk,Standard,9.0,9.0
5Gy9a2Ynjx0,Standard,3.5,1.0
DchWs7vQZtI,Reaction,1.5,0.0
fDEdcfX2vbY,Reaction,-1.0,-1.0
Nk6vz4_Jm10,Standard,-1.0,-1.0
zJyjQc-Q-QM,Standard,-1.0,-1.0
zqlpxlJnxyY,Reaction,7.5,8.5
H86MUFTA9Ac,Standard,7.5,6.5
CEJBmeGiCnU,Standard,-1.0,-1.0
7VAYF3tee1g,Standard,7.5,8.5
jkIiN6AbHS0,Reaction,6.5,4.5
-YaPAeqYnjw,Standard,9.0,0.0
U8TP6MZRPKg,Reaction,5.5,1.0
jbZmkVcOOOg,Standard,7.5,4.5
SI2ADO7lG4o,Standard,5.0,7.5
0n5tbZ1rjiU,Standard,3.5,6.5
U9kmCqAuYr0,Reaction,4.5,6.5
jY26Xu9-igY,Standard,8.5,7.5
Wah7Aqysri8,Standard,8.5,9.0
lbzH3dODIHI,Standard,-1.0,-1.0
Ng8FrfJhoOk,Standard,8.0,8.0
rL7hEL0fdB0,Standard,-1.0,-1.0
IfF5V22YmVo,Reaction,7.5,6.5
bUuuQSoZVT8,Reaction,7.5,4.5
mYHH_1rXhzs,Reaction,5.0,0.0
isYsmmL8dPg,Reaction,8.5,9.5
lLJdFD0WQBs,Reaction,8.5,9.5
9aMxGJ3_MlQ,Standard,7.5,8.5
DU2xG4NE93k,Standard,-1.0,-1.0
1Imkyh4anh0,Standard,-1.0,-1.0
W0WkWO6fZbQ,Standard,8.5,9.0
7zcvJ8LU7J8,Standard,8.5,7.0
lQrRi0P_HP0,Standard,4.0,0.0
hBtIKOjxXVA,Reaction,8.5,7.5
QtnqAoDHX4g,Standard,-1.0,-1.0
SQ54KKekcjs,Standard,7.5,8.5
GO0W3jQ4pk0,Standard,-1.0,-1.0
eUeHLEE3bQg,Standard,7.5,8.5
ihD-8JeGhlU,Reaction,2.5,1.5
NDWMlLAgMsk,Standard,8.0,8.0
wR4XNyiAd2M,Standard,-1.0,-1.0
GAJXn9Z7FRo,Reaction,8.5,9.5
CamqaUAKnmM,Standard,5.0,0.0
-AGxuwhMeMY,Standard,-1.0,0.0
IpJEP7fgZzU,Reaction,-1.0,-1.0
ga1dSgjmnfE,Reaction,8.0,9.0
fU_sw_h7qFo,Standard,7.5,8.5
t6G056Uc8Mw,Standard,-1.0,-1.0
wp3zonYYeuQ,Reaction,7.5,8.0
VLe6SgpntNU,Standard,-1.0,-1.0
RIyYOqwQZ3Y,Reaction,5.0,0.0
guikjCXR6D4,Standard,-1.0,3.0
AvAve8BjQSI,Reaction,7.5,7.0
yAfCK4OZMkY,Standard,9.0,9.5
VsVeSNQrbD0,Standard,8.5,8.5
ctxEttvo7MM,Standard,7.5,7.5
Dt_9s4XsL6I,Reaction,-1.0,-1.0
x23jXOWvKFY,Reaction,9.0,9.5
qkqukrdlAKw,Standard,-1.0,3.0
JV2aE5yJ7o8,Standard,-1.0,-1.0
hdEETQGx-AA,Standard,5.0,6.5
zy-p2_JBOKA,Standard,6.0,8.5
6a0ewIuBHWw,Standard,8.0,9.0
RGkCtGwKXX0,Standard,7.5,8.5
gMLtABM06zA,Standard,3.5,8.5
jLWE09L3zlg,Standard,2.5,3.0
9IRf3QNuUNs,Standard,-1.0,-1.0
XtKtTSMuKRc,Standard,-1.0,-1.0
sLxKeUUBbs8,Standard,8.0,9.0
_kCEBGAcUAE,Reaction,4.5,8.5
gDgfZ6LYafk,Standard,-1.0,8.5
IxampI5aPGY,Standard,9.5,9.5
16EXmQA9dO0,Standard,5.0,0.0
MBXOx_JjQ40,Standard,6.0,9.0
M4NZmXIm1Ec,Reaction,7.5,8.5
4_1x3TXQH_k,Standard,6.0,1.0
EsDKsR3w5Bo,Standard,8.0,9.0
tKY27Cg0oN0,Reaction,8.0,9.0
V2HwZ-SIfHE,Standard,-1.0,-1.0
cJhOaMd1aQ4,Standard,7.5,5.0
WgMb91a0nro,Standard,-1.0,-1.0
TV56pBBMUus,Standard,7.5,8.5
86an6hCKdKw,Standard,7.0,8.5
zEpl1mAB4Zc,Standard,8.0,8.5
iZEHB0ltGpc,Standard,7.5,8.5
u58me_OzDqE,Standard,3.0,4.5
yGite-jbeg0,Reaction,-1.0,7.5
3tXBYcpKqAI,Standard,8.0,9.0
3SgsjVm7R70,Standard,8.5,8.5
MpsM09d12Ak,Reaction,2.0,0.0
4QSGL0rrPTg,Standard,7.5,8.5
0HfmgO7Z6uk,Standard,8.0,9.0
ZHV4BGio6WQ,Standard,8.0,9.5
65BMsgwlULA,Reaction,-1.0,-1.0
0JD38uLlcBU,Standard,3.5,0.0
oXw0UNp60Zs,Standard,7.5,8.5
FiIz_T14iXM,Standard,7.0,0.0
cWikDaQKXRY,Standard,-1.0,-1.0
8tM-WEfbzE8,Standard,8.0,9.0
XqYbUYKVNiY,Reaction,9.0,9.5
mqPByWlf6qI,Standard,7.5,9.5
ogc1JbSm3Jg,Standard,8.5,8.5
rluOhFtprJM,Standard,7.5,7.0
-DJS8PEeoR8,Standard,-1.0,-1.0
1RYJLWuAD-0,Standard,8.0,9.0
j_tE_K6eXRw,Standard,7.5,7.0
LjiZp0wX-uk,Standard,6.5,6.0
VlCtg7NpJto,Reaction,5.0,0.0
QJV3EA8U-QI,Standard,4.0,0.0
ZPY0GVkzlC4,Reaction,7.5,6.0
koP-nzoq7pI,Standard,-1.0,7.0
Q5N5Rc9SPnk,Standard,4.0,7.0
k66TvNXtdEQ,Standard,9.0,9.5
lOLZRLwCPfo,Standard,7.5,8.5
cZfq51jC9X0,Standard,3.5,1.5
UJ7Ab6x1LoM,Reaction,7.5,8.5
2xypWFc0Sd4,Reaction,-1.0,-1.0
G_xJxZucGnM,Reaction,-1.0,-1.0
gLCePQ6c1c0,Standard,2.0,8.0
hzhbNJ0fDp8,Reaction,7.5,9.0
MaWsfUFuxjU,Standard,9.5,9.5
7aCqXQkhiQg,Reaction,5.0,4.5
yoMTQkfMJ9s,Standard,8.5,7.5
YSomRu3MSd8,Reaction,3.5,0.0
YBlsBV1iPp0,Standard,6.5,6.0
wtkrZERjL3Y,Reaction,4.5,1.0
dEBbsvFzJug,Standard,-1.0,-1.0
KtV5UgbS5SU,Reaction,7.5,8.5
_uvY_jdxovA,Standard,7.5,7.5
MmI4-9do9cw,Standard,-1.0,-1.0
2xnCy7NnnxM,Reaction,9.0,9.0
2rXHvfvoAkc,Standard,-1.0,-1.0
aS20s4Yljd0,Reaction,8.5,9.5
XWLKkHylTVw,Standard,7.0,6.5
18hT91uKhb8,Standard,-1.0,-1.0
7wa1R7y7y0o,Standard,7.5,6.5
JUiDcj8CVbo,Standard,6.0,7.0
Bhc3w7BDhpk,Standard,8.5,4.5
KR4m4HRCTCk,Standard,10.0,10.0
gqc7gEgzIfE,Standard,7.0,2.5
7Ira89DkMr8,Standard,5.0,0.0
uJc3H6YwSTQ,Reaction,9.0,8.5
_TRxrXDaTuw,Reaction,-1.0,-1.0
fYI1nvNq3RE,Standard,-1.0,5.0
bM5B3dzN90s,Standard,5.0,8.5
6FgLkB06o2A,Reaction,7.5,8.5
goa0X32Vl0c,Reaction,6.0,1.0
ZYKpbZV_Kdo,Standard,8.5,8.0
2u0pes_U3vM,Standard,7.5,8.0
L2rx_ibKQ9I,Reaction,4.5,0.0
UxDPeD-I5y8,Standard,-1.0,-1.0
EN0hGhxWAqM,Reaction,2.5,3.5
YmKbefOcEXM,Standard,7.5,6.5
J-0mVBlwWOw,Reaction,8.0,8.5
58baochrqPk,Reaction,7.5,6.0
wjzvWb8aQlI,Reaction,7.5,2.5
PtD6wf__CMs,Reaction,7.5,7.5
iGQp3gpYKtM,Standard,-1.0,7.5
IqGp_dFRzxU,Standard,4.0,0.0
fSteh66ftKo,Standard,8.0,9.0
9SVYc3jmlQ8,Standard,7.5,9.0
LyE54iAIQ1A,Reaction,8.5,9.0
r0YgmOuIuz0,Standard,7.5,8.5
yCYMrpD317U,Reaction,-1.0,-1.0
ncADpK8JzCU,Standard,-1.0,-1.0
YuhheFJrj2Q,Standard,9.0,9.0
6gbb6yV-e4Y,Standard,5.0,0.0
AiUpL8B8lQw,Standard,9.0,9.5
aKqK_135-Eo,Standard,8.0,9.0
1a4q8_Caldo,Standard,7.5,9.5
QejP4aoDQEM,Standard,7.5,9.0
33MH5gXh1l4,Reaction,8.0,8.5
38Btghp-bMw,Standard,7.5,6.5
ICK5ZW-_NvU,Reaction,-1.0,-1.0
uZcsO4bvAig,Standard,-1.0,-1.0
GBnblsQom50,Reaction,-1.0,-1.0
Zb6LC-jo14o,Standard,-1.0,2.0
QMaVdYfJzUU,Standard,-1.0,-1.0
oBGtz50La1g,Reaction,8.0,9.0
qh8pAZovmgs,Reaction,7.5,8.5
2sE4SiRryM8,Standard,8.0,7.0
zWCjlp5xqyc,Reaction,3.5,0.0
ubYwWHEBN94,Standard,6.5,0.0
6OxWUb31AnI,Standard,6.0,8.5
nLoIhlZlxLc,Standard,2.5,8.5
hokha958Lsk,Reaction,9.0,9.5
GTIv4FtWuMU,Standard,7.5,7.5
pr6uhpX1MMw,Standard,5.5,0.0
Xb3sQ1Es8Cc,Reaction,8.5,9.5
SShaV2Eondc,Reaction,-1.0,2.0
dRYwBKuJ-58,Standard,-1.0,3.5
hONt4aqXgOs,Standard,8.0,7.5
ZHTyJWm3d4s,Standard,2.5,3.5
vG-KyQ-DusI,Standard,-1.0,-1.0
3ZyEWGIutXc,Standard,-1.0,-1.0
fZxLhDoTnIY,Standard,-1.0,-1.0
fkvlx6HuKhg,Standard,-1.0,-1.0
CH3z6cw3bPk,Standard,-1.0,-1.0
o4Cv8Tc0k8s,Standard,-1.0,-1.0
fTxFio6nc0o,Reaction,8.5,8.0
rhXZ72hIXzc,Reaction,7.5,8.5
HAnHaILnO6Y,Standard,-1.0,-1.0
xklmaM0ovRA,Standard,3.5,9.5
bghnW9rR2ns,Reaction,9.0,10.0
rM3M-Wzvlm8,Standard,5.0,3.0
5Oe3us5ovJY,Standard,-1.0,-1.0
2bXPIXF-k_c,Reaction,8.0,9.5
nFBSBXKRRoI,Standard,5.0,0.0
IXwdmVL3pOA,Standard,8.5,9.0
ydv7cWt_5q4,Reaction,8.5,8.5
y5yIt5kkXcs,Standard,-1.0,-1.0
Y65jprCBT3w,Reaction,5.0,8.5
ymnWTprH0ZY,Standard,-1.0,-1.0
CIt4bDmq49U,Standard,8.5,9.5
FkMxLuL-ISs,Standard,-1.0,-1.0
RFNeHsffp6g,Standard,6.5,8.5
4z48hNwiPNU,Reaction,-1.0,8.0
DmqkQBb7ZTA,Standard,9.0,9.0
cOTcY1hKcr8,Reaction,8.0,8.5
YGrP3VaWi5s,Standard,-1.0,-1.0
8texBDOOC-4,Reaction,6.5,0.5
xwTpv0mM84c,Standard,5.0,0.0
kGoG61rgCQM,Standard,6.5,0.0
O1pUiAbg7FI,Standard,8.0,9.0
XxilkTu5UfA,Standard,7.5,6.5
c-X6lRit8E0,Standard,6.5,2.5
2zU8vJbsOBc,Reaction,-1.0,-1.0
sqro65qnYA4,Reaction,-1.0,-1.0
EcICpvPJDjU,Standard,8.5,7.5
ffdjDv9VsYg,Standard,8.5,9.0
6I8cSxRq0_M,Standard,7.5,6.5
S6BigalNs1c,Standard,-1.0,-1.0
goZxXRZ08aM,Reaction,-1.0,-1.0
r-TlkySB90k,Standard,5.0,0.0
MUJvgrnAMQg,Standard,7.0,0.0
6VLACZnGyUI,Standard,5.0,0.0
kAKUZfFn5P4,Standard,7.5,7.5
vA245NAPUtc,Standard,7.5,0.0
dJgT5qjliN0,Standard,3.5,2.0
5Ygrvz5wVak,Reaction,7.5,6.5
x1CzXh8K9YI,Standard,6.5,1.5
YoR9-7J2Ot0,Reaction,7.5,6.5
Tya4Za05NVA,Standard,3.5,0.0
1ElMwIBrMns,Standard,7.5,8.5
21GMqcBJFNU,Standard,6.5,2.5
qGrpzM20veE,Reaction,-1.0,5.0
QuyeHkBFACU,Standard,-1.0,-1.0
Mpf740E_pNk,Standard,2.5,0.0
yE9m0AMi4mM,Reaction,2.5,1.5
FTRA0IRQ570,Reaction,-1.0,7.5
v-YxnbP1J_U,Standard,7.8,8.8
slxsThKYGNg,Reaction,6.5,8.5
gNBxejW5Pcw,Standard,7.5,6.5
S-kmyQwi9TU,Standard,-1.0,-1.0
4LRBXSBBVsA,Reaction,6.5,8.0
ILzGnXPykMM,Standard,8.5,9.0
7Q9ODDytMD4,Reaction,8.5,9.5
njaT42zLLuc,Reaction,7.5,6.5
TzLyFT6gWE8,Reaction,8.5,7.5
dZutPSZDipg,Standard,2.5,7.5
ZCawfA-fssg,Standard,7.5,7.0
vnmphh9LuxI,Standard,7.5,8.0
mOr5sFr9yH0,Standard,-1.0,-1.0
mzMUEzMvj7M,Standard,6.5,0.0
5CY68jG1mzk,Standard,-1.0,-1.0
2yWFR6Zk7Y4,Standard,-1.0,-1.0
R8tBqfR9g5E,Standard,8.5,9.5
uMTsRuBC_VA,Reaction,7.5,6.5
jsScUt2Vugs,Standard,-1.0,-1.0
4IgHhGxfWd4,Standard,7.5,8.5
14wpzXFOu8c,Standard,6.5,7.5
oH-AYTUfrJQ,Standard,-1.0,-1.0
R9OHbQ5Qlro,Reaction,8.0,9.0
FFEJzehX5MI,Reaction,7.0,7.5
AaGZFUa_lCs,Standard,-1.0,-1.0
llc1IY-KRis,Reaction,8.5,7.5
KtpPtYyBCEU,Standard,5.0,0.0
-wxiRFCMZ9M,Standard,5.0,0.0
6p1-Oe0Knsg,Standard,-1.0,-1.0
P0Sw3_CP-KQ,Standard,-1.0,-1.0
yqMLh_LFxA4,Standard,6.0,8.5
A3KbkoS3EI4,Reaction,-1.0,-1.0
GWiAUZE_xg8,Standard,6.5,8.5
KJXrpRgmaUk,Standard,8.5,8.5
ItvTQNAecxQ,Reaction,7.5,9.0
fY7dmEhv4xg,Standard,5.0,0.0
0DqjN0xIlKE,Reaction,-1.0,-1.0
JLZYnJQLyxU,Reaction,8.0,8.5
Bd7LjvW_7lc,Standard,8.5,9.5
O6G3aNiNrhs,Reaction,8.0,8.5
4PqijuK54is,Reaction,9.0,9.5
vvn64Ig9y-w,Standard,7.5,0.0
lMhUsPM0Z80,Standard,-1.0,-1.0
-2jGNyGL2y4,Reaction,7.5,7.5
SsJcNlihaps,Standard,7.5,8.5
Zry-_l1xgVQ,Standard,7.5,8.5
SQ6tI_QrycU,Standard,7.5,9.0
ymd0dn89VpU,Reaction,8.5,9.0
oF7jD3_kFuA,Standard,-1.0,-1.0
5Qv0J-yGPMY,Standard,6.5,9.0
90IjKqikXxs,Standard,5.0,8.5
RMzhQPuSroE,Standard,6.5,4.5
1Z8sf61Rdns,Reaction,7.5,8.5
eQWNQjbhnJE,Standard,6.5,9.0
WN0PtGa86ew,Standard,7.5,8.5
Z-l0palKsQw,Standard,8.0,3.5
AnG984jSgKU,Standard,-1.0,-1.0
Rr5dlbbgQ7E,Standard,-1.0,-1.0
WxHcmrOf8UI,Standard,7.5,8.5
veA12fNxATo,Reaction,7.5,8.5
PRFvpmd65-o,Reaction,7.5,8.0
Cp4fLCVBFrs,Standard,7.5,9.0
OKh--o7vs6Q,Reaction,8.5,9.5
ELeGd1upOSk,Reaction,7.5,1.0
2hBm3Pew5vQ,Standard,-1.0,-1.0
MnWjFl6BlXg,Standard,6.5,0.0
9R04EQgVQIA,Standard,-1.0,-1.0
d8vjjs9fo6M,Standard,1.5,7.5
uB-XGt-UMfQ,Standard,7.5,8.5
Y_kGd6ojJEE,Standard,-1.0,-1.0
7WfH3LsBb-Y,Reaction,7.0,9.5
2JunuYdEfGs,Standard,-1.0,-1.0
5zOhJSO_-jI,Standard,-1.0,-1.0
1HGRnaM9PJw,Reaction,7.0,8.5
yB-X04YIRII,Standard,6.0,8.5
eimfJHnjpEg,Reaction,-1.0,7.5
cQblDbUJh5k,Standard,-1.0,-1.0
wjl--j5-r4g,Reaction,9.5,9.5
mL3YIcqtYS8,Reaction,8.0,9.0
hCQEi_DEvhE,Reaction,6.0,8.5
-UW29FTkuRE,Standard,7.5,8.5
tJnWSJjABFA,Reaction,6.5,5.0
ktEIU8Wgws0,Reaction,8.0,8.5
1LzSfDj7jmI,Standard,6.8,7.5
Wo2hMAiQ7sU,Standard,-1.0,-1.0
jp-YAPtcLf8,Standard,-1.0,-1.0
SnFktKvT4iI,Standard,-1.0,-1.0
dCYACGvf8J4,Standard,-1.0,-1.0
69qzWN40Epw,Reaction,4.0,0.0
GyO4jtTZgfU,Reaction,8.0,9.5
XFAESY7o8Kg,Standard,4.5,7.5
eupjydePzLM,Standard,8.5,9.5
zls7B-eIbYU,Reaction,7.5,8.5
nWomm-xxo6k,Reaction,5.0,0.0
Ke0Laz9n0e8,Standard,8.5,9.0
2v6whDqiibw,Standard,-1.0,-1.0
ykEZ7OV6cwQ,Standard,-1.0,-1.0
oLm7M3q-H_Q,Standard,7.5,8.5
x7qtni5XbjY,Standard,7.5,0.0
2W9F1evhCWc,Standard,-1.0,-1.0
mauxq4jctfs,Reaction,7.5,8.5
kp04RVXFmBc,Standard,-1.0,-1.0
egLjpwujpQY,Standard,-1.0,-1.0
y13iSLT3nhQ,Standard,7.5,9.5
6BgA6Zg76qg,Reaction,-1.0,-1.0
JyR4tU0j7LA,Standard,-1.0,-1.0
s2kM8bM31yA,Standard,-1.0,-1.0
SrYHXQGU36U,Reaction,8.0,9.0
6V3TAhZQT4U,Reaction,7.5,9.0
3RFKXoE3Pb8,Standard,-1.0,-1.0
h2gY_oz7F80,Standard,6.5,8.5
ugDM1o9-l88,Standard,-1.0,-1.0
-mweph5saoQ,Standard,1.5,8.5
9WE_n6AyMNM,Standard,2.5,0.0
yWl4rVpOxbA,Reaction,6.5,8.5
P1UYKlwrK_I,Standard,7.5,8.5
Ezqe8xp6Noc,Standard,7.5,9.0
15SvyJSgYXI,Reaction,8.5,9.5
xo11GvbwSLI,Standard,-1.0,1.0
Un3w98EX5uo,Standard,8.5,9.0
QReCKyhBjy8,Standard,5.0,8.0
75glFIZG-pI,Standard,-1.0,-1.0
iFvf95jGFvA,Standard,7.5,7.5
oRAQ5asiEPk,Standard,5.0,8.5
WcgOmBMo7XU,Standard,5.0,0.0
ylblEKYYumQ,Standard,5.0,8.5
ak703r_b8zU,Standard,7.5,7.5
lZaxCAXmiqc,Reaction,8.5,8.5
XWxsh7VnNvI,Standard,9.0,9.5
6MbAG3vxq4g,Reaction,8.5,9.0
EW5fPE2iNEM,Reaction,8.5,8.0
GOxfTqKADQ8,Standard,5.0,0.0
ofSfGeRyQRI,Standard,-1.0,3.5
USc8QyzxXxw,Reaction,3.5,1.5
_JNHKhkBpkM,Standard,-1.0,7.0
EYuQ-KYCXEQ,Standard,3.5,6.5
ua6Saqkj6lE,Reaction,7.5,9.5
VHDBzGaEV5M,Reaction,-1.0,-1.0
smOJX8hoLDo,Standard,9.0,9.5
VsEv1W7gIjI,Reaction,7.5,8.5
JFlqoE5QmkE,Standard,8.0,8.5
DRiIkGffIYM,Standard,2.5,0.0
Y5Vk8tuchYY,Standard,-1.0,-1.0
u2YDA3AU784,Standard,7.5,8.5
XnhgakK4EZo,Reaction,-1.0,-1.0
kNc7Wu0TVuQ,Standard,7.5,8.0
Pi9A2v2sZi0,Standard,8.0,9.0
Z0lDIybAM9I,Standard,-1.0,-1.0
W5dKJ-j04dY,Reaction,7.5,8.5
x_YwyTry8jE,Standard,9.0,9.0
1HFz4uiQz6s,Standard,8.0,7.0
7fj59Xechlo,Reaction,-1.0,0.0
TSejWCPRamM,Standard,9.5,10.0
fcvIYO80wCg,Standard,-1.0,0.0
hCWNAXe3QEM,Standard,5.0,0.0
fPujkm01dLw,Standard,8.0,8.5
gHVYGWqDZyM,Standard,6.0,5.0
-eViRqZLHe4,Standard,5.0,0.0
OPyhfdnJMjM,Standard,8.5,9.5
FUYpqI1Anho,Standard,9.0,7.5
miPviHDVxKM,Standard,-1.0,-1.0
4KHYH0hEccI,Reaction,-1.0,6.5
Rc7lNAg3D5c,Standard,7.0,5.0
c69a8vzLwBM,Standard,5.0,8.0
pTYepydtVO0,Standard,3.5,9.0
OQgRuSBuh0Q,Reaction,8.5,9.5
UMFr02MKp0Q,Reaction,7.5,8.5
ImNHrk2mwgs,Standard,-1.0,-1.0
FbZNjzY603c,Reaction,-1.0,-1.0
9n3RSLn3j8k,Standard,7.5,6.5
9vniJseLccY,Reaction,-1.0,-1.0
BN87eStFI60,Reaction,7.5,9.5
h2TN_jwZKAo,Standard,-1.0,-1.0
34wpmUjKtLw,Standard,-1.0,-1.0
rr8JUrRNofo,Standard,-1.0,-1.0
aTo_AxyuzCU,Standard,-1.0,-1.0
PZ3DcMTsAHM,Standard,-1.0,4.0
sXgKhTgu8Lo,Standard,5.0,7.5
rH7DC4N-kAc,Reaction,7.5,6.5
rHIfyQiz4oQ,Reaction,8.0,9.0
yKjxij-F_ss,Standard,-1.0,-1.0
Bt6yzMQqC64,Standard,8.5,8.5
x8bpQMjQeaI,Standard,-1.0,-1.0
q2CEk60JlyE,Standard,8.5,8.5
7_aqUAmKICM,Reaction,-1.0,2.0
6_l3aJ0JnF4,Standard,-1.0,-1.0
DRg-QXxBEbQ,Standard,8.0,9.0
kfDyRmI59Ek,Standard,7.5,9.0
HhF_h_VIIkI,Reaction,-1.0,0.0
KAfHfeu9Sak,Standard,-1.0,-1.0
YbyHBw4WyGI,Standard,-1.0,-1.0
fKFgpdubUT4,Reaction,7.5,8.5
ph_F4a6C9tg,Reaction,-1.0,-1.0
5GV-AWKbmfk,Standard,-1.0,-1.0
JjTgANl1C-Y,Reaction,-1.0,-1.0
iWWse84f-S8,Reaction,7.5,8.5
oe0CkaDPEM0,Standard,8.5,9.5
wQSUK-OmD6U,Standard,8.0,8.5
T5FRKNnNSjI,Reaction,8.5,8.5
9trCPk0FWz4,Standard,5.0,0.0
3u5SY_IrL64,Standard,7.5,8.5
x6Utwc68-Wg,Standard,3.5,0.0
kRy2FoXSNdI,Reaction,7.5,8.5
gjb7Enbfh0I,Standard,-1.0,5.0
BrrUBJuW4eU,Standard,-1.0,-1.0
h-Yciwih4-c,Standard,6.0,8.0
cTkjPsf7eAI,Standard,8.0,9.0
-pDzrGEkp-k,Standard,2.5,8.5
8otcLA36pjI,Standard,8.5,8.0
yPtbqvUzuyc,Standard,-1.0,-1.0
8_zNEGb1Mr0,Standard,7.5,7.0
b1ocfjYStMU,Standard,2.5,7.5
lisuectqBoQ,Reaction,8.5,9.0
pRFGmYRqjlY,Standard,7.5,0.0
IOOyZt1V23w,Standard,7.5,8.5
fTc21fjs9bg,Standard,7.5,7.0
P6Ad7SWOV7g,Reaction,-1.0,-1.0
QCqSNjSI_2c,Reaction,-1.0,-1.0
-dy81resIG8,Standard,8.0,9.5
oEqz4oIYxTs,Standard,4.8,0.0
yp5DYVMbs8A,Reaction,8.5,9.0
YKjYMLlfIOE,Standard,-1.0,-1.0
oQa8EQrs08M,Standard,5.0,8.5
XUHBFk2MQDM,Standard,2.5,0.0
_peB9RcRx-c,Standard,-1.0,-1.0
m1GUQrI8KvQ,Standard,7.0,0.0
ZBR7V6_WkZ4,Standard,-1.0,-1.0
OGTMNNwvsBs,Standard,9.0,9.5
1jDEcL_IhaE,Standard,7.5,6.5
uGmvuKeHBxQ,Standard,-1.0,-1.0
GMyfkq74J9E,Standard,3.5,0.0
2actqkLFpuc,Standard,8.5,7.0
8a9_V1E9Loo,Standard,-1.0,-1.0
ayMyhZ4A_vk,Standard,-1.0,-1.0
tZEeQsblYjw,Standard,8.5,9.5
3RNWPVg5BEQ,Reaction,8.5,9.0
wIP-dY0Dr44,Standard,8.5,1.0
vSI1opg9RGo,Standard,5.0,0.0
WRcLhNkfnYE,Reaction,-1.0,0.0
TKZmVE-_LgY,Standard,8.5,9.0
LSdM4n6eKoM,Reaction,-1.0,8.0
e-muTZe7ALY,Standard,8.0,9.0
DFLp0TJiRI4,Reaction,-1.0,8.5
XYJ0xVfx_X8,Standard,-1.0,3.0
7HOq0t4iWEE,Standard,7.5,7.5
L6eTjyVerrg,Standard,-1.0,-1.0
S9swMX_0x9k,Standard,8.0,9.0
hpAGSSkX9Is,Standard,-1.0,-1.0
GAzDRD86eAs,Standard,8.5,8.5
xOXrBxAAmL0,Reaction,2.5,0.5
89Vo4R1fPbw,Reaction,7.5,8.5
AWOQXxp_fDE,Standard,-1.0,-1.0
t2rL1YMjBm4,Standard,8.0,9.0
L-ZGKxxy4SE,Standard,8.0,9.0
FPi0HzqFydA,Reaction,-1.0,-1.0
gEJJtzWk1Oo,Reaction,4.5,8.0
PTX3ve2oD2w,Reaction,8.5,7.5
NCS5-pstz2A,Standard,7.5,8.5
3TtZPwTP0cA,Reaction,4.0,8.5
nqbG6ii6FtE,Standard,-1.0,-1.0
uT2oOV_wBjI,Standard,8.5,9.0
CGUSsTlA9uY,Reaction,-1.0,7.5
ZvSuIig-kOw,Reaction,-1.0,7.5
rJ4qVbRcej4,Standard,-1.0,-1.0
kLmZEwJKlwQ,Standard,-1.0,-1.0
Nt5yBywaSD0,Standard,-1.0,-1.0
rDhiLbdMAQ4,Standard,-1.0,-1.0
oyd53LXU-E8,Standard,7.5,8.5
POM7hJwuqNY,Standard,-1.0,-1.0
epBvJ9MJTW0,Standard,7.5,6.0
YRBQK-7fE3w,Reaction,4.0,0.0
8eGLyipj4cM,Standard,-1.0,-1.0
OI1tiZf2sxo,Reaction,7.5,8.5
7u5nF-_khPA,Reaction,7.5,9.0
d3T80wWgaHk,Reaction,9.0,9.5
x1jtxoL3bVg,Reaction,8.5,9.5
cZoMKr0HCdE,Standard,7.0,6.0
zp8SeKQoTYs,Standard,3.5,8.5
_Clsluf7CsA,Standard,5.0,0.0
AehaBjjs4eU,Standard,7.0,7.5
cOg8gJjeOxY,Reaction,8.5,7.5
mQzcXAee-M0,Standard,8.0,9.0
dhLZclpXynk,Standard,8.5,7.5
s74yV3IT9Og,Standard,8.0,9.0
rTu6uWYKpVk,Standard,8.5,8.5
CGtWDZPo2uc,Standard,-1.0,-1.0
mqi8qpVsXW4,Standard,-1.0,-1.0
6A0Z_KZJgNo,Reaction,1.5,0.0
1x_dnFEHutI,Reaction,8.0,7.5
X5L4dYdFiZU,Standard,8.5,9.0
iAzGhtgLC-4,Standard,7.5,8.5
kRpHHjFceDk,Standard,-1.0,-1.0
HyuPm19GLv0,Reaction,7.5,8.5
RBDdj70fgLU,Standard,8.5,9.5
ePI8NOl9htU,Standard,7.5,7.5
FGT8bSmWxZk,Reaction,7.0,6.5
iGsjnXi94TY,Reaction,4.5,0.0
pTKsVJlRr04,Standard,8.5,9.0
jSHMZw1Na5g,Standard,6.5,7.0
BqKZnmMmD64,Standard,-1.0,6.5
DvqmYlSZySE,Standard,8.5,8.5
oGxAwEjV5Bo,Standard,-1.0,-1.0
aRqMaAUwgT0,Standard,7.5,7.5
gCleTzOSgsM,Standard,-1.0,-1.0
1W9VeoDbr-g,Standard,8.5,9.5
nd40-CWQa7w,Standard,-1.0,-1.0
TTAHkmgj8X4,Reaction,-1.0,5.0
4H0KXXp3GaY,Standard,7.0,7.5
T5HZGZTSJ78,Standard,7.5,7.5
BetvyEnZZVY,Reaction,8.5,9.5
vbiOmfh-6fM,Reaction,6.5,6.0
3UCayAdYbHk,Standard,5.0,0.0
gH4IKa-BsAA,Standard,7.5,3.5
2eG2yrCMvJY,Reaction,4.5,3.5
5AgLao9xrZ0,Standard,8.0,9.0
b_hyVeKGva0,Reaction,4.0,0.0
RS66wGRQCqg,Standard,-1.0,-1.0
FONVcd0-Kf0,Reaction,1.5,7.0
eIOc2c-vHWI,Reaction,3.0,0.0
5nNCA1JlJ6I,Standard,5.0,8.5
9AbEfD17N5A,Reaction,3.5,0.0
3mPPnLLG26k,Reaction,7.5,8.5
X_t_FRgEHBs,Standard,-1.0,-1.0
QbDgvgcH9ec,Reaction,7.5,9.0
bX_pMf2Gfvc,Reaction,8.0,8.5
16NC1wA7sI0,Standard,-1.0,-1.0
uwDXd9_2ILI,Standard,-1.0,-1.0
SEFDPDyw1no,Standard,-1.0,-1.0
8V1E3U8gHe4,Standard,-1.0,-1.0
m_RQFEEcaLs,Reaction,8.0,9.5
yc0pmXxVZoc,Standard,-1.0,-1.0
8_xUH9rDn8I,Standard,9.5,9.5
JvaxIsfrW7k,Standard,-1.0,4.0
2XUSD7oPHBo,Reaction,8.5,9.0
dsysWNj-eOg,Reaction,8.5,9.0
dRixDjuzw3I,Standard,-1.0,-1.0
x5ybQxw1SSQ,Reaction,-1.0,-1.0
K-H6oy3PqIU,Standard,-1.0,-1.0
VwZIHHAkWUc,Standard,6.0,6.0
NFerIiEBQVs,Standard,-1.0,-1.0
UyPdddQ8zd4,Reaction,7.5,6.5
SpDGKiNOesc,Standard,7.5,8.5
bBa9GXde9HY,Standard,8.5,9.5
qPd9XVCqd08,Reaction,6.5,6.5
Fx5puY9EMa4,Standard,7.5,7.0
8fNBp3f60r4,Standard,-1.0,-1.0
Yx621HgQgBE,Standard,5.0,0.0
dl2vKwMT3h4,Reaction,7.5,8.0
dWKeMhERoyg,Standard,6.5,0.0
k5Efg3ak9Zk,Standard,8.0,9.0
BsjJUlrxSBA,Standard,8.0,8.5
QI5D5lsvxOE,Standard,-1.0,-1.0
GJn95Avp6G4,Reaction,3.0,7.5
lKn5_FII8vQ,Reaction,7.5,8.5
iDeDtj6DNXc,Standard,7.5,8.0
nHqXiM6yL5g,Standard,7.5,8.5
wrNLL3-4i2Q,Reaction,7.5,8.5
yO2WFXGZewQ,Reaction,-1.0,-1.0
ccDh-dhV9i4,Reaction,5.0,3.5
1OxzRdan0Ak,Standard,-1.0,-1.0
C2B9X0e4t8U,Standard,8.5,9.0
xGSCqKf71E8,Standard,8.5,9.5
WevXS_0GbmM,Standard,-1.0,-1.0
NLu_CeiROp4,Standard,8.0,9.0
1HsOJOnrE-I,Standard,8.5,7.5
xEENUoy-CsA,Standard,6.5,7.0
gn3VeMPNs1U,Standard,-1.0,-1.0
4MqwotA8nJY,Standard,2.5,6.5
wbC0DoHiGag,Standard,6.5,8.5
Wpu2qL6lEno,Standard,4.5,0.0
jeWBY0sL8Xo,Standard,8.0,9.5
X0fMWDr_5CQ,Reaction,7.5,8.0
KD0dDZ3v0h4,Reaction,7.5,9.0
pUY4ZUejvps,Reaction,2.5,0.0
QzaWFnmFGxA,Standard,8.5,8.5
7l796sYLbmQ,Standard,8.5,7.5
tnuUgHRDF_s,Standard,-1.0,-1.0
6DxyOmL7Fxg,Reaction,7.5,7.5
GMZ4XXEKS94,Standard,3.5,0.5
0OeDo2gupRc,Standard,7.5,7.0
1eXo-lt5skI,Standard,7.5,8.5
_ByKMZ1NAe0,Standard,2.0,7.5
Q5BnWorKD_Q,Standard,8.0,9.0
p5PsCdvDr00,Reaction,3.5,0.0
PNpkboFH5gQ,Reaction,8.0,9.0
5dIbn0sIe5E,Standard,8.5,9.5
NhqhC_4GW0U,Standard,-1.0,-1.0
dtoorj7i5q4,Standard,-1.0,0.0
2qycoN4Cmbw,Reaction,4.0,0.0
SFyquTDetok,Standard,7.5,9.0
DGby7ZnhLJQ,Reaction,7.5,8.5
B9GHWso1h5Q,Reaction,8.0,8.5
gjmwLtQaK-I,Standard,6.5,7.5
hEgZg20kKVk,Standard,-1.0,-1.0
-Nj7DdG9wus,Standard,7.5,9.5
jr7aRiFrn5M,Standard,-1.0,-1.0
q-gGTOu7s1M,Reaction,4.0,0.0
nKIi0hGuDUM,Standard,-1.0,-1.0
2qNPUi65bEo,Standard,5.0,0.0
UraKKuyRij0,Standard,7.5,8.0
snCu3Y5Iz9k,Reaction,7.5,8.5
htsNlC7ixGA,Standard,9.0,9.5
pfAdKbttlTw,Standard,-1.0,-1.0
SYYDxJDmfSk,Standard,-1.0,-1.0
aWjvKTp-hRE,Reaction,-1.0,-1.0
pQTWszXhCIg,Standard,8.5,8.5
ImUcXbdrxAo,Standard,8.5,8.5
LpKxdnjNqEQ,Standard,8.0,9.0
kHy72jNHRTE,Reaction,6.5,7.5
M4hjY5H7d6A,Reaction,7.5,8.5
a4hlQeZ43Dg,Reaction,8.5,8.5
9VS5PnrgXow,Standard,-1.0,-1.0
q95Ws4w8RN4,Reaction,8.0,9.0
T3Ay4btqrNE,Standard,7.0,9.5
0ywKPpRTPdA,Standard,7.0,8.0
Uecp-uqIuK0,Standard,7.0,5.5
2lvDBrAIHHM,Standard,-1.0,3.5
TbJqu_Iytu4,Standard,8.5,8.5
Gr-k_MRUAWM,Standard,7.5,8.5
NWWeBceYuQY,Standard,-1.0,-1.0
SFZJHPYOvjQ,Reaction,8.5,9.0
1-SWu4CA5jI,Standard,8.5,9.0
a-8A_fJzwlU,Standard,-1.0,-1.0
_kXF_nDE1wQ,Standard,-1.0,8.5
F-MGNnfD7Fc,Standard,7.5,9.0
JUnJB-tiRwQ,Standard,-1.0,-1.0
ZBJng-W_3cg,Reaction,2.5,4.5
RjionKFFiQs,Standard,7.5,8.5
BnaYDCZPTSk,Reaction,5.0,0.0
TeZVVMhVM0w,Reaction,-1.0,-1.0
zVXPJLzPym4,Standard,7.5,9.0
UTXp16-ODm4,Standard,5.0,0.0
uWTjomQkWZ8,Standard,-1.0,-1.0
AlRUS-NL484,Standard,3.5,0.0
SzB1Ihaj0q8,Standard,-1.0,-1.0
wK4g-hSMsBs,Standard,6.5,3.5
LzvKi150OO4,Standard,-1.0,-1.0
yZ6wH5Bfx7E,Standard,-1.0,-1.0
c9kCLM51UHY,Standard,8.5,9.5
RpAmMJvdE9M,Standard,-1.0,-1.0
IJjqlSnpoU8,Standard,3.5,0.0
0PbFqK8vDwQ,Standard,3.5,7.0
NPSd0iwilR8,Reaction,7.5,9.5
P21rS1zNLGc,Standard,7.5,9.0
ToAtWKT8qOI,Reaction,-1.0,0.0
gHhg1BBtxFw,Standard,2.5,7.0
9iDS3rXetT0,Standard,-1.0,-1.0
HVLGpIKfAFc,Reaction,8.5,9.5
g1QB6Bc-CMU,Standard,-1.0,-1.0
Lf7u73faSVk,Standard,5.0,7.0
Wqqxta7QkRM,Reaction,4.5,0.0
eQ5SMIqNFzE,Reaction,-1.0,-1.0
M2h93vR5rYQ,Standard,-1.0,-1.0
t4xuMDOvvIM,Standard,7.0,2.0
IF9QlrDcdAE,Standard,-1.0,-1.0
2pGeLJ231Bk,Standard,-1.0,-1.0
O39ISGvDgrQ,Standard,9.0,9.5
vp1PAnlnUe0,Reaction,-1.0,-1.0
kUGBUP5mUlI,Standard,8.5,8.5
rDQU2xdeTeM,Standard,-1.0,-1.0
GU-XE1QksPE,Standard,-1.0,-1.0
Mr8zjBUF8LQ,Reaction,6.0,8.0
ItUX-Q4mnhs,Reaction,7.5,9.0
7VfcNW4lKGg,Reaction,7.5,1.0
Aod_AQFhNuE,Standard,2.0,0.0
yFKhmjx_ovg,Standard,-1.0,-1.0
4Qb41J1rftg,Standard,3.5,0.0
IFRqC_91ZSs,Reaction,8.5,7.5
sMh_zTJ_3eU,Reaction,-1.0,-1.0
mqSSuRtwXmw,Reaction,5.0,2.0
zez8J45wtPQ,Reaction,9.0,9.5
TEsIq1Bp8jo,Reaction,8.5,9.0
pwIzsQLwWC4,Standard,-1.0,-1.0
GkcmIaT0UPw,Standard,7.5,5.0
bJtLhOalYbs,Standard,8.5,9.0
t_J0O_WYBKw,Standard,6.5,6.5
GxNuCLDvt7I,Reaction,7.5,7.0
PHlUWBTiOl8,Reaction,8.5,9.5
5XL8AhZgcmo,Standard,7.5,8.5
A5a7PFd0wrc,Reaction,-1.0,-1.0
mxjKnrBQkOE,Reaction,-1.0,8.5
EhXm7HU3x7g,Reaction,8.0,7.0
4Hk6Qy6FnhI,Standard,-1.0,-1.0
kjuiS5g--cw,Standard,-1.0,-1.0
tLdM3VikmEo,Standard,7.5,8.5
TRwypxcrRls,Standard,3.5,6.5
4UgO6zbVdK0,Standard,7.0,0.0
51g5BHlxPns,Reaction,3.5,1.5
k8B87sAnphc,Standard,7.5,7.5
GANz-sGvCyY,Standard,7.5,8.5
dELu56RWGVk,Standard,-1.0,-1.0
h64pPReXqVI,Reaction,5.0,0.0
Zy1R63Bu-Fk,Standard,-1.0,-1.0
8PHMRUts5jg,Standard,-1.0,-1.0
kGo7sm8eqmw,Reaction,7.5,8.5
d6Xr4tEnoxI,Reaction,7.5,6.5
202x172R4QQ,Reaction,2.5,0.0
kKCBlGLDyO4,Reaction,8.5,9.5
om2beX-AlDw,Reaction,8.5,8.5
r0k2XW23uic,Standard,-1.0,-1.0
ButeiLmM8zM,Standard,8.5,9.5
MGoT-1JNCqM,Standard,-1.0,-1.0
fKU51KBXFiA,Standard,7.5,6.5
4ZaJGHb3EJo,Reaction,8.5,8.5
Vr4ixBwo-yo,Reaction,4.0,0.0
uqr_LiETqIk,Standard,-1.0,-1.0
1oemWfvMO5Q,Standard,7.5,8.5
ak5HsuYs-uk,Standard,4.5,4.0
ta-jOIioJTM,Standard,8.5,9.5
FeUhw5-mm-Q,Standard,-1.0,2.0
2mpJrcAAzoo,Standard,-1.0,-1.0
ODc7hvF5dDs,Reaction,7.5,8.0
7Cxgjz8tYxE,Standard,-1.0,-1.0
ubZpCZwFeKk,Standard,-1.0,-1.0
urub5pYaZQQ,Standard,-1.0,-1.0
83sq02e8jUU,Standard,-1.0,-1.0
WQUglMI_reQ,Standard,6.5,5.5
uVZPn8g31_g,Standard,-1.0,-1.0
xwsp3VM_xBo,Standard,7.5,8.5
qScBayGw_DI,Reaction,8.5,9.0
zIZN7hdhdk8,Standard,9.0,9.5
p-jw4d1YoFQ,Standard,-1.0,-1.0
TXIQ0ay96Kw,Standard,-1.0,-1.0
K4OF8iIMST4,Standard,-1.0,-1.0
fiFctzcjUkk,Standard,7.5,6.5
SBF9AH3Qu5Q,Standard,-1.0,-1.0
ZmssOQq2SHc,Standard,8.5,9.5
9BiS7wpRC6c,Reaction,7.5,6.0
mt0yPBU-BY4,Reaction,8.5,7.5
wae_wUKdQk0,Standard,6.0,0.0
ozHrwv7_DYc,Standard,8.0,9.0
WE8kqWe1IQY,Standard,8.0,9.0
fSMl0RM3D5c,Standard,8.5,9.5
rvnUHwzysL8,Standard,7.5,8.5
ONNr4ULcJco,Reaction,7.5,9.0
Ds7dvpPCL6k,Reaction,5.0,7.5
cwdcNYKLbwI,Standard,8.5,9.5
NOR8nBv8Azc,Reaction,9.0,8.5
rKqPytD_Ong,Reaction,8.5,9.0
u6rX1QzmWbg,Standard,-1.0,-1.0
lpWKYYlsHE8,Standard,8.5,9.5
RLtDcnBYLGQ,Reaction,-1.0,-1.0
dxwJm-mDZsw,Standard,7.5,8.5
JYqv2zhjW8M,Standard,7.5,9.0
tDZv3NusOZs,Standard,-1.0,-1.0
U8d4fUTu-Bo,Standard,-1.0,-1.0
a1trY5co1Zo,Standard,7.5,9.0
sQqs6zptQ_4,Reaction,5.0,0.0
dyy4EIa1i5Y,Reaction,1.5,5.5
K1Xq_NDyljA,Standard,-1.0,-1.0
HDcGuEE4BUk,Standard,5.0,0.0
svxTL6bc3UY,Standard,3.5,7.0
r1x75Wx66-g,Standard,7.5,8.5
dKSdTqTqvuU,Standard,-1.0,-1.0
r3HC6kwF9Ts,Reaction,8.5,9.5
QcvVu64eYHk,Standard,-1.0,4.0
qvhHZdIV3pY,Standard,-1.0,7.5
QlgbZIdE2RE,Reaction,-1.0,-1.0
LJWQnAL2H4s,Reaction,-1.0,6.5
l88w6u8zWpA,Standard,8.0,7.0
6BcrFA5e1pI,Standard,-1.0,-1.0
R2W1WMhaIsU,Standard,7.0,0.0
ZEyNjBhgfXY,Standard,6.0,0.0
NvxLfI59LA4,Standard,6.0,0.0
K6be0rj6wbo,Standard,-1.0,-1.0
U8Vg7TYfwxs,Standard,-1.0,3.0
dkLNcST4RaM,Standard,5.0,7.0
fgO0Ml5Foyk,Standard,6.5,-1.0
NnXFgAfHUqM,Reaction,-1.0,-1.0
UNR55DzJtpE,Reaction,-1.0,-1.0
_hsvTaq3o_4,Standard,2.5,6.5
FO2Q8mmxbE8,Reaction,8.0,9.0
CAT2HLN84v4,Standard,7.5,6.5
VvwXAUwt3io,Standard,-1.0,-1.0
rqfwb_Ic76I,Reaction,-1.0,-1.0
y2zybNxyfEU,Standard,8.5,9.0
iovLzznpAEE,Reaction,8.5,9.0
M5Zf_Y_Ipu8,Reaction,3.5,7.5
8xufKx8WiME,Reaction,8.0,9.0
bAzTV7L_L3A,Reaction,-1.0,-1.0
vHy6fdOI0Uk,Standard,-1.0,-1.0
1JhzmFgU7as,Standard,3.5,1.0
brTb95DwBZE,Standard,-1.0,-1.0
4cMhoAb1Pr8,Standard,8.0,8.5
HzJvErCkb04,Standard,5.0,0.0
4pOjcftVL6k,Reaction,8.0,9.0
b9LkGzankHo,Standard,4.0,0.0
f92i2PcyFJk,Standard,-1.0,-1.0
39ENet24D4U,Reaction,-1.0,-1.0
Vmyi4sJhHFo,Reaction,7.0,6.0
jEVWXOD0KQg,Standard,-1.0,-1.0
kyhuXqoS3Rs,Standard,9.5,9.5
peOirbKBwTU,Standard,5.0,0.0
2Jm1UEvwHY0,Standard,7.5,9.0
i3OrKZlO-tY,Standard,7.5,9.0
8-IQ4MUhHYQ,Standard,6.0,8.5
wNnIAo0hroU,Reaction,7.5,8.5
hkK10ExtfWY,Standard,-1.0,-1.0
ZXIgFPSDLbM,Standard,5.5,0.0
f_7Wvmpj7w4,Standard,7.5,7.5
VY0vOIKpq1U,Reaction,8.0,7.5
bIRzKsj2_w4,Standard,-1.0,-1.0
6SSFGMu5Ars,Standard,8.0,6.5
GZhw2wT2CBY,Standard,5.0,0.0
2xiM4umxg04,Standard,-1.0,-1.0
273uXbs-iC0,Standard,-1.0,-1.0
IjVRH0xrynQ,Standard,-1.0,-1.0
Q-yDWP15MRs,Standard,-1.0,-1.0
fdmpIyR2-iE,Standard,-1.0,-1.0
Ad5JGrVLQFU,Standard,-1.0,7.5
rqU0yV4xJMg,Standard,6.5,4.5
tAA9cEWpV90,Reaction,6.5,5.5
k5B6YK7dQBE,Standard,-1.0,-1.0
NeMGZM1Fqy8,Standard,7.5,7.5
dZOWmPqcu84,Standard,-1.0,0.0
O6HBYYahhuQ,Standard,-1.0,-1.0
vksu0SWefXU,Standard,-1.0,-1.0
i_bHMN1b8C8,Reaction,-1.0,-1.0
pqKs6VAptWI,Standard,-1.0,-1.0
D0VQu2bWYqw,Standard,6.5,8.5
1c_a4c-BzI4,Standard,-1.0,-1.0
dxJIQjPkN1M,Standard,9.5,0.0
hhMbafZcXLU,Standard,5.0,1.0
0VTVub8IDsI,Standard,-1.0,-1.0
83Egscnu9Ho,Standard,-1.0,-1.0
J3S2WfyRFYY,Standard,-1.0,-1.0
nWK98gNNMo4,Standard,3.5,0.0
AHVbyTH78Ek,Standard,8.0,0.0
pmeEvc_atAM,Standard,3.5,1.0
_sJMvyma_cg,Reaction,8.5,9.5
WKLHUB_iNsk,Standard,7.5,7.0
Wfeyd5FanRQ,Reaction,5.0,7.5
lLEtTEBIn6o,Standard,7.5,7.0
qC-F5TK_aOA,Standard,7.5,6.5
Tb4TgLVogt4,Reaction,8.0,9.0
EsRSKhhEa_g,Standard,7.5,8.5
7HNger7WZoY,Standard,8.0,9.0
dd_y-SoG0ak,Reaction,8.0,9.0
2349BVaxmWw,Reaction,7.5,7.0
rSbTNRaxh70,Standard,-1.0,-1.0
z8B08dP9thY,Standard,-1.0,-1.0
lp5OV-lUn3I,Standard,3.5,0.0
0zMk5x21Vs4,Reaction,8.5,9.5
eomH_iPwNTo,Reaction,8.5,9.0
4kXegFRc2SI,Standard,-1.0,-1.0
yR4M_MG-9vg,Standard,7.5,6.5
cYM0z1pDCzk,Standard,8.5,9.0
kSoEMmNWeHw,Reaction,2.5,7.5
bwTUYxOivdI,Standard,8.5,9.0
1pgwAZMgntU,Standard,8.0,9.5
yYwd6-eqm3E,Standard,-1.0,-1.0
Lwt8bm9AAxo,Standard,5.5,0.0
fuHy6IMCU_c,Reaction,8.5,8.5
IRQKu8cbXrI,Standard,-1.0,-1.0
qWZu0DCmm0M,Standard,5.0,8.0
6ZsMbH8pgz4,Reaction,-1.0,7.0
Ze-hN46xGek,Standard,-1.0,-1.0
M43vkEAOpGc,Reaction,7.5,8.5
fx3PhxRL9RI,Standard,-1.0,-1.0
rXuDguWfUM0,Reaction,8.0,9.0
V6FYijWCQ6I,Standard,-1.0,1.0
-8c8qu1yGyI,Standard,-1.0,-1.0
rSHYQTcKmWE,Standard,-1.0,-1.0
J0PUebTzDD0,Standard,7.5,8.5
23IzJYIodFY,Standard,3.5,2.5
4h33cMKygf4,Reaction,5.0,0.0
lFj14W26wwY,Standard,5.0,8.5
AV0XFT5ypRw,Standard,7.5,6.5
S2EowKs_jbo,Standard,5.0,0.0
OgW6F6R7ZGw,Standard,7.5,8.5
ilIBXJz0OKY,Standard,8.0,9.0
msUwNRHV7fc,Reaction,9.0,9.0
gEFzYKYomnw,Standard,7.5,8.0
0XuXzopkoTs,Reaction,7.5,7.5
e6iDHkvW6ws,Standard,4.5,0.0
ibH_ltboeFc,Standard,8.5,9.0
XcQ9yHiE_qk,Reaction,2.5,0.0
jxcplJIQpCE,Standard,-1.0,6.0
f7XEHVWM9Ns,Standard,-1.0,-1.0
F7mk77vbe7w,Standard,8.0,9.0
GGlzqGH_dMg,Standard,7.5,7.5
8ab0IK6Zy6o,Reaction,7.5,6.0
Os304xCb6Yc,Standard,3.0,9.0
yhfk-cknMzk,Standard,-1.0,8.0
PyA2MqN8ZCA,Standard,8.5,2.5
pYXWfjWGRSg,Standard,-1.0,-1.0
0W6AT6xmIE8,Standard,8.5,8.5
BwupUR_4AcU,Standard,7.5,8.0
Hwspek-SP40,Standard,6.5,1.0
n_JA0Yf-T9k,Standard,8.0,6.0
MtACTs8JvjA,Reaction,-1.0,-1.0
gR4miOAohxk,Standard,9.0,4.5
rHjzQKYJdjQ,Standard,8.5,9.0
TDChw-ESnrc,Standard,7.5,2.5
5nSYCnt0Hec,Reaction,5.0,0.0
aX7zRnDOMbY,Standard,8.5,9.0
24irorbd3UY,Standard,4.0,0.0
kDZ2BhhGZBc,Reaction,7.5,7.5
GsRukP60v6A,Standard,-1.0,-1.0
-v0aPro6whU,Reaction,5.0,9.0
P-i5s22xwl0,Standard,8.5,8.5
cqj9ZVqdg6I,Reaction,-1.0,-1.0
jb2_lAroFY0,Standard,2.5,8.0
5E63KNpZt4I,Standard,-1.0,5.0
MZeQeoQbFCc,Standard,-1.0,-1.0
r2argEs9oi4,Reaction,8.5,9.0
y6G20ppbbKw,Standard,7.5,8.5
JvigmVwoc0w,Reaction,7.5,9.0
6TFAWmo4CMI,Reaction,-1.0,-1.0
GwJcNX5c3uw,Reaction,-1.0,7.5
VJLHrosTJsc,Reaction,8.5,9.0
pjaMSN3LL2k,Standard,8.8,8.8
C8qFY8ETXUk,Reaction,7.0,8.5
QpAUTHvfmM4,Standard,7.5,8.5
c0_iXTQdyZo,Standard,-1.0,-1.0
7iuNmCx7wXQ,Reaction,9.5,9.5
EVAMTmvZCYA,Standard,-1.0,-1.0
t3CHvCPiYv0,Standard,-1.0,-1.0
1a3W4vBYuv8,Standard,7.5,8.5
6HsV0WY4Mts,Standard,3.0,0.0
oTx7iNf75a4,Standard,7.5,9.0
GqY-PEZSsv4,Standard,8.5,9.0
_xdWU_8U0hg,Standard,7.5,8.5
g9MzfbZ-Z_M,Standard,7.5,9.0
ecv9ULy0JhU,Standard,-1.0,-1.0
5zJXqJCYNMI,Standard,7.5,8.5
hm6UEeBweII,Standard,-1.0,-1.0
WBRZ0KlBWsY,Reaction,7.5,7.5
1gmnSTTaDtg,Standard,8.5,9.0
64cBn4c_o3s,Standard,8.5,9.5
427F8x9O-yo,Standard,9.0,9.5
c1LfRJUjvTs,Standard,-1.0,-1.0
9dd8wLJbIF4,Standard,7.5,8.5
MpeLzjU4UOY,Standard,-1.0,-1.0
MHrtDGDbzls,Standard,-1.0,-1.0
llfOaabcHKM,Standard,7.5,8.0
tZh8_0Gt8eo,Standard,4.5,0.0
DhzLgzvfSW8,Standard,3.5,0.0
OgdHNPyt3Qw,Standard,-1.0,-1.0
TjVshuqcyMg,Standard,8.5,4.0
Yyg301hjcXM,Standard,-1.0,-1.0
E7tsRD2Qb_E,Standard,-1.0,-1.0
JqFrW-h2Efc,Standard,-1.0,-1.0
yEK9lx58MjY,Standard,7.0,7.5
_04XtHgkIBc,Reaction,8.5,8.5
rWhmNWDoH2A,Reaction,7.5,9.0
hWomZ_37tLY,Standard,-1.0,-1.0
QvlCqSKCDq4,Standard,-1.0,-1.0
NYpwDM-h99w,Standard,6.0,7.0
wMy_aLpuLWo,Reaction,8.0,6.0
ouA_jFgoJpk,Standard,3.5,0.0
gMHxu1V3_6g,Standard,7.5,9.5
Tzqd_gPxXD0,Reaction,4.0,0.0
trH2f58Ow-4,Standard,-1.0,-1.0
wCTD4Q9gwAA,Standard,-1.0,-1.0
VZD47Cup-1U,Standard,-1.0,-1.0
DoA3DigoDoY,Standard,5.0,0.0
P9tYVKcRxVU,Standard,4.0,7.5
PuvkExJzAsc,Reaction,7.5,8.5
re2w_QAnBc4,Standard,-1.0,-1.0
mtZCY_x3-18,Reaction,4.5,6.5
sxiGF7amFfE,Standard,-1.0,-1.0
khDtna2f2PA,Standard,8.0,9.5
4QD43DADDPI,Standard,6.5,7.5
Rdfk_Ticxfg,Standard,5.0,0.0
pPXHAVsn_ek,Standard,8.5,9.5
AHW72hKJiRg,Standard,7.5,8.5
D-w4zJs3vWY,Standard,8.5,7.5
nA62XpWe6BM,Standard,7.5,8.5
KJxoagpr3iI,Standard,1.5,7.0
A-8cW8yjMtQ,Standard,9.5,7.5
-sJEUuVfzj0,Standard,5.0,0.0
KQ4GY7xYXkQ,Standard,7.5,8.5
8cRUFCWonVQ,Standard,-1.0,-1.0
Y0qpVwBDAp4,Reaction,8.5,9.5
MXXbLYcofos,Reaction,-1.0,9.0
z5bjHgL0A6o,Standard,-1.0,-1.0
Ff1xeBPxVvE,Standard,8.5,9.5
EwN6TreDooM,Standard,8.0,9.5
IW2VIcp5uQ4,Standard,-1.0,-1.0
_wIeYBEyPoM,Reaction,7.5,8.5
d75EmT6UfXc,Standard,-1.0,-1.0
ccP40Sw3hTI,Standard,7.5,8.5
J0HYnBfBoSY,Standard,7.5,6.5
veyXTJpjV-s,Standard,3.5,2.0
90MPh5WsJp8,Standard,-1.0,7.5
zloo2orYNss,Standard,5.0,0.0
DkyXCUceJ8o,Standard,5.0,0.0
rHc9cM2tblE,Standard,-1.0,-1.0
Oc8d83g8CuY,Standard,9.0,9.5
9LMyvjQG4GU,Standard,1.5,7.5
zjHO24kD7dc,Reaction,6.0,9.0
ExL_iG1wkF4,Standard,1.5,1.5
hVNHpBUnXWo,Reaction,7.5,8.5
w1FyhURrkEQ,Standard,8.0,8.5
mx742QAqE7Q,Reaction,5.0,7.5
g5fw1jvhoBk,Standard,-1.0,3.0
Fi_MPgkkChk,Standard,-1.0,-1.0
y4dHskMvGCc,Standard,5.0,0.0
z6PX0GvD1ZE,Reaction,4.0,8.5
1-sK0Z9HP4s,Reaction,-1.0,7.5
XTZgxIXQwSg,Standard,5.0,9.0
1BbSbwj2y70,Reaction,2.5,1.0
LZ-2L-9-vug,Standard,-1.0,-1.0
1lXyNyZsxhU,Standard,6.0,0.0
SiDooTs2hdg,Standard,9.0,9.5
vNzoxzmfvyE,Standard,-1.0,-1.0
hqTOwtX64ac,Standard,7.0,7.0
_hPsWOSC7uk,Reaction,7.5,8.5
6RRzNxfcros,Standard,-1.0,-1.0
sg0MkkFMlbo,Standard,7.5,7.5
Ke_bQXIc9Rc,Standard,8.0,9.0
t9S2YRNRlcI,Standard,8.0,9.0
-M8rr_dxzaU,Reaction,8.5,8.5
0gjYWjePRNE,Standard,-1.0,-1.0
4qnXapjShJI,Standard,7.8,8.8
0uqFSoB_bd4,Standard,7.5,5.0
WK0aVQT6JpY,Standard,4.0,0.0
XUSKaWfq_ls,Standard,2.5,7.5
wKQRVbJ-DXU,Standard,-1.0,-1.0
ZRYnC9s8B9I,Standard,8.5,8.5
F8kTuAB4Vwg,Standard,8.5,9.5
sUCRff1qikg,Standard,2.0,7.5
NYck1T9bXUo,Standard,-1.0,-1.0
r5mdR-Su5ZM,Standard,-1.0,5.0
PYXmpI_YJbs,Standard,8.0,9.0
FxrTRezhOAM,Standard,-1.0,-1.0
o8WP4fvpk10,Standard,7.5,8.0
I2kGjOELvIQ,Standard,-1.0,-1.0
46f_naFOu5A,Standard,-1.0,-1.0
uXKCunzCyqE,Standard,3.5,3.0
8hVAWK56Ia4,Standard,5.0,0.0
ewDcG4vhjx0,Reaction,7.5,7.5
in6KI8IXegg,Standard,-1.0,-1.0
snwO5D5OHT0,Standard,-1.0,-1.0
j58nMMI0KAU,Reaction,8.5,8.5
iROXa8fAotc,Standard,7.5,8.5
E8aF69oETkw,Standard,8.5,7.5
uYLR5h2p6kQ,Reaction,7.5,8.5
-wSlILxJ8QE,Standard,9.0,9.5
yjbqsV8MFAg,Standard,-1.0,-1.0
NH8OhxybE3I,Standard,-1.0,-1.0
eSba65fwXps,Standard,-1.0,-1.0
J93SLC5QpdI,Standard,9.0,10.0
vQNu7U_iUxc,Standard,-1.0,-1.0
g3LRqvhPCmM,Standard,-1.0,-1.0
GLmLy-6veKg,Standard,7.5,8.5
2dubnPuy8hw,Reaction,7.0,9.0
I-vcYjXcb08,Standard,-1.0,-1.0
m0mzKfJ-Z0M,Standard,-1.0,-1.0
EETwib3C69k,Standard,-1.0,-1.0
RfPMxonOE84,Standard,7.5,6.5
DKD-wNbEqd8,Standard,-1.0,-1.0
bqNi8RbEFwU,Standard,9.0,8.5
5GqdRn3XJBE,Standard,7.5,7.5
1ySW9h8RbVI,Standard,-1.0,-1.0
_-CE9OjZE-k,Reaction,1.5,0.0
O1-cWis-Ts0,Standard,-1.0,-1.0
IWoODbhsyRQ,Standard,-1.0,7.0
Hsnp9QSDRfM,Standard,-1.0,-1.0
QrrPTLKvl7A,Reaction,7.5,8.5
84OpYdsy-FU,Reaction,8.5,9.0
GABe5VSKWXI,Standard,-1.0,-1.0
BWpF5BQzuTU,Standard,7.5,8.5
_WXkWq5Xzgk,Reaction,3.5,7.5
fFkUuyNgYVY,Reaction,-1.0,-1.0
TEvedQPHjao,Reaction,3.5,1.5
THLGsA0uHz4,Reaction,5.0,8.5
W_d4_Fwkl1A,Standard,-1.0,-1.0
eQMuJ_EjR5M,Reaction,7.5,8.5
3En4VCgWbAQ,Standard,-1.0,-1.0
z2fKM_3HouE,Reaction,-1.0,-1.0
DUgCpS-7KPM,Reaction,8.5,9.0
3Uhm4ox76JI,Standard,6.5,0.0
XWFyG15J2IM,Reaction,8.5,8.5
g9GYL9cpegA,Standard,5.0,8.5
k1xs9gLVgaM,Standard,6.0,8.0
zbw9cvbyQ-k,Reaction,-1.0,-1.0
dpJfY0hpxkQ,Reaction,7.5,8.5
tsvIutC2lBQ,Reaction,-1.0,-1.0
BUWj4krb3JY,Reaction,1.0,0.5
5DtWch0RhI8,Reaction,7.5,8.5
1XvTvr6ZQtA,Reaction,3.5,1.5
UvuUI4myyBc,Reaction,9.5,9.5
58qNi4FlXlA,Standard,9.5,9.0
Z17nJhZIuoY,Standard,-1.0,-1.0
Ibrk996YQfs,Standard,-1.0,-1.0
ygCj1UUT8mQ,Standard,7.5,7.0
TYPHftmThk4,Standard,7.5,8.5
qOO8clxYf9Q,Standard,1.5,7.5
Nj6qniFa14w,Reaction,7.5,6.5
BH4HtpsAKNc,Standard,5.0,0.0
S4X26MEuvV4,Standard,-1.0,-1.0
KVE6S5DPJ3k,Reaction,7.5,6.5
DmJ-ce6m_Ew,Standard,7.5,8.5
Kiv7iKQX_lc,Standard,-1.0,-1.0
NM5jL4Du5tY,Reaction,8.5,8.5
hyITPEKPhI8,Standard,-1.0,-1.0
V_mXk5ONFAQ,Standard,2.5,6.5
BopQz2irJPU,Standard,-1.0,-1.0
4Zyhk69Qbf0,Standard,-1.0,2.0
OvWLsBWn5Nk,Standard,7.0,6.5
D_us8P2giPU,Standard,5.0,0.0
SvtmMI6U2qY,Standard,-1.0,-1.0
3uewqFLqXr4,Standard,7.5,6.5
pC4WR6zMr_U,Standard,-1.0,-1.0
jnw97ocsC4E,Reaction,8.5,8.5
EGVPsWEAODo,Standard,8.0,8.5
LeWcSdOSAjI,Standard,7.5,9.0
rCrdlBM-LqI,Standard,7.0,7.5
wDzF6DDl4rQ,Reaction,-1.0,-1.0
ue53gaUJuF4,Standard,-1.0,-1.0
wGxwr74jzqw,Standard,7.0,0.0
jCpejD5kYVY,Standard,6.5,9.0
QgIBSYKlqxc,Standard,-1.0,-1.0
qTp8kzJGxNM,Standard,-1.0,-1.0
P8SPchcHiZw,Standard,6.0,7.5
8D4lkk5Ee00,Standard,8.0,7.0
z5-kywGQLi0,Standard,5.0,0.0
rwTFKOhFY7U,Standard,-1.0,-1.0
b0Ss5gSNy4o,Standard,8.0,9.0
rjF3ehkScoc,Standard,1.5,1.0
DU1o0bDE4Ww,Standard,-1.0,-1.0
3RK7VnBOadc,Reaction,9.0,9.5
AdUaPY1kXok,Standard,-1.0,-1.0
CaJSYN01QDg,Standard,8.5,9.5
pK8sAS_aKeY,Reaction,8.5,8.5
cGFrq0pbjIU,Standard,9.0,9.5
-AwAkIe8CT8,Standard,7.8,8.5
RB3_VD8GMMs,Standard,7.0,6.5
a-7SyfSu6ug,Standard,7.5,8.0
JZ5PQSoR0TA,Standard,7.5,9.0
K5msQRxjKGI,Standard,8.0,9.0
qnEEjAqIJSA,Reaction,2.5,8.5
DjX0EUzZN_o,Standard,-1.0,-1.0
Stp-9kO3tF8,Reaction,-1.0,-1.0
w8978FYyYn0,Reaction,7.0,9.0
WMYWbg_K9Rw,Reaction,8.5,9.0
gGnupk0W1Ho,Reaction,7.5,8.5
aOL97bYaC10,Standard,6.5,0.0
bPpIPFxpQ44,Standard,-1.0,-1.0
dokg4-svWmU,Standard,7.5,9.5
wTVi_yx3UsA,Standard,-1.0,-1.0
2goeM8xNRVQ,Standard,7.5,7.5
CvBHtNwDuBw,Standard,8.5,7.5
4rAd52JNO6Y,Reaction,-1.0,-1.0
CpVeqyZveqw,Standard,7.0,0.0
-c5l3q1vSto,Reaction,7.5,9.0
6pYts1xoydA,Standard,5.0,9.5
2S2iRgvinp0,Standard,-1.0,-1.0
t9bcI4W071Q,Standard,-1.0,-1.0
9NZPXioy0jc,Standard,7.5,8.5
uMD7DwPj_MM,Reaction,2.5,0.0
7_vo1rFiOvQ,Standard,7.5,8.5
NdE6efyt1Zs,Standard,8.0,8.5
omXNC5kTFls,Standard,7.5,6.5
uYuTiPtyg9w,Standard,8.0,8.5
SeVsfaQsvhA,Standard,7.5,9.0
rfTFL9vzYJs,Standard,-1.0,-1.0
nXHLJmlxFiM,Standard,5.0,8.5
kx3lO45IDE8,Reaction,-1.0,-1.0
lmNXwR512VE,Reaction,7.5,6.5
gIrKEY0sZ9M,Standard,-1.0,-1.0
brLedjJy4iQ,Standard,5.0,0.0
DMdz5rSeNwI,Standard,4.5,0.0
Rm28ZSsxhf8,Standard,5.0,0.0
j_j2-IOdyHo,Standard,7.0,9.0
eMlxyv5CcvE,Standard,5.0,0.0
hJJExK8zX6Y,Standard,-1.0,-1.0
6ZohNb6zMWM,Standard,3.5,0.0
CFZQ_ZHcmpw,Reaction,-1.0,-1.0
73MeMICH0mM,Standard,-1.0,2.0
0J37dGZW9s8,Reaction,6.0,8.0
vNyvgevhGwk,Standard,7.5,9.0
B3Jxi5tynbs,Standard,-1.0,-1.0
-jgsmEh7CTs,Standard,7.5,8.5
RgFGsTMGUuw,Standard,4.0,7.5
XOumV_3QPLU,Standard,8.0,8.0
Q_Vv2frgHc8,Standard,8.5,7.5
_hKYWAyAw-E,Standard,-1.0,-1.0
nuwUtWyXb9g,Standard,-1.0,-1.0
89pOGIgO3Vw,Standard,5.0,0.0
98984HclyY4,Standard,7.5,4.5
ymjPWM9aCDI,Standard,5.0,0.0
4oFzLdYk6hU,Reaction,8.5,8.5
VRuZOyc5gd8,Reaction,-1.0,-1.0
q-ifou1ctRA,Standard,6.0,0.0
szwkWR1ygro,Standard,7.5,0.0
WxJfqDI2ORU,Standard,6.5,7.5
nTNg1RbA1Jc,Reaction,9.0,9.5
sKWVNy_CpgY,Standard,8.5,9.0
ZVIRMjg6W5k,Standard,6.5,5.5
rpIzAlcgobI,Standard,-1.0,-1.0
DU94CAD6ptM,Standard,7.5,6.5
MUQEPAFDF-k,Reaction,7.0,8.5
sOMqlOlP99o,Standard,-1.0,-1.0
to7fBc-Zpq8,Standard,-1.0,7.0
7OC0dfV5dVs,Standard,8.5,9.0
74H6KbqPzb8,Standard,-1.0,-1.0
F_mjJlq0-7I,Reaction,8.5,8.5
ca8HX5NeISw,Reaction,5.5,0.0
1yKyq3OlpeE,Standard,-1.0,-1.0
D4W3iOo2PZI,Standard,-1.0,-1.0
MeA9ZGV0g9I,Reaction,-1.0,-1.0
6ZdHXvVhGfs,Standard,-1.0,-1.0
-AGVAbzeSjw,Reaction,4.5,0.0
wWFrXRCnnLM,Standard,8.5,9.5
O6OuFKvNIhs,Reaction,8.0,9.0
gbuqKRw3wW0,Reaction,-1.0,0.0
kuk2YQ9PtUQ,Standard,1.5,6.5
NYDKRhbQb-0,Standard,-1.0,-1.0
VeUirWbdQxI,Reaction,8.5,8.0
d1hjAg2lBew,Standard,8.5,9.5
F-y18BlD3k4,Standard,6.0,4.0
jJCpMiUHfIA,Standard,6.5,7.5
zCb2X_eoioU,Standard,7.0,7.0
wQInDntqvcw,Standard,7.5,7.5
f-RT_XHcXAA,Standard,3.0,7.0
pH-LlSOvvcE,Standard,2.5,2.0
Kg1QmY9B5c0,Standard,8.5,9.5
PXppMG_WK4U,Reaction,7.5,9.0
I-DVPYExMRg,Reaction,7.5,8.5
rdJvStHP4Cw,Reaction,8.0,9.0
MsvA3QT1I98,Standard,5.0,7.5
40y3Vn8qp-c,Standard,8.5,9.0
W0jMgpRzINE,Standard,6.5,7.5
CuMkQc0fXKA,Standard,9.0,9.5
F54j_ACxLVY,Standard,-1.0,-1.0
EY1N1at4CkU,Standard,-1.0,7.5
5BawEl5hadE,Standard,8.5,8.5
8sYzQsq7JCQ,Standard,6.5,8.5
FV7Z3UpAyrs,Standard,5.0,0.0
zfkxcyDwlkY,Reaction,7.5,9.0
qh5E41TcO_k,Standard,7.5,9.0
sJ4DMfdG4pY,Standard,5.0,8.5
16VS1Bms1gM,Standard,-1.0,-1.0
95oGJ8Co0Dg,Standard,-1.0,-1.0
oFLnQkBYNkQ,Reaction,5.0,0.0
5ROaVFM6Ih8,Standard,-1.0,-1.0
lKaYixyCQtY,Standard,-1.0,-1.0
405FaZcw5BY,Standard,7.0,2.0
IuJjLJ5oARA,Standard,-1.0,-1.0
3VqHI7NFV7o,Standard,6.5,6.5
x9-XuOqzY1g,Standard,9.0,9.5
Rh9qIYQaky8,Reaction,8.0,9.0
7zHY72A4O2U,Standard,-1.0,-1.0
AYV08L6wUBA,Reaction,7.5,7.5
_J_B8Z3_Aao,Reaction,8.5,8.5
kVZH3S1HQMk,Standard,-1.0,-1.0
bmc1Xoly76A,Standard,7.5,8.5
cNT65tsBRDY,Standard,-1.0,-1.0
74rPdJXJ-NQ,Reaction,-1.0,-1.0
5AlVxAIfogU,Standard,-1.0,-1.0
iLCi_FTIL0I,Standard,-1.0,-1.0
2GXXH3gdLpc,Standard,8.5,9.0
AltKfXGxaag,Standard,-1.0,-1.0
AZhnLHDVAaI,Reaction,7.5,8.5
FClp-FR30MY,Standard,5.0,7.0
-nkqBOGhS0o,Standard,7.0,4.5
CoB1kU9d_N4,Reaction,6.5,6.5
vlRCapT_D1Y,Reaction,8.8,9.5
FXmv5y3dzsw,Standard,1.5,0.0
EwP16c2dcE8,Standard,-1.0,-1.0
snOlo4ldPnU,Standard,-1.0,-1.0
8k8O8H-Bjtg,Standard,-1.0,-1.0
SjCBTo3rHj4,Standard,-1.0,-1.0
-JhWiz1bHSI,Standard,-1.0,-1.0
Gsjd5Yw4G7g,Standard,-1.0,-1.0
95GDuMQwAeg,Standard,9.5,0.0
UxNqdvA4unY,Standard,2.5,3.5
7urb7EqWUfc,Reaction,9.0,9.5
K5z5ILRaulA,Reaction,7.5,7.5
m3HWPAcZa7E,Standard,2.5,6.5
VHweHOSGJ7M,Standard,-1.0,-1.0
VAsW1s9SBag,Standard,-1.0,-1.0
f-cYm4-nEGM,Standard,7.0,7.0
ocnwalyX2Vs,Standard,9.0,7.5
7VwP1cONjDk,Standard,7.5,8.5
E46u6TV7tZo,Reaction,-1.0,8.0
o7dvtVsCNNk,Reaction,5.0,0.0
aaWGSWyh8Lc,Standard,-1.0,-1.0
ds3i-xjipmw,Standard,-1.0,-1.0
BW-xpcUap8M,Standard,5.5,6.5
qQgQSq9qMJY,Standard,6.0,7.5
7pTXyP9AnAE,Reaction,8.0,8.0
C3lEFKc_8Xk,Standard,8.0,9.0
r_5sH5Po5f8,Standard,-1.0,5.0
94bLTvPCY9A,Reaction,7.5,7.5
s6AUCILmIIc,Standard,7.5,8.5
rM1x92xbpA4,Reaction,-1.0,-1.0
Qb2LLV8Flqk,Standard,8.5,7.5
AxODDQG4G0A,Standard,-1.0,-1.0
OvM35Df5HWU,Reaction,6.5,8.5
BEEai-BwsrM,Reaction,7.5,8.5
hvgSetkfxtQ,Reaction,7.5,8.5
2n8ElXerwfA,Reaction,4.0,8.5
H4NGKRvTjho,Standard,-1.0,-1.0
OLLqyutK9J8,Standard,-1.0,-1.0
Q2JGMMWK1ec,Reaction,8.5,9.0
Yct0srMzrYs,Standard,6.5,6.0
6mLCHGuu5nw,Standard,3.5,6.5
6SccZyIsBoY,Standard,-1.0,-1.0
gqL6-8_Q8UQ,Standard,-1.0,-1.0
tR1c_lw0UzQ,Reaction,8.0,9.0
WipNJdcH5Bs,Reaction,7.5,8.5
lbON3KPWzlQ,Standard,-1.0,-1.0
DmWGKYzLxdU,Reaction,6.5,8.5
OLSu5KioDEE,Standard,5.0,0.0
UDbtp5s7VUc,Standard,-1.0,-1.0
vW6LXDzgAKU,Standard,3.5,0.0
ygKZ68t3s8E,Reaction,7.5,8.0
AXn4zwsb3Ao,Reaction,8.5,9.5
BwyimOCiyzA,Reaction,5.0,0.0
pbsuVoAQwrE,Standard,-1.0,-1.0
eIKlIsSGiA8,Reaction,6.8,7.0
r7RSEfWno_Y,Standard,-1.0,-1.0
O3ulzQ4o48Q,Standard,8.5,9.0
gRR6FroGVhk,Reaction,5.0,4.5
x7BqUFK22XM,Reaction,5.0,0.0
cGF5_H9aGWc,Standard,8.0,7.5
zR2-M-LI-Jk,Standard,9.0,0.0
wJKXNTjgkCY,Reaction,-1.0,-1.0
zpgr-IHOLsg,Standard,-1.0,7.0
ap006mmHtxM,Standard,-1.0,6.0
kDHK1h1IOGA,Reaction,8.5,7.5
BWP-_7K08SY,Reaction,7.5,7.0
5Za19GbZhok,Reaction,8.0,7.5
WLz_e6HnsaM,Standard,8.5,9.0
OWDGWch67Rw,Standard,-1.0,-1.0
jLlS4nr4bgI,Standard,-1.0,-1.0
QtcyKodAnCI,Standard,6.5,8.0
J6rpiZ-WxCc,Standard,7.5,8.5
xEheQ230M-Y,Standard,8.0,9.0
Vj1KdR1nzj8,Standard,-1.0,-1.0
SYrXOCKGb0o,Standard,-1.0,-1.0
rVSJCnOL9kI,Standard,-1.0,-1.0
6JVLz9lYbOo,Reaction,2.5,0.0
AQfWtJ_d3K8,Standard,7.5,8.5
fOcpkNve-SE,Standard,8.0,9.0
u30leFzId3M,Reaction,8.0,9.0
ynuq9lzansY,Reaction,1.5,8.5
SDQiyAhL5Cg,Standard,-1.0,-1.0
wgv7yrRx_3Y,Reaction,8.0,7.5
fM7U9xgRUMg,Standard,-1.0,-1.0
3RswtfcHw74,Standard,8.0,9.0
TjwjATf9KdE,Reaction,-1.0,-1.0
SU7stuDgewY,Reaction,2.0,8.0
-aod9eBuBZU,Standard,7.5,9.5
T9jKZerq2po,Reaction,8.0,9.0
VwwC1YRBHK4,Standard,-1.0,6.0
vgBO_Ona5kU,Standard,-1.0,-1.0
ZZTcnw0Ace8,Reaction,-1.0,-1.0
vWNT1M4b7O4,Standard,7.5,8.0
yurNP9kCqM8,Reaction,8.5,9.0
0Fj0DLYMCZE,Standard,-1.0,-1.0
O7tnszXrExQ,Reaction,2.5,1.0
knHMZqWapsc,Standard,4.0,0.0
i6w7dFXhXRQ,Standard,8.5,7.5
Xhi_gzekxts,Standard,9.5,9.5
1Jyph_AeZss,Standard,-1.0,-1.0
lbwaB-Dms_8,Reaction,7.5,8.5
wf07cz9_9hY,Reaction,6.5,8.5
QFSO7g_WZlE,Standard,-1.0,-1.0
JSuXtJqVOic,Reaction,9.0,9.0
us3BrPoDSCo,Standard,7.5,7.5
4SVSwT3W0TA,Standard,8.5,8.5
BJc7Q7WbDf4,Standard,8.5,9.0
WhdqBYR0Qv4,Reaction,8.0,8.5
UebyvSJFtTQ,Standard,8.5,9.0
tvCO5YYZ6sw,Standard,9.0,9.5
Z3OT6uiWzR0,Standard,-1.0,-1.0
95nEyZuVGZM,Standard,3.5,0.0
iFerrtNdDO0,Standard,3.5,9.0
r29hlGvckzw,Standard,7.5,6.5
4hIjghCvS4c,Standard,7.5,8.0
ou7ihODA4e0,Standard,8.5,8.5
nWmT3zv5lP8,Standard,7.5,7.5
7ZZVZD2qEfI,Standard,5.0,9.0
3C_u0CsrMSQ,Standard,5.0,2.0
yAKvo8h1q_U,Reaction,7.0,8.5
ra68vR4P9eQ,Standard,7.5,6.5
HDF3Z0zpgFk,Standard,7.5,9.5
rbK44wtz1Ss,Standard,8.5,9.5
zF_2B_SQE50,Reaction,3.5,6.5
Ps0YxJawwps,Standard,-1.0,-1.0
NXd0wEnzZxI,Reaction,7.5,6.0
qIbif2EwVY8,Reaction,5.0,9.0
hXmyr_jd3tg,Reaction,6.5,8.5
4GddOwwyK5w,Standard,8.0,8.5
NebVzhlo3iE,Standard,7.5,9.5
U4mG3FKj9WU,Standard,-1.0,-1.0
04ZBZd5MGrU,Reaction,9.5,9.5
CJThymrl9eU,Reaction,-1.0,-1.0
b862R5WFxA8,Standard,7.0,8.5
ECVGNTGL9A8,Standard,-1.0,-1.0
huNtsXsupeM,Standard,8.0,9.0
LbxAt7vT464,Reaction,8.5,9.0
7zetHHfHFIA,Standard,-1.0,-1.0
cMhdP0YnzxU,Reaction,7.0,8.0
rT0UyZE2Tyk,Standard,-1.0,0.0
BkPbqYT9O6o,Standard,7.5,8.5
Ev-OLixP7Iw,Standard,7.5,8.5
waP8qXJrVOY,Standard,7.5,6.5
KjXPeBbPgUE,Reaction,7.5,8.5
erv2nupP_YA,Standard,7.5,8.5
1EWfVDXOaC4,Standard,-1.0,-1.0
PcyNo3lUfkM,Standard,-1.0,-1.0
gTFZmNRaZOw,Reaction,8.5,9.0
dFnEMCNWQ_o,Standard,-1.0,-1.0
KqvI3ylwn04,Standard,6.5,8.5
-K941v3fTS4,Standard,-1.0,9.0
EkASbwLno48,Standard,7.0,7.5
VAr8DOszoi0,Standard,3.5,0.0
h5-OVmI4Zqc,Standard,5.5,0.0
UVGIjXOSIhc,Standard,2.5,7.5
KQsBD98Nb94,Reaction,-1.0,-1.0
a-Ipun8zE_Y,Standard,-1.0,6.5
ObW4Uyq0Cm0,Standard,6.0,0.0
TFTilmyC96g,Standard,7.5,3.5
_tfITZtdvyY,Standard,1.5,7.5
_-6tF4GNdTs,Standard,-1.0,-1.0
c-eDfgUQWYo,Standard,8.5,9.5
I16qKVUfMpY,Reaction,-1.0,-1.0
dyT4ZB0WgRY,Standard,2.5,8.5
2j2OAExlUnw,Standard,7.5,9.0
AY1h1asIQs8,Standard,9.0,9.0
sXDBXPq_PSo,Standard,7.5,9.0
OYrwePW43vM,Standard,7.5,0.0
t2xwfUCSVIo,Reaction,8.0,8.5
MDmZ9X3bxT8,Reaction,-1.0,6.0
O6OucLbsDQw,Reaction,6.5,7.5
UvLZv6RuFfw,Standard,7.0,0.0
G5gshNi8C0w,Standard,-1.0,-1.0
zHchvyJGu5E,Standard,-1.0,-1.0
b0vqY0wKF7U,Standard,5.5,0.0
8X4jhqQtP8g,Standard,-1.0,-1.0
w8RzcppcjPA,Standard,5.0,0.0
klAeWuJix5w,Reaction,9.5,9.5
-lqAOoknm3g,Standard,-1.0,-1.0
ct6C0m6t7RM,Standard,2.5,4.0
pfws5eg1gcM,Standard,7.5,5.5
rrQ-fWsCmyY,Standard,7.5,7.5
2CyINLWejs8,Standard,-1.0,-1.0
EeD37Z07Re8,Standard,8.5,9.5
yl5dxIwZ52w,Standard,5.0,7.5
Zris8IUEJfI,Standard,-1.0,-1.0
15uHhoMAemc,Standard,5.0,7.5
NbWbaT0F-Gk,Standard,6.0,9.0
xdNxoVrHUOI,Standard,7.5,6.5
2B53x5XkMQc,Standard,-1.0,-1.0
43bQDlHZVfg,Standard,9.5,9.5
WPgDcIYoLRs,Standard,-1.0,-1.0
WYeGdkhYaS4,Standard,-1.0,-1.0
AO2hZ-JilOk,Standard,9.0,9.0
VPt-uFEvB1w,Standard,-1.0,-1.0
0WO3IZHjGv8,Standard,6.5,7.0
JE6eyXncLHE,Reaction,9.0,9.0
7vM3fa6kSQU,Reaction,-1.0,-1.0
RmBV5WJ3V18,Reaction,7.5,8.5
_xstg96w_2g,Standard,7.5,8.5
xYOUTAFe1e8,Standard,-1.0,-1.0
Ifiw328D6UQ,Reaction,8.5,9.5
wD7wvQ7trRA,Standard,8.5,8.5
