channel_id,channel_title,video_id,title,single_topic,auto,difference
UC-qQ1TNcFK3DqD7jEK5D_jg,Martin Lejeune,XKBNU75zEEQ,21.12.2024 #Magdeburg trauert nach #Terroranschlag auf #Weihnachtsmarkt: Täter war Anhänger der #AfD,1,1,0
UC-qQ1TNcFK3DqD7jEK5D_jg,Martin Lejeune,58JAMFDteJo,"04.07.2025 Washington, D.C. Fourth of July Celebrations #Trump",1,1,0
UC-qQ1TNcFK3DqD7jEK5D_jg,Martin Lejeune,LVrilpWr6O8,29.04.2023 Leipzig Handtaschen aus Zeitungspapier #transFORMATE #Upcycling Luzia M. Gossmann,1,1,0
UC-qQ1TNcFK3DqD7jEK5D_jg,Martin Lejeune,QlROfntyvzU,14.12.2024 Berlin Ex-AfD-Politiker Ferhat Sentürk gründet Partei bürgerliche Allianz für Deutschland,1,1,0
UC-qQ1TNcFK3DqD7jEK5D_jg,Martin Lejeune,s9EgXKQS5GU,"27.01.2021 #Berlin ""Die Politik will die Landwirtschaft in Deutschland abschaffen!""",1,1,0
UC-qQ1TNcFK3DqD7jEK5D_jg,Martin Lejeune,KScQrBAxTWY,06.05.2025 Berlin Trennungscoach Christina Rinkl über toxische Beziehungen & Stalking,1,1,0
UC-qQ1TNcFK3DqD7jEK5D_jg,Martin Lejeune,o0bPEXtEgeY,07.10.2024 Berlin Festival of Lights: Tribute to the Light by MP-STUDIO from Bulgaria,1,1,0
UC-qQ1TNcFK3DqD7jEK5D_jg,Martin Lejeune,NhQaGT13nYQ,28.09.2024 Plön Preview Start-up Automatic Candy Shop 24/7,1,1,0
UC-qQ1TNcFK3DqD7jEK5D_jg,Martin Lejeune,w8dKia2UOW0,11.02.2024 #Dresden Spenden-Stand auf Aufzug von #Rechtsextremisten,1,1,0
UC-qQ1TNcFK3DqD7jEK5D_jg,Martin Lejeune,ACjBD5Mw3zQ,23.03.2022 #Berlin #Bundestag Dorothee Bär CSU,1,1,0
UC-qQ1TNcFK3DqD7jEK5D_jg,Martin Lejeune,sax00QPuYXw,21.03.2025 Berlin Gray Contrast Rave Alexanderplatz: Psychedelic Electronic Live-Music,1,1,0
UC-qQ1TNcFK3DqD7jEK5D_jg,Martin Lejeune,QF-Vbs35H8k,20.12.2022 #Freiburg im Breisgau Junger Trompetenspieler erhält 125€/Stunde fürs Trompeten,1,1,0
UC-qQ1TNcFK3DqD7jEK5D_jg,Martin Lejeune,GmoxuWtDH8g,18.05.2025 Hertha BSC Fan mitSaison-Rückblick: Der Fußball-2. Bundesliga-Talk im BVG Linienbus 248,1,1,0
UC-qQ1TNcFK3DqD7jEK5D_jg,Martin Lejeune,qFi3Qsu0MjI,12.01.2023 #Lützerath CAT-Bagger zerstört Hütten in Protest-Dorf bei Flutlicht,1,1,0
UC-qQ1TNcFK3DqD7jEK5D_jg,Martin Lejeune,E-ratwSu5fA,14.07.2022 #Dernau Mobiler Beratungsbus #PLAN Kreis #Ahrweiler #Jobcenter #Flut-#Hilfe #Ahrtal,1,1,0
UC62IIFhchBWQxLPSyUatD-A,DER AKTIONÄR TV,TAqBtgORGsM,"Söllners HSR: ""Rebound!"" Amazon, Xiaomi, Valneva, Tesla, Varta, Bitcoin, Solar, Verbio, Plug Power",1,1,0
UC62IIFhchBWQxLPSyUatD-A,DER AKTIONÄR TV,EcW9up22cDE,Robert Halver: Wo Sie JETZT Ihr Geld INVESTIEREN können!,1,1,0
UC62IIFhchBWQxLPSyUatD-A,DER AKTIONÄR TV,mE3tyYNrptw,Chip- und KI-Boom - diese Indizes müssen Sie kennen,1,1,0
UC62IIFhchBWQxLPSyUatD-A,DER AKTIONÄR TV,hYHwKkoG0tY,Deutz: Neues Kaufsignal! Trading-Tipp des Tages,1,1,0
UC62IIFhchBWQxLPSyUatD-A,DER AKTIONÄR TV,O0KcQohqV4c,Goldexperte Bußler: Probleme!,1,1,0
UC62IIFhchBWQxLPSyUatD-A,DER AKTIONÄR TV,HuHcGPrOQZ4,BITCOIN AND ALTCOINS: A Threat to the Traditional Banking Business,1,1,0
UC62IIFhchBWQxLPSyUatD-A,DER AKTIONÄR TV,pU-jSe-coBk,"Söllner: Bitcoin-Ultra-Chance! Xiaomi für alle?! 50 x für Nvidia, Palantir! Tesla neu! LVMH",0,1,1
UC62IIFhchBWQxLPSyUatD-A,DER AKTIONÄR TV,dxExFjFu3xc,Gold beschenkt Anleger mit Traumrenditen – So könnten Sie noch mehr rausholen!,1,1,0
UC62IIFhchBWQxLPSyUatD-A,DER AKTIONÄR TV,_4_3inUQt_I,"ideasTV: Ist die Inflation gekommen, um zu bleiben?",1,1,0
UC62IIFhchBWQxLPSyUatD-A,DER AKTIONÄR TV,A83KfT9LY-w,Robert Halver: Diese Marke erreicht der DAX noch dieses Jahr,1,1,0
UC62IIFhchBWQxLPSyUatD-A,DER AKTIONÄR TV,A3ElhWVUIPI,"Märkte am Morgen: Bitcoin, Lululemon, Disney, AMC, Nio, Zooplus, Lufthansa, Valneva, Volkswagen",0,0,0
UC62IIFhchBWQxLPSyUatD-A,DER AKTIONÄR TV,9kMvnhqpQa8,"K+S, Covestro & Dt. Telekom - die meistgehandelten Aktien des Tages",1,0,-1
UC62IIFhchBWQxLPSyUatD-A,DER AKTIONÄR TV,f5G2fkyTIFo,Goldexperte Bußler: Das ist Ihre Chance,1,1,0
UC62IIFhchBWQxLPSyUatD-A,DER AKTIONÄR TV,erdooaR-V2A,Hensoldt feiert Aufstieg in den MDAX,1,1,0
UC62IIFhchBWQxLPSyUatD-A,DER AKTIONÄR TV,73TFFSGMzrg,"Opening Bell: Walmart, Gilead, GEO Group, Disney, BHP, SIGA, PepsiCo, Coca-Cola, Waste Management",0,0,0
UCJiRXf1Pb0ZkoPD7qcQIvlg,Erfolgskanal - Community für Finanzen & Wirtschaft,2wayh5Syl8Y,💥 BÄRBOCK WEINT IN ISRAEL! 💥,1,1,0
UCJiRXf1Pb0ZkoPD7qcQIvlg,Erfolgskanal - Community für Finanzen & Wirtschaft,5B4DTeJIqBI,💥 GEWALTIGE KETTENREAKTION! ANDREAS POPP WARNT! 💥,1,1,0
UCJiRXf1Pb0ZkoPD7qcQIvlg,Erfolgskanal - Community für Finanzen & Wirtschaft,6Z8cHTOAYsQ,💥 DEUTSCHLAND WIRD EU VERLASSEN! 💥,1,1,0
UCJiRXf1Pb0ZkoPD7qcQIvlg,Erfolgskanal - Community für Finanzen & Wirtschaft,p4EmWDMtngU,IWF MIT WARNUNG AN GOLDANLEGER! 😨 DAS SIEHT GAR NICHT GUT AUS FÜR GOLD?! - JETZT GOLD KAUFEN?,1,1,0
UCJiRXf1Pb0ZkoPD7qcQIvlg,Erfolgskanal - Community für Finanzen & Wirtschaft,TxXgqEj4_R4,PLÖTZLICH ERKLÄRT INDIEN TRUMP DEN KRI€G!? 💥EILMELDUNG BRICHT GERADE ALLE YOUTUBE REKORDE,1,1,0
UCJiRXf1Pb0ZkoPD7qcQIvlg,Erfolgskanal - Community für Finanzen & Wirtschaft,PjtOWxAu1jk,💥 AM ENDE WIRD ALLES EGAL SEIN! ANALYSEN ERSCHRECKEN TEIL III! 💥,1,1,0
UCJiRXf1Pb0ZkoPD7qcQIvlg,Erfolgskanal - Community für Finanzen & Wirtschaft,xGoqBAhwJpg,💥 SCHOLZ BELEIDIGT BÜRGER?! 💥,1,1,0
UCJiRXf1Pb0ZkoPD7qcQIvlg,Erfolgskanal - Community für Finanzen & Wirtschaft,0k3xnkjV7BY,💥 USA BEGINNT KRIEG GEGEN DEUTSCHLAND! EILMELDUNG! 💥,1,1,0
UCJiRXf1Pb0ZkoPD7qcQIvlg,Erfolgskanal - Community für Finanzen & Wirtschaft,1UGeZTuud-Y,PISTORIUS FLIPPT AUS! 💥 AFD WILL IHN IM GEFÄNGNIS SEHEN! 💥 AFD EKLAT JAGT GERADE 2 MIO KLICKS!,1,1,0
UCJiRXf1Pb0ZkoPD7qcQIvlg,Erfolgskanal - Community für Finanzen & Wirtschaft,J-rt9hyo95c,💥 DIESE REDE BEGEISTERT GERADE GANZ YOUTUBE! 💥,1,1,0
UCJiRXf1Pb0ZkoPD7qcQIvlg,Erfolgskanal - Community für Finanzen & Wirtschaft,v_ry8mqXbQI,💥 JETZT KNALLT ES IN JEDER STADT! DAS DICKE ENDE KOMMT JETZT! 💥,1,1,0
UCJiRXf1Pb0ZkoPD7qcQIvlg,Erfolgskanal - Community für Finanzen & Wirtschaft,SXWyHe_rxNA,💥 BANKEN BEREITEN SICH AUF ABWICKLUNG VOR?! 💥,1,1,0
UCJiRXf1Pb0ZkoPD7qcQIvlg,Erfolgskanal - Community für Finanzen & Wirtschaft,iH6sK38dTps,DR MARKUS KRALL: GOLD EXPLOSION VORBEREITET?! 🔥 MARKUS KRALL AKTUELL ÜBER WIRTSCHAFTSKRISE & GOLD,1,1,0
UCJiRXf1Pb0ZkoPD7qcQIvlg,Erfolgskanal - Community für Finanzen & Wirtschaft,hfJJwBHnwAI,💥 DIPLOMAT BESTÄTIGT NIEDERLAGE! 💥,1,1,0
UCJiRXf1Pb0ZkoPD7qcQIvlg,Erfolgskanal - Community für Finanzen & Wirtschaft,R9khfZIMiLk,💥 HABECKS TÖDLICHE WAHRHEIT! 💥,1,1,0
UCbanHTRuGv2Fi7flpO735yw,Hallo Meinung,1eCbQt7gzvU,"Psychoterror, Hass und Hetze aus dem Zentrum der Macht",1,1,0
UCbanHTRuGv2Fi7flpO735yw,Hallo Meinung,SRoo1IUyljo,Mach dir keine Sorgen - Anschauen ist Pflicht,1,1,0
UCbanHTRuGv2Fi7flpO735yw,Hallo Meinung,RGId74N3D_I,Politik in falschen Händen- wenn Macht zur Ausbeutung führt,1,1,0
UCbanHTRuGv2Fi7flpO735yw,Hallo Meinung,_PFBNB9FtSs,Der HALLO MEINUNG-Song - Wir bewegen Deutschland!,1,1,0
UCbanHTRuGv2Fi7flpO735yw,Hallo Meinung,ccRKeuGdGnQ,Podcast: Unsere Kinder sind es wert,1,1,0
UCbanHTRuGv2Fi7flpO735yw,Hallo Meinung,PYVLNSkAGgk,"Der Bürger muss bei der Wahl Druck aufbauen, damit die Brandmauer fällt",1,1,0
UCbanHTRuGv2Fi7flpO735yw,Hallo Meinung,ibkAfkETkwk,Jetzt kümmern wir uns darum,1,1,0
UCbanHTRuGv2Fi7flpO735yw,Hallo Meinung,iUQ5AyQ6TTg,Die Berliner Räuberbande,1,1,0
UCbanHTRuGv2Fi7flpO735yw,Hallo Meinung,72gmD11nAes,Deutschland heute - Kann man den gesellschaftlichen & politischen Zustand als normal bezeichnen?,1,1,0
UCbanHTRuGv2Fi7flpO735yw,Hallo Meinung,hcBbJaWWsaM,Wattebäuschchen-Justiz,1,1,0
UCbanHTRuGv2Fi7flpO735yw,Hallo Meinung,_8wQqS3DTLk,Kranke Hirne haben es auf unsere Kinder abgesehen,1,1,0
UCbanHTRuGv2Fi7flpO735yw,Hallo Meinung,W845QQhvMrI,Podcast: Kanzlerin Baerbock - Merkels Klon für die Restabwicklung Deutschlands!,1,1,0
UCbanHTRuGv2Fi7flpO735yw,Hallo Meinung,vaqNmo7OVLo,Deutschland und das Wahljahr 2025 - Wer wird wohl gewinnen?,1,1,0
UCbanHTRuGv2Fi7flpO735yw,Hallo Meinung,OaL2pN28UEs,Energieversorgung gesprengt – Gaskraftwerk verschenkt? Leif-Erik Holm/AfD fordern Aufklärung,1,1,0
UCbanHTRuGv2Fi7flpO735yw,Hallo Meinung,Odb7xZ5P-4A,Renten-Almosen,1,1,0
UCiTJladOHCMkKndVBsn23VQ,Vermietertagebuch - Alexander Raue,kDVGTZagmeY,Gestern: Polizei Großeinsatz wegen Habeck,1,1,0
UCiTJladOHCMkKndVBsn23VQ,Vermietertagebuch - Alexander Raue,dPjIYLafwiA,Mehrere Großkonzerne kündigen massiven Stellenabbau an,1,1,0
UCiTJladOHCMkKndVBsn23VQ,Vermietertagebuch - Alexander Raue,Niblto2vYII,Russisches Kriegsschiff vor Fehmarn – NATO reagiert sofort!,1,1,0
UCiTJladOHCMkKndVBsn23VQ,Vermietertagebuch - Alexander Raue,-8C1cULnsOY,Peinliches Desaster: 10 Soldaten legen 2 NATO-Bataillone lahm!,1,1,0
UCiTJladOHCMkKndVBsn23VQ,Vermietertagebuch - Alexander Raue,0YP-w8Vhbsk,Scholz will Israels Präsident festnehmen lassen. Merz spricht von Verrat!,1,1,0
UCiTJladOHCMkKndVBsn23VQ,Vermietertagebuch - Alexander Raue,sA9ARQisFsE,Köln: CDU & Grüne stimmen gemeinsam mit AfD ab!,1,1,0
UCiTJladOHCMkKndVBsn23VQ,Vermietertagebuch - Alexander Raue,sPhRx9VKpK8,Eskalation: Deutschland schickt Kriegsschiff nach Jemen!,1,1,0
UCiTJladOHCMkKndVBsn23VQ,Vermietertagebuch - Alexander Raue,fk_YfZG_yhk,Trump will Hölle über Iran öffnen + Rekordangriff auf Israel + Macron stellt auf Kriegswirtschaft um,0,0,0
UCiTJladOHCMkKndVBsn23VQ,Vermietertagebuch - Alexander Raue,N0ZkZSbd-SM,DAS ist der schlimmste Richter Deutschlands! Ich bin FASSUNGSLOS!,1,1,0
UCiTJladOHCMkKndVBsn23VQ,Vermietertagebuch - Alexander Raue,lA_LVV-pZwk,Bremen-Umfrage: AfD mit neuem Rekord-Wert!,1,1,0
UCiTJladOHCMkKndVBsn23VQ,Vermietertagebuch - Alexander Raue,Y3UyvPN1uSc,Berlin-Wahl: Grüne wollen das Wahlergebnis nicht anerkennen,1,1,0
UCiTJladOHCMkKndVBsn23VQ,Vermietertagebuch - Alexander Raue,DGu-V0wib7o,Offizieller Bericht: Lauterbach verschleierte katastrophale Lage der Pflegekasse!,1,1,0
UCiTJladOHCMkKndVBsn23VQ,Vermietertagebuch - Alexander Raue,-dsegrjOrR8,Krasse Reaktionen wegen Erstem AfD-Bürgermeister!,1,1,0
UCiTJladOHCMkKndVBsn23VQ,Vermietertagebuch - Alexander Raue,qedGU1hGVJg,Historisch: Neue Umfragewerte sind der hammer + Hans-Georg Maasen will AfD-Minister werden!,1,1,0
UCiTJladOHCMkKndVBsn23VQ,Vermietertagebuch - Alexander Raue,WaoY3K8YkCk,Medienbericht: AfD verschiebt aus ANGST neues Grundsatzprogramm!,1,1,0
UCiTKi7Ahf3E2yMGpmIxSvgw,Deutschland Kurier,kbftL1jhVv4,Petr Bystron (AfD) & n-tv einig: „Heiko Maas – schlechtester Außenminister seit 1945“!,1,1,0
UCiTKi7Ahf3E2yMGpmIxSvgw,Deutschland Kurier,bnQ5IdLC930,Migration: Sozialstaat vor dem Zusammenbruch | Ein Kommentar des Europaabgeordneten Gunnar Beck,1,1,0
UCiTKi7Ahf3E2yMGpmIxSvgw,Deutschland Kurier,DGfK3Zf57cg,Björn Höcke (AfD) rechnet ab: „Mario Voigt schadet dem Freistaat Thüringen!“,1,1,0
UCiTKi7Ahf3E2yMGpmIxSvgw,Deutschland Kurier,5Pb0Y1mnZlk,🚨Ingo Hahn (AfD | MdB) warnt vor: „HERBST DES KLIMAWAHNS!“🚨,1,1,0
UCiTKi7Ahf3E2yMGpmIxSvgw,Deutschland Kurier,yE1cldbjatQ,HILFE! Baerbock will die klimapolitische Weltherrschaft | Oliver Flesch & Daniel Matissek,1,1,0
UCiTKi7Ahf3E2yMGpmIxSvgw,Deutschland Kurier,qxiLe0ztER8,„Die deutschen Rentenkassen sind kein Selbstbedienungsladen für Fremde!“ | Benjamin Nolte (AfD),1,1,0
UCiTKi7Ahf3E2yMGpmIxSvgw,Deutschland Kurier,8sSrwYmHabM,Abrechnung und Hoffnung: Matthias Matusseks Jahresrück- und ausblick,1,1,0
UCiTKi7Ahf3E2yMGpmIxSvgw,Deutschland Kurier,rROS0SPIJn4,"„Wir sprechen aus, was andere verschweigen: ‚Rassismus gegen Weiße‘ ist Realität!“",1,1,0
UCiTKi7Ahf3E2yMGpmIxSvgw,Deutschland Kurier,343-MEgVa5Q,Schluss mit Indoktrination in Schulen: „Unsere Kinder müssen wieder neutral unterrichtet werden!“,1,1,0
UCiTKi7Ahf3E2yMGpmIxSvgw,Deutschland Kurier,sCbRmr3DY8g,Pegida in Dresden: Ukraine-Konflikt — „Diplomatie statt Waffen!“,1,1,0
UCiTKi7Ahf3E2yMGpmIxSvgw,Deutschland Kurier,_IZLQK4fvWo,Seltene Erden: China verhängt Ausfuhrstopp - mit fatalen Folgen für Deutschland | Jurij Kofner (AfD),1,1,0
UCiTKi7Ahf3E2yMGpmIxSvgw,Deutschland Kurier,IXvJGwtrOwU,"AfD-Politiker fordern Kurswechsel für Wirtschaft, Energie und Mittelstand!",1,1,0
UCiTKi7Ahf3E2yMGpmIxSvgw,Deutschland Kurier,bhpwgcC9q1k,Schafft Olaf Scholz Deutschland endgültig ab? | Eine Analyse des Bestsellerautors Dr. Thilo Sarrazin,1,1,0
UCiTKi7Ahf3E2yMGpmIxSvgw,Deutschland Kurier,wuW7nSw71eA,„Wir werden Jobabbau und Bürokratie-Irrsinn beenden!“ | Markus Frohnmaier (AfD),1,1,0
UCiTKi7Ahf3E2yMGpmIxSvgw,Deutschland Kurier,VVqkz8vjsyg,SÄUREATTACKE auf Brandenburger AfD-Büroleiter! Polizei ermittelt | Lena Kotré  (AfD) im Gespräch,1,1,0
UCnk0-FU1ybs9MpWg8g3yqMw,Politik & Co ,hvJPOFUfuB4,💥EIL💥STREAMERIN WIRD IN KÖLN VON 'JUNGEN MÄNNERN MIT B*LLERN BEWORFEN,1,1,0
UCnk0-FU1ybs9MpWg8g3yqMw,Politik & Co ,t_AZ1htGY1c,Baerbock  Skandal bei Illner [Reaction Video],1,1,0
UCnk0-FU1ybs9MpWg8g3yqMw,Politik & Co ,WF0-PBUdZFM,W*FFENLOBBYISTIN  Strack-Zimmermann VON MODERATORIN ENTLARVT,1,1,0
UCnk0-FU1ybs9MpWg8g3yqMw,Politik & Co ,KmPH7C98zdY,💥EIL💥ANTIFA DROHT AFD-JUGEND UND BESCHWERT SICH DANN DARÜBER DASS BEHÖRDEN STADTVERBOT ERTEILEN...,1,1,0
UCnk0-FU1ybs9MpWg8g3yqMw,Politik & Co ,jxbA1ip_Ncs,💥EIL💥CDU WURDER VERARSCHT VON SPD ! JULIAN REICHELT MIT SCHOCKENTHÜLLUNG FÜR MERZ !,1,1,0
UCnk0-FU1ybs9MpWg8g3yqMw,Politik & Co ,hPd2SPL4oVQ,ANSAGE AN ALICE WEIDEL HAHAHA,1,1,0
UCnk0-FU1ybs9MpWg8g3yqMw,Politik & Co ,bTtyhnbSLx8,Stadtbild in NewCastle außer Kontrolle !?,1,1,0
UCnk0-FU1ybs9MpWg8g3yqMw,Politik & Co ,0UUk94yaN38,"""Pinocchio für Arme"" - AfD-Politiker entlarvt Merz nach Treffen mit Syrien-Machthaber !",1,1,0
UCnk0-FU1ybs9MpWg8g3yqMw,Politik & Co ,ZJnsrH73MwE,💥EIL💥NACH ERFOLG DER AFD: RALF STEGNER BLAMIERT SICH IN WELT INTERVIEW !,1,1,0
UCnk0-FU1ybs9MpWg8g3yqMw,Politik & Co ,Ztb07Yyku3Y,"""Arbeit muss sich nicht lohnen"" - Unfassbare Aussage von linkem Kommunalpolitiker bei die 100..",1,1,0
UCnk0-FU1ybs9MpWg8g3yqMw,Politik & Co ,4Z8CPP01UxM,💥EIL💥ULF POSCHARDT ENTLARVT BÖHMERMANN WEGEN ANTISEMITISMUS-VORWÜRFEN & DOPPELMORAL,1,1,0
UCnk0-FU1ybs9MpWg8g3yqMw,Politik & Co ,lalTzWewF1o,RICARDA LANG WIRD IN TALKSHOW VORGEFÜHRT,1,1,0
UCnk0-FU1ybs9MpWg8g3yqMw,Politik & Co ,UrRbTqeISGo,💥EIL💥PSYCHOLOGIN ZERLEGT DAS SELBSTBESTIMMUNGSGESETZ IN FETZEN,1,1,0
UCnk0-FU1ybs9MpWg8g3yqMw,Politik & Co ,lyzQtokgsfY,MONIKA GRUBER RECHNET MIT C*RONA-D*KTATUR AB,1,1,0
UCnk0-FU1ybs9MpWg8g3yqMw,Politik & Co ,Hfol7smQv6Y,💥EIL💥DR. KRALL ENTLARVT JENS SPAHN,1,1,0
UCpV9LpCg4uwYCQZ3qoEn_YQ,Aktien mit Kopf,BzOC1Goq_Mw,Breaking: US Richter verurteilt Biden Regierung!,1,1,0
UCpV9LpCg4uwYCQZ3qoEn_YQ,Aktien mit Kopf,_F1LfEozjzw,Maischberger: Laschet rutscht die Wahrheit raus!,1,1,0
UCpV9LpCg4uwYCQZ3qoEn_YQ,Aktien mit Kopf,AR8C1tCRrTM,Der TECH CRASH! Teladoc und WAS nun? 80.000 Euro weg & Motivationsmangel,1,1,0
UCpV9LpCg4uwYCQZ3qoEn_YQ,Aktien mit Kopf,Jhgqz8-W3v4,Merkel lässt Politbombe über Merz platzen!,1,1,0
UCpV9LpCg4uwYCQZ3qoEn_YQ,Aktien mit Kopf,7F8q1RDo88Y,Tino Chrupalla in Bestform: Journalist empört über Moderator!,1,1,0
UCpV9LpCg4uwYCQZ3qoEn_YQ,Aktien mit Kopf,l-D85UyfNUY,USA: Joe Biden völlig von der Rolle!,1,1,0
UCpV9LpCg4uwYCQZ3qoEn_YQ,Aktien mit Kopf,cPEE9NxpJ2c,Weltwirtschaftskrise: Wir sind kurz vor einem Ölkrieg!,1,1,0
UCpV9LpCg4uwYCQZ3qoEn_YQ,Aktien mit Kopf,RtzyARJcr1g,Demokratie Desaster bei Maischberger!,1,1,0
UCpV9LpCg4uwYCQZ3qoEn_YQ,Aktien mit Kopf,Q2ziO83CYRU,"JD Vance stinksauer auf ISRAEL! ""Ihr könnt euch nicht ewig aus euren Problemen heraustöten!""",1,1,0
UCpV9LpCg4uwYCQZ3qoEn_YQ,Aktien mit Kopf,lLgGFUYV9oM,Marco Rubio: BR24 TOTAL-Schaden nach US-Bericht!,1,1,0
UCpV9LpCg4uwYCQZ3qoEn_YQ,Aktien mit Kopf,xNS3mbbKNYc,"Tino Chrupalla: ""EinstichsteIIe am Körper""",1,1,0
UCpV9LpCg4uwYCQZ3qoEn_YQ,Aktien mit Kopf,BoKMkBznM2k,Tesla: Michael Burry wettet mit 500 Millionen Dollar gegen Tesla Aktie,1,1,0
UCpV9LpCg4uwYCQZ3qoEn_YQ,Aktien mit Kopf,oelL2oTC6Og,Schnell weg! Nach Faeser-Niederlage flüchtet Staatsanwalt aus dem Gerichtsgebäude!,1,1,0
UCpV9LpCg4uwYCQZ3qoEn_YQ,Aktien mit Kopf,IIXMbdhmV3E,Orban vs. Selenski: Ukraine-Krieg erreicht brandgefährliche Dimension,1,1,0
UCpV9LpCg4uwYCQZ3qoEn_YQ,Aktien mit Kopf,8g2vicbqpOs,Vor 10 Minuten: Es wird noch viel schlimmer!,1,1,0
UCq-b0dwW97YRZWgSCikWQRA,DIE WELTWOCHE,ngFcsy9yiEQ,"Deutschlands Kriegstreiber: Dienstverweigerer und Frauen - Weltwoche Daily DE, 06.02.2023",1,0,-1
UCq-b0dwW97YRZWgSCikWQRA,DIE WELTWOCHE,r6gvZrkzbPY,Zehn-Millionen-Schweiz: Zuwanderung ist schlecht! – Weltwoche Daily CH,0,0,0
UCq-b0dwW97YRZWgSCikWQRA,DIE WELTWOCHE,1tINge2dxog,"China-Lockdown: Daily-kritische Stimme aus Schanghai - Weltwoche Daily CH, 11.05.2022",0,0,0
UCq-b0dwW97YRZWgSCikWQRA,DIE WELTWOCHE,2goXwOKn1xU,Fall Maassen: Wer schützt die Deutschen vor den Verfassungsschützern? - Weltwoche Daily DE,0,0,0
UCq-b0dwW97YRZWgSCikWQRA,DIE WELTWOCHE,qnsrZ6yeuko,Meilensteine: Prof. Mörgeli über das idyllische La Tène – und wie es weltweit für Furore sorgte,1,1,0
UCq-b0dwW97YRZWgSCikWQRA,DIE WELTWOCHE,upcIt5J5nnc,«Wir kommen in eine Pseudodemokratie»: Roger Köppel im Gespräch mit Roland Tichy,1,1,0
UCq-b0dwW97YRZWgSCikWQRA,DIE WELTWOCHE,0AR_8gIdGMc,Meilensteine: Prof. Mörgeli über das Paul-Scherrer-Institut und die Atombombe,1,1,0
UCq-b0dwW97YRZWgSCikWQRA,DIE WELTWOCHE,wVxcalKVt7Q,Trotz berechtigter WEF-Kritik: Fairness für Klaus Schwab – Hubis Bundeshaus,0,1,1
UCq-b0dwW97YRZWgSCikWQRA,DIE WELTWOCHE,9FagKqhSAP4,Warum mehr direkte Demokratie Deutschland gut tun würde.,1,1,0
UCq-b0dwW97YRZWgSCikWQRA,DIE WELTWOCHE,T8cRxubcErY,Köppel aus Moskau: Rückblick und die neue Ausgabe für Deutschland Vorschau «Weltwoche Deutschland»,0,1,1
UCq-b0dwW97YRZWgSCikWQRA,DIE WELTWOCHE,AOhT-latnbg,Doppeladler: Xhaka und Co. verraten Schweizer Fussballwerte – Weltwoche Daily CH,0,0,0
UCq-b0dwW97YRZWgSCikWQRA,DIE WELTWOCHE,QaRrn9YSc5k,"«Das ist nicht mehr meine Linke»: Nachdenkseiten-Berger über Grüne, die keine Frieden mehr wollen",1,1,0
UCq-b0dwW97YRZWgSCikWQRA,DIE WELTWOCHE,Bizj0umjENo,Stunde der Patrioten: Zuger Milliardäre wehren sich für die Volksrechte. Bravo – Weltwoche Daily CH,0,0,0
UCq-b0dwW97YRZWgSCikWQRA,DIE WELTWOCHE,1lLDun5UpBk,Absurde Bürgenstock-Konferenz: Neutralitäts-Lebenslüge von Bundesrat Cassis – Weltwoche Daily CH,0,0,0
UCq-b0dwW97YRZWgSCikWQRA,DIE WELTWOCHE,4hX7rN76ec8,St. Galler Impfdiktat – Weltwoche Daily CH,0,0,0
UCqZSdUJqd2T0oqr6BEA3ONw,Oli,WzWP_HSinVc,💥CDU wird AUFGETEILT: WEGEN AfD Zusammenarbeit,1,1,0
UCqZSdUJqd2T0oqr6BEA3ONw,Oli,pRfzlVAkh1k,Demo Berlin: Aufstand für Frieden 😍,1,1,0
UCqZSdUJqd2T0oqr6BEA3ONw,Oli,QAbrG0m79iE,💥Weidel unter Beschuss: Protestaktion sprengt Sommerinterview,1,1,0
UCqZSdUJqd2T0oqr6BEA3ONw,Oli,OyPgBu29H7A,💥Altparteien wollen Wahlen ABSCHAFFEN!!,1,1,0
UCqZSdUJqd2T0oqr6BEA3ONw,Oli,mR2KTY5ogXw,💥JETZT holt Klingbeil seine dunkle Vergangenheit ein!,1,1,0
UCqZSdUJqd2T0oqr6BEA3ONw,Oli,o6z9apg_ih4,ENDLOSSCHLEIFE! Nächster Lockdown KOMMT!,1,1,0
UCqZSdUJqd2T0oqr6BEA3ONw,Oli,OPUVVKexkQM,💥JETZT dreht sich der WIND! von der Leyen AUßER SICH vor Wut,1,1,0
UCqZSdUJqd2T0oqr6BEA3ONw,Oli,vG_Cwvzjz5Y,AfD Oberbürgermeister in Nordhausen soll VERHINDERT werden,1,1,0
UCqZSdUJqd2T0oqr6BEA3ONw,Oli,uajUnn3fyfE,💥EILT! Koalition vor dem Ende! Weidel hat ANGEBOT gemacht!,1,1,0
UCqZSdUJqd2T0oqr6BEA3ONw,Oli,5jLsVmGT3QA,💥EILT: Großer SIEG für AfD! Berger geht in Landtag!,1,1,0
UCqZSdUJqd2T0oqr6BEA3ONw,Oli,2SQtI6DPb6Y,💥AfD Rekord ERGEBNIS bei Hamburg Wahl,1,1,0
UCqZSdUJqd2T0oqr6BEA3ONw,Oli,bObirKzXpDE,So unglaublich betrügt uns die Regierung!,1,1,0
UCqZSdUJqd2T0oqr6BEA3ONw,Oli,9q7fGyELwxw,SCHWERER VORWURF! Chrupalla und AfD VERRATEN ihre WÄHLER!,1,1,0
UCqZSdUJqd2T0oqr6BEA3ONw,Oli,MiB3FQ0u7Kw,TAUSENDE Jobs weg: Ampel hat DIESE Branche auf dem GEWISSEN,1,1,0
UCqZSdUJqd2T0oqr6BEA3ONw,Oli,evg5jqpPp-M,Baerbock blamiert DEUTSCHLAND schon wieder!,1,1,0
UCsekpwdMv9PBCOftuuKncfw,FinanzmarktWelt.de,du-JFFeLIAE,Gold: Heute das Rally-Ende durch die US-Notenbank Fed? Videoausblick,1,1,0
UCsekpwdMv9PBCOftuuKncfw,FinanzmarktWelt.de,ju9pBuZJR2M,Der März wird turbulent! Marktgeflüster,1,1,0
UCsekpwdMv9PBCOftuuKncfw,FinanzmarktWelt.de,Ts3e6Hs5O-U,Zölle drohen: Wie Europas Konzerne die EU-Strategie untergraben,1,1,0
UCsekpwdMv9PBCOftuuKncfw,FinanzmarktWelt.de,7yRdiI9Vj7k,Dow mit Zwischenziel 31.300 Punkte - was dann möglich ist,1,1,0
UCsekpwdMv9PBCOftuuKncfw,FinanzmarktWelt.de,ekyXbdJayS8,"Trump-Bashing gegen die Fed, EZB senkt Zinsen in Stagflation! Videoausblick",1,1,0
UCsekpwdMv9PBCOftuuKncfw,FinanzmarktWelt.de,oK8c6K_p7xY,"Trump-China Handelskrieg, US-Waffen gegen Russland - und KI-Opium! Videoausblick",1,1,0
UCsekpwdMv9PBCOftuuKncfw,FinanzmarktWelt.de,9zOSkI75o4E,Begeht die Fed einen Fehler? Marktgeflüster,1,1,0
UCsekpwdMv9PBCOftuuKncfw,FinanzmarktWelt.de,8NdbtGywc30,Nasdaq und KI-Aktien: Kommt jetzt die Erdrutsch-Rotation? Marktgeflüster,1,1,0
UCsekpwdMv9PBCOftuuKncfw,FinanzmarktWelt.de,ksPBmkFozNQ,Nasdaq: Tech-Aktien-Massaker - Bitcoin im freien Fall? Marktgeflüster,1,1,0
UCsekpwdMv9PBCOftuuKncfw,FinanzmarktWelt.de,Xb-x_Z-FiWQ,US-Aktienmärkte: Beste Woche des Jahres - dank Fed-Chef Powell! Marktgeflüster,1,1,0
UCsekpwdMv9PBCOftuuKncfw,FinanzmarktWelt.de,MW3axctcins,Nvidia-Zahlen: Das ganz große Ding? Was auf dem Spiel steht! Marktgeflüster,1,1,0
UCsekpwdMv9PBCOftuuKncfw,FinanzmarktWelt.de,8FHppDOKHq4,"Nasdaq Allzeithoch, Bären ausgestorben, Stimmung superbullisch! Videoausblick",1,1,0
UCsekpwdMv9PBCOftuuKncfw,FinanzmarktWelt.de,c2Ewu3qS3V4,Vor der Fed: Bullisches Setup im Bärenmarkt! Marktgeflüster,1,1,0
UCsekpwdMv9PBCOftuuKncfw,FinanzmarktWelt.de,tAYvbiOzbUE,"Korrektur, dann Anstieg im Dax? Charttechnik mit Rüdiger Born",1,1,0
UCsekpwdMv9PBCOftuuKncfw,FinanzmarktWelt.de,qK6lqK71pFY,Flash Mob - jetzt wird es gefährlich! Marktgeflüster,1,1,0
UCthYpKoujTMmDX75fGr5o8A,Mathias von Gersdorff,tD03089PdGw,Grüne Mobilisierung vor Wahl wird Desaster - Luisa Neubauer & Co. am Ende,1,1,0
UCthYpKoujTMmDX75fGr5o8A,Mathias von Gersdorff,VXQYw1MDODc,"Faesers ""Mutter aller Schlachten"" führt zu massiven historischen Umbrüchen",1,1,0
UCthYpKoujTMmDX75fGr5o8A,Mathias von Gersdorff,owTSwbkQZWM,Grünen-Chefin Franziska Brantner völlig bei Lanz zerlegt! Ideologie macht Grüne blind für Realität,1,1,0
UCthYpKoujTMmDX75fGr5o8A,Mathias von Gersdorff,Y7F5jflIdCA,Brandmauer macht CDU für Wähler völlig uninteressant - Bundestagswahl 2.0,1,1,0
UCthYpKoujTMmDX75fGr5o8A,Mathias von Gersdorff,f8pU7ZehBD0,"""Instrumentalisierung"": Selbst reformistisches Lager hat nichts übrig für die deutsche Pseudo-Synode",1,1,0
UCthYpKoujTMmDX75fGr5o8A,Mathias von Gersdorff,L2n6PYv19Kw,"In Europa-Treffen Weltsynode prallen konträre Positionen aufeinander zu Ehe, Familie, Moral etc.",1,1,0
UCthYpKoujTMmDX75fGr5o8A,Mathias von Gersdorff,ompAPPSWoPg,"SPD, Grüne platt machen: Mit schriller Feind/Freund-Polarisierung stärkste linke Kraft werden",1,1,0
UCthYpKoujTMmDX75fGr5o8A,Mathias von Gersdorff,JigbijA27nE,Hl. Anna Schäffer beschreibt Weihnachten und wie unsere Einstellung sein sollte,1,1,0
UCthYpKoujTMmDX75fGr5o8A,Mathias von Gersdorff,swoRUpkK0dk,Angriff auf katholisches Kirchenverständnis beim ÖKT,1,1,0
UCthYpKoujTMmDX75fGr5o8A,Mathias von Gersdorff,Rm4AQ6Lq92g,Deutscher Kirchen-Konflikt geht in Phase harter Fronten und des Schaffens machtpolitischer Fakten,1,1,0
UCthYpKoujTMmDX75fGr5o8A,Mathias von Gersdorff,gi-Urnc2RC0,"""Gravierender Widerspruch zum GG"" - ""Ein Ministerpräsident steht nicht über Verfassung""",1,1,0
UCthYpKoujTMmDX75fGr5o8A,Mathias von Gersdorff,Ai2tyKI4OxE,Tendenzen und Erwartungen - meine Einschätzung - Linke verbreiten nur Unfug,1,1,0
UCthYpKoujTMmDX75fGr5o8A,Mathias von Gersdorff,gzUge3Wym7M,"AfD-Verbot wird Koalitionsbedingung für Grüne - Total auf ""Kampf gegen Rechts"" Modus",1,1,0
UCthYpKoujTMmDX75fGr5o8A,Mathias von Gersdorff,9ff7c6GmNW0,"Verzweifelter versuch, Synodalen Weg zu rechtfertigen - Bätzing dämpf deutlich Erwartungen",1,1,0
UCthYpKoujTMmDX75fGr5o8A,Mathias von Gersdorff,pIVoJuAlTr8,"Erzbf Gądecki sehr besorgt über Weltsynode: Ideologisierte Begriffe, Angriff auf Hierarchie u. Moral",1,1,0
UCvOXPxj9VHHUQjGWENjpceg,Oli investiert,7DL8w-zm-gQ,AfD stärkste Partei mit 33 Prozent POTENTIAL,1,1,0
UCvOXPxj9VHHUQjGWENjpceg,Oli investiert,45R02QktSvY,Habe ich mich mit dem Hausbau verzockt? (Immobilienblase),1,1,0
UCvOXPxj9VHHUQjGWENjpceg,Oli investiert,8zJT2tNTtvo,💥GRÜNE außer sich: AfD ÜBERNIMMT SITZUNG UNGEWÄHLT!!,1,1,0
UCvOXPxj9VHHUQjGWENjpceg,Oli investiert,3CgsZQ38emA,💥BEUNRUHIGEND: Polizei findet KEINEN Täter in Wuppertal!!,1,1,0
UCvOXPxj9VHHUQjGWENjpceg,Oli investiert,jnQaoj2fhNs,💥Angriff auf Polen! Drohen ABGEWEHRT folgt der Nato Rückschlag?,1,1,0
UCvOXPxj9VHHUQjGWENjpceg,Oli investiert,3cJMI2rBcrM,💥Verona Pooth redet KLARTEXT: DAS wird Folgen haben,1,1,0
UCvOXPxj9VHHUQjGWENjpceg,Oli investiert,1ZWIwFlMayo,Mehr FACHKRÄFTE als Deutsche erhalten Bürgergeld,1,1,0
UCvOXPxj9VHHUQjGWENjpceg,Oli investiert,8R9_ohuZIDY,Steinmeier ESKALIERT in ZDF Sommerinterview!,1,1,0
UCvOXPxj9VHHUQjGWENjpceg,Oli investiert,ZjfxvoFN-4c,💥Skandal um Merz: Strafanzeigen wegen Wählertäuschung,1,1,0
UCvOXPxj9VHHUQjGWENjpceg,Oli investiert,pAAcWrTmvlk,💥Skandal um Querdenken Michael Ballweg: Gericht will Prozess einstellen,1,1,0
UCvOXPxj9VHHUQjGWENjpceg,Oli investiert,3fv3E9oM9eg,Schaeffler Chef RASTET AUS und rechnet mit Deutschland ab,1,1,0
UCvOXPxj9VHHUQjGWENjpceg,Oli investiert,vq-D-ixHiNM,💥Email Leak: Magdeburg SICHERHEITSLÜCKEN waren bekannt!!,1,1,0
UCvOXPxj9VHHUQjGWENjpceg,Oli investiert,OCb3A8GI4R8,💥Gelsenkirchen neue Spur und Details die FRAGEN aufwerfen,1,1,0
UCvOXPxj9VHHUQjGWENjpceg,Oli investiert,J8C9aRBAusY,💥Skandal in Thüringen: Innenminister Maier deckt AfD-Spionage für Russland auf!,1,1,0
UCvOXPxj9VHHUQjGWENjpceg,Oli investiert,xnccaPvM7Gw,Ablenkungsmanöver: EZB will Euro SCHEINE neu gestalten!,1,1,0
UCyH9w3VhfZPdjH28VFeoHUA,Kontrafunk - Die Stimme der Vernunft,NHHWJkT-LCQ,Serge Menga - Gibt es Rassismus von links?,1,1,0
UCyH9w3VhfZPdjH28VFeoHUA,Kontrafunk - Die Stimme der Vernunft,TpQDsBdM1oQ,Umgang mit Wildtieren in Privathänden – was in Deutschland falsch läuft,1,1,0
UCyH9w3VhfZPdjH28VFeoHUA,Kontrafunk - Die Stimme der Vernunft,oR8R0KTENfI,"Tondokument: Thilo Sarrazin, Ralf Schuler, Birgit Kelle, Dieter Schönecker – Moral als Keule",1,1,0
UCyH9w3VhfZPdjH28VFeoHUA,Kontrafunk - Die Stimme der Vernunft,QqXKLC0pOB8,Thailand und Paraguay,1,1,0
UCyH9w3VhfZPdjH28VFeoHUA,Kontrafunk - Die Stimme der Vernunft,1ENwBP5xBB0,Ludgers Welt: Kennzeichen des Menschseins ist seine Verletzlichkeit,1,1,0
UCyH9w3VhfZPdjH28VFeoHUA,Kontrafunk - Die Stimme der Vernunft,vOP8CtTxBl0,Kirche im Kontrafunk: „Die Verleugnung des Petrus“,1,1,0
UCyH9w3VhfZPdjH28VFeoHUA,Kontrafunk - Die Stimme der Vernunft,wYZUixQQBOI,Vorsicht! Deutschland hat UNO-fertig!,1,1,0
UCyH9w3VhfZPdjH28VFeoHUA,Kontrafunk - Die Stimme der Vernunft,W_IS0wyrdGY,"Menschenbilder:Giuseppe Gracia spricht mit Jeannette Fischer über ""Toxische Weiblichkeit""",1,1,0
UCyH9w3VhfZPdjH28VFeoHUA,Kontrafunk - Die Stimme der Vernunft,T7Oxvtctwbg,Sind wir Sadomasochisten?,1,1,0
UCyH9w3VhfZPdjH28VFeoHUA,Kontrafunk - Die Stimme der Vernunft,2GFwuDEjLtM,1.11.2024 Matussek! - Aufarbeitung,1,1,0
UCyH9w3VhfZPdjH28VFeoHUA,Kontrafunk - Die Stimme der Vernunft,W7wZ4uzHtWA,KONTRAFUNK aktuell vom 9. Januar 2024,0,0,0
UCyH9w3VhfZPdjH28VFeoHUA,Kontrafunk - Die Stimme der Vernunft,uk481_LuRxM,Reden über Deutschland - mit Paul Brandenburg 4,1,1,0
UCyH9w3VhfZPdjH28VFeoHUA,Kontrafunk - Die Stimme der Vernunft,pB1wxUk1b6w,"Fernruf: Verliebt auf der Insel, aufgeblüht in Asien – Italien und Thailand",1,1,0
UCyH9w3VhfZPdjH28VFeoHUA,Kontrafunk - Die Stimme der Vernunft,bFuM82IrXPg,Die Sonntagsrunde mit Burkhard Müller-Ullrich: Entgeht Ungarn dem Untergang?  ,1,1,0
UCyH9w3VhfZPdjH28VFeoHUA,Kontrafunk - Die Stimme der Vernunft,RmJPp1t-AOo,"Kennedy-Akten, Neuverschuldung der BRD, Proteste in Israel, Konstituierung des 21. Dt. Bundestages.",0,1,1
