video_id,title,channel_title,channel_id,published_at,duration,view_count,like_count,comment_count,month,is_short,ideology_group,populism_group,subscribers,views_per_subscriber,has_keyword,log_views_per_subscriber
3yHUUden3SI,Der barbarische Angriff auf Israel,Peter Weber,UC1qFtRUgiodtHFWRs3RY1lg,2023-11-23 18:00:03,0 days 00:16:19,744.0,119.0,,2023-11,False,right,high,116000.0,0.006413793103448276,True,0.0063933122590799805
BIae_hfit0w,Krieg in Israel und die deutsche Scheinheiligkeit - Jubel über ermordete Israelis in Berlin,Peter Weber,UC1qFtRUgiodtHFWRs3RY1lg,2023-11-04 07:00:03,0 days 00:16:13,1591.0,255.0,,2023-11,False,right,high,116000.0,0.01371551724137931,True,0.013622310817300276
Lgy4D5PY-Uc,Talk im Hangar-7 – Krieg in Israel: Zerreißprobe für unsere Werte? #shorts,ServusTV On,UC-7qscJH_SncZvCm9Ty014Q,2023-11-03 17:14:03,0 days 00:00:22,7908.0,117.0,2.0,2023-11,True,right,moderate,389000.0,0.02032904884318766,True,0.020125172178072116
TOz9XqqKibo,Talk im Hangar-7: Krieg in Israel - Zerreißprobe für unsere Werte? | Kurzfassung,ServusTV On,UC-7qscJH_SncZvCm9Ty014Q,2023-11-03 14:30:22,0 days 00:21:10,57781.0,649.0,501.0,2023-11,False,right,moderate,389000.0,0.14853727506426737,True,0.13848919805288554
MoPYqgyxGg4,Talk im Hangar-7: Israel im Krieg – Versinkt die Welt im Terror? | Kurzfassung,ServusTV On,UC-7qscJH_SncZvCm9Ty014Q,2023-10-13 12:30:04,0 days 00:18:33,315267.0,4008.0,2782.0,2023-10,False,right,moderate,389000.0,0.8104550128534704,True,0.5935782020018205
fWhUMNej9no,ZDF löscht heikle Szene aus BAERBOCK Israel Interview!!,Oli redet,UCXpvI8jeu166he5e_Emo2ig,2023-10-12 21:50:01,0 days 00:08:23,21672.0,2430.0,355.0,2023-10,False,right,moderate,141000.0,0.15370212765957447,True,0.14297601315463693
rDq5lRFWws4,Straffällige Islamisten konsequent abschieben! #gaza #islam #hamas #deutschland,AfD-Fraktion Bundestag,UC_dZp8bZipnjntBGLVHm6rw,2023-11-07 10:19:12,0 days 00:00:48,14089.0,2835.0,186.0,2023-11,True,right,high,621000.0,0.022687600644122383,True,0.02243406461838586
w2Lvyi5Nr8c,Keine Unterstützung für palästinische Terrororganisationen! Gerold Otten- AfD-Fraktion im Bundestag,AfD-Fraktion Bundestag,UC_dZp8bZipnjntBGLVHm6rw,2023-10-21 07:00:32,0 days 00:04:22,9435.0,1642.0,93.0,2023-10,False,right,high,621000.0,0.015193236714975845,True,0.015078975373564067
AIOZVoEkh_c,Hamas auf unseren Straßen: Dieser Islam gehört nicht zu 🇩🇪! Jürgen Braun- AfD-Fraktion im Bundestag,AfD-Fraktion Bundestag,UC_dZp8bZipnjntBGLVHm6rw,2023-10-12 12:00:13,0 days 00:03:41,54039.0,5408.0,506.0,2023-10,False,right,high,621000.0,0.08701932367149759,True,0.08343938504775733
fuiDd7yPkMM,Hamas-Terror: Matthias Moosdorf kritisiert die Heuchelei der SPD - AfD-Fraktion im Bundestag,AfD-Fraktion Bundestag,UC_dZp8bZipnjntBGLVHm6rw,2023-10-12 10:33:55,0 days 00:03:36,192605.0,12339.0,743.0,2023-10,False,right,high,621000.0,0.31015297906602257,True,0.27014390830804486
HjAlsENa1LI,Alexander Gauland zur Lage im Nahen Osten! - AfD-Fraktion im Bundestag,AfD-Fraktion Bundestag,UC_dZp8bZipnjntBGLVHm6rw,2023-10-12 08:36:01,0 days 00:04:44,260828.0,16646.0,1447.0,2023-10,False,right,high,621000.0,0.42001288244766505,True,0.3506659437182607
Z5zuUCHunBo,Der barbarische Angriff auf Israel,Hallo Meinung,UCbanHTRuGv2Fi7flpO735yw,2023-11-23 18:00:18,0 days 00:16:19,3494.0,468.0,,2023-11,False,right,high,173000.0,0.020196531791907515,True,0.019995286963474416
7wf-J1SC5dc,Krieg in Israel und die deutsche Scheinheiligkeit - Jubel über ermordete Israelis in Berlin,Hallo Meinung,UCbanHTRuGv2Fi7flpO735yw,2023-11-04 07:00:03,0 days 00:16:13,6416.0,1023.0,,2023-11,False,right,high,173000.0,0.03708670520231214,True,0.03641553732620894
z0OVuL3-l4E,Krieg in Israel: 300 Euro für ein Rettungsticket nach Deutschland | Klartext,POLITIK SPEZIAL - Stimme der Vernunft ,UCi5RJM_p1NajcGdBQfjyU4A,2023-10-12 12:47:53,0 days 00:04:39,30259.0,5658.0,1100.0,2023-10,False,right,high,323000.0,0.09368111455108359,True,0.08954917572443538
lHRjE0SzMFI,Israel : Waffenstillstand mindestens um einen Tag verlängert,FinanzmarktWelt.de,UCsekpwdMv9PBCOftuuKncfw,2023-11-30 08:21:37,0 days 00:05:45,779.0,41.0,1.0,2023-11,False,right,moderate,105000.0,0.007419047619047619,True,0.00739166185271717
MhVVZxNtdhY,Neue Informationen von der Israel-Hamas...,FinanzmarktWelt.de,UCsekpwdMv9PBCOftuuKncfw,2023-11-06 08:11:02,0 days 00:04:17,2924.0,152.0,0.0,2023-11,False,right,moderate,105000.0,0.027847619047619048,True,0.027466925547322208
HfgKjGSigGE,"Israel-Krieg: Aktienmärkte wachen auf, Gold und Öl mit starkem Anstieg! Marktgeflüster",FinanzmarktWelt.de,UCsekpwdMv9PBCOftuuKncfw,2023-10-13 18:07:18,0 days 00:13:11,26699.0,1699.0,143.0,2023-10,False,right,moderate,105000.0,0.2542761904761905,True,0.2265586655484582
QKybneKLH7k,"Israel-Krieg: Game changer für die Märkte? Born, Rahn, Fugmann",FinanzmarktWelt.de,UCsekpwdMv9PBCOftuuKncfw,2023-10-13 17:37:31,0 days 00:32:04,15588.0,909.0,101.0,2023-10,False,right,moderate,105000.0,0.14845714285714287,True,0.1384194266972986
_qOPLUS_9XU,Fed stoppt Israel-Abverkauf der Aktienmärkte - das ist jetzt der Schlüssel! Videoausblick,FinanzmarktWelt.de,UCsekpwdMv9PBCOftuuKncfw,2023-10-10 08:12:34,0 days 00:15:22,24447.0,1358.0,80.0,2023-10,False,right,moderate,105000.0,0.23282857142857144,True,0.20931118080044822
UHl6qo5FET0,Bullischer Dax trotz Hamas-Israel-Krieg - erst einmal,FinanzmarktWelt.de,UCsekpwdMv9PBCOftuuKncfw,2023-10-10 07:51:39,0 days 00:10:36,850.0,48.0,1.0,2023-10,False,right,moderate,105000.0,0.008095238095238095,True,0.008062647423350791
Uq3BzymFLqI,Israel-Krieg: Tanzen die Aktienmärkte auf einem Pulverfaß? Marktgeflüster,FinanzmarktWelt.de,UCsekpwdMv9PBCOftuuKncfw,2023-10-09 17:53:53,0 days 00:13:45,20438.0,1364.0,147.0,2023-10,False,right,moderate,105000.0,0.19464761904761904,True,0.17785126243991836
5CmKxzRNt4c,"Schwarzer Schwan Israel-Krieg: Ölpreis, Dollar, Aktienmärkte! Videausblick",FinanzmarktWelt.de,UCsekpwdMv9PBCOftuuKncfw,2023-10-09 08:12:18,0 days 00:14:27,29692.0,1625.0,183.0,2023-10,False,right,moderate,105000.0,0.28278095238095236,True,0.24903034025527326
XgGD6xZlnmU,Experte mit interessanter Sicht auf Aktienmärkte nach Hamas-Angriff,FinanzmarktWelt.de,UCsekpwdMv9PBCOftuuKncfw,2023-10-09 07:42:26,0 days 00:12:40,2505.0,113.0,5.0,2023-10,False,right,moderate,105000.0,0.023857142857142858,True,0.02357700795646887
jgjULEeeKPE,Könnte Jerusalem die Hure Babylon sein? ➤ Lass dich nicht täuschen!,EndzeitreporterMcM ,UCi-pZ-VukgK9uzymsA0LNQA,2023-11-28 14:20:09,0 days 00:22:12,7349.0,377.0,43.0,2023-11,False,right,moderate,109000.0,0.06742201834862385,True,0.0652464127250238
emKC1yYyzM0,Die Fälschung des Jahrtausends ➤ Die Protokolle gegen Israel,EndzeitreporterMcM ,UCi-pZ-VukgK9uzymsA0LNQA,2023-11-27 15:04:24,0 days 00:11:50,5020.0,306.0,22.0,2023-11,False,right,moderate,109000.0,0.04605504587155963,True,0.04502598937429211
nHnTL0WHUN4,Hamas im Christentum? ➤ Jesus hat uns gewarnt!,EndzeitreporterMcM ,UCi-pZ-VukgK9uzymsA0LNQA,2023-11-19 12:19:07,0 days 00:18:52,8924.0,498.0,33.0,2023-11,False,right,moderate,109000.0,0.08187155963302753,True,0.07869246693914643
tTZF2BJZxbo,Israel und die Reptiloiden ➤ David Ickes Antisemitismus | Nachtfragen [256],EndzeitreporterMcM ,UCi-pZ-VukgK9uzymsA0LNQA,2023-11-10 21:58:48,0 days 02:29:41,8900.0,382.0,31.0,2023-11,False,right,moderate,109000.0,0.081651376146789,True,0.07848892531418154
-suSYFN0bIA,Pierre Vogel über Israel ➤ Hat man den Palästinensers das Land geklaut?,EndzeitreporterMcM ,UCi-pZ-VukgK9uzymsA0LNQA,2023-11-05 12:19:57,0 days 00:17:07,11759.0,646.0,80.0,2023-11,False,right,moderate,109000.0,0.10788073394495414,True,0.10244894168749645
1lEm1WUJi78,"Wem gehört das Land Israel? ➤ Info, Vorschau und ein Dank aus Zypern",EndzeitreporterMcM ,UCi-pZ-VukgK9uzymsA0LNQA,2023-11-04 14:08:46,0 days 00:05:25,4824.0,390.0,28.0,2023-11,False,right,moderate,109000.0,0.04425688073394495,True,0.04330551353690099
v3wSldTHrmk,Die verlorenen Stämme Israels ➤ Gefunden in Europa? | Nachtfragen [255],EndzeitreporterMcM ,UCi-pZ-VukgK9uzymsA0LNQA,2023-11-03 21:46:14,0 days 02:23:50,9453.0,487.0,42.0,2023-11,False,right,moderate,109000.0,0.08672477064220184,True,0.08316837519717823
QbSjGBksAxw,Die Wahrheit über Palästina ➤ Eine tickende Endzeit-Bombe,EndzeitreporterMcM ,UCi-pZ-VukgK9uzymsA0LNQA,2023-10-29 13:12:14,0 days 00:14:16,13271.0,866.0,60.0,2023-10,False,right,moderate,109000.0,0.12175229357798165,True,0.11489201051459474
p5dgslNi388,Walter Veith irrt sich gewaltig! ➤ Israels Juden und die Khasaren,EndzeitreporterMcM ,UCi-pZ-VukgK9uzymsA0LNQA,2023-10-25 15:46:39,0 days 00:22:35,13056.0,403.0,115.0,2023-10,False,right,moderate,109000.0,0.11977981651376146,True,0.1131320735817573
62Es3mwUxn0,Die wahre Geschichte Israels ➤ Von Abraham bis Armageddon,EndzeitreporterMcM ,UCi-pZ-VukgK9uzymsA0LNQA,2023-10-22 11:02:16,0 days 00:46:44,13497.0,636.0,52.0,2023-10,False,right,moderate,109000.0,0.1238256880733945,True,0.11673865765983966
JgwlFjuWe0M,Israels Feinde verbünden sich! ➤ Der Endzeit-Krieg mit Iran | Nachtfragen [253],EndzeitreporterMcM ,UCi-pZ-VukgK9uzymsA0LNQA,2023-10-20 21:00:25,0 days 02:17:57,8427.0,318.0,20.0,2023-10,False,right,moderate,109000.0,0.0773119266055046,True,0.0744689816870494
eg33ImTnwig,Ex-Hamas-Kämpfer packt aus! ➤ Warum wechselte er die Seiten?,EndzeitreporterMcM ,UCi-pZ-VukgK9uzymsA0LNQA,2023-10-17 14:01:47,0 days 00:04:55,10094.0,688.0,39.0,2023-10,False,right,moderate,109000.0,0.09260550458715597,True,0.08856521502935188
znvD8nBN9Uw,"Jerusalem ist nicht mehr das, was es mal war!",EndzeitreporterMcM ,UCi-pZ-VukgK9uzymsA0LNQA,2023-10-14 15:27:48,0 days 00:04:26,10453.0,675.0,47.0,2023-10,False,right,moderate,109000.0,0.09589908256880735,True,0.0915751063382208
v2TrpQqAGeA,Ein Angriff auf Israel ist ein Angriff auf uns alle,AfD TV,UCq2rogaxLtQFrYG3X3KYNww,2023-10-12 14:26:34,0 days 00:04:15,18842.0,1921.0,594.0,2023-10,False,right,high,372000.0,0.050650537634408604,True,0.04940953197340534
ivloYXJyNNc,EKLAT in Israel wegen Ex Merkel Sprecher Steffen SEIBERT,Oli,UCqZSdUJqd2T0oqr6BEA3ONw,2023-09-18 12:30:22,0 days 00:08:23,25584.0,3203.0,258.0,2023-09,False,right,high,314000.0,0.08147770700636943,True,0.0783283531669664
bNqTEUa47co,Kann sich Amerika den Konflikt in Israel und Ukraine überhaupt leisten? 🫢🇺🇸#israel #ukraine,GELDDRUCKER,UCscq7owVpBCr1w3LQO1aGEw,2023-11-16 18:43:41,0 days 00:00:21,13562.0,223.0,69.0,2023-11,True,right,moderate,106000.0,0.1279433962264151,True,0.12039597116643497
gG5qiDaZtio,Helmut Schmidt: Trägt Deutschland Verantwortung für Israels Sicherheit? 🇩🇪🇮🇱 #shorts #israel,GELDDRUCKER,UCscq7owVpBCr1w3LQO1aGEw,2023-10-26 16:48:28,0 days 00:00:32,471971.0,19626.0,636.0,2023-10,True,right,moderate,106000.0,4.452556603773585,True,1.6960846002912222
Cyzhuz7yJvI,Das WAHRE GESICHT der USA bei ISRAEL! 😳🇺🇸🇮🇱 #shorts #usa #israel #biden,GELDDRUCKER,UCscq7owVpBCr1w3LQO1aGEw,2023-10-20 16:33:58,0 days 00:00:12,24945.0,758.0,65.0,2023-10,True,right,moderate,106000.0,0.2353301886792453,True,0.21133829360027379
PSG7KXvDrJk,Helmut Schmidt KRITISIERT ISRAEL! 🇮🇱❌ Berechtigt? #shorts #helmutschmidt #israel #deutschland,GELDDRUCKER,UCscq7owVpBCr1w3LQO1aGEw,2023-10-18 16:18:41,0 days 00:00:37,1242062.0,66155.0,1907.0,2023-10,True,right,moderate,106000.0,11.71756603773585,True,2.5429841903677723
XjZpTeKow4k,Gregor Gysi: WER HAT DIE HAMAS GEGRÜNDET? 😳🫢 #shorts #israel #palestine #hamas,GELDDRUCKER,UCscq7owVpBCr1w3LQO1aGEw,2023-10-12 17:23:23,0 days 00:00:35,3851426.0,149727.0,4886.0,2023-10,True,right,moderate,106000.0,36.33420754716981,True,3.619909998794873
zM1s508A0ec,Deutschland und Europa: Verlierer des Nahost-Konfliktes | Ein Kommentar von Maximilian Krah (AfD),Deutschland Kurier,UCiTKi7Ahf3E2yMGpmIxSvgw,2023-11-30 13:00:59,0 days 00:01:40,4481.0,1058.0,41.0,2023-11,False,right,high,381000.0,0.011761154855643045,True,0.0116925300213305
Z4RFAsad8Bo,Anti-Deutschland-Ampel: SPD fordert noch mehr Steuergeld für Gaza & Ukraine! | Maximilian Krah,Deutschland Kurier,UCiTKi7Ahf3E2yMGpmIxSvgw,2023-11-29 14:46:48,0 days 00:02:13,4135.0,922.0,53.0,2023-11,False,right,high,381000.0,0.010853018372703412,True,0.010794547048616637
yEFaMVJ1P-0,Der Nahost-Konflikt: Eine Zerreißprobe für die „grünen“ Klima-Sektierer! | Gerald Grosz,Deutschland Kurier,UCiTKi7Ahf3E2yMGpmIxSvgw,2023-11-15 15:00:51,0 days 00:02:31,10623.0,2415.0,94.0,2023-11,False,right,high,381000.0,0.02788188976377953,True,0.027500267206345696
R4XxKM6IcBM,#Hamas: Wo bleibt die Empörung der Woke-Schickeria? | Ein Kommentar von Gerald Grosz,Deutschland Kurier,UCiTKi7Ahf3E2yMGpmIxSvgw,2023-10-27 14:23:57,0 days 00:02:54,16651.0,3927.0,233.0,2023-10,False,right,high,381000.0,0.043703412073490815,True,0.042775361047580236
HgmK9aOKYis,Nahost-Konflikt: Militante Migranten marodieren in Europa!,Deutschland Kurier,UCiTKi7Ahf3E2yMGpmIxSvgw,2023-10-22 17:08:19,0 days 00:02:50,24580.0,3330.0,939.0,2023-10,False,right,high,381000.0,0.06451443569553805,True,0.06251876626981667
30-1ylTt4L8,Palästinenser-Randale: „Fachkräfte“ außer Rand und Band! | Ein Kommentar von Gerald Grosz,Deutschland Kurier,UCiTKi7Ahf3E2yMGpmIxSvgw,2023-10-13 14:00:04,0 days 00:04:17,36877.0,6868.0,518.0,2023-10,False,right,high,381000.0,0.09679002624671916,True,0.09238775572235955
mCOrD-mjaas,"Irre: Nach Protesten durch Israel-Krieg sagt Olaf Scholz, dass Bürger für Sicherheit sorgen sollen",Deutschland Kurier,UCiTKi7Ahf3E2yMGpmIxSvgw,2023-10-12 16:30:12,0 days 00:00:47,48507.0,5321.0,347.0,2023-10,True,right,high,381000.0,0.12731496062992126,True,0.11983866418575238
j0_T8ODrXbY,Warum die AfD pro Israel ist. #afd #ltnrw,AfD-Fraktion NRW,UCeP-mETJStV6mg34dfUl6rA,2023-11-06 17:00:38,0 days 00:00:34,12292.0,781.0,115.0,2023-11,True,right,high,168000.0,0.07316666666666667,True,0.07061377932799145
Hn5lp1SG8Zk,Weitere Zahlungen an die Hamas/Gaza,Boris von Morgenstern,UC7UmWgseKK7p3NPLo7RISdg,2023-11-15 14:51:52,0 days 00:01:00,8914.0,727.0,48.0,2023-11,False,right,high,189000.0,0.047164021164021165,True,0.04608557784611747
ktuo-yYH3oI,Bosetti will nicht über Israel reden,Boris von Morgenstern,UC7UmWgseKK7p3NPLo7RISdg,2023-11-10 16:00:07,0 days 00:15:39,38715.0,4265.0,877.0,2023-11,False,right,high,189000.0,0.20484126984126985,True,0.18634783199314578
Pr5jZG5eL0I,#Nura #prosieben #antisemitismus #hamas #israel,Boris von Morgenstern,UC7UmWgseKK7p3NPLo7RISdg,2023-10-10 14:25:24,0 days 00:00:57,29920.0,1510.0,261.0,2023-10,True,right,high,189000.0,0.1583068783068783,True,0.146959351216075
_FxjhkoWoZQ,#berlin #lehrer #palästina #schüler,Boris von Morgenstern,UC7UmWgseKK7p3NPLo7RISdg,2023-10-10 14:17:19,0 days 00:01:00,75206.0,3412.0,388.0,2023-10,False,right,high,189000.0,0.3979153439153439,True,0.33498208683884306
bhY-gojvpWI,Terror in Israel & deutscher Antisemitismus,Boris von Morgenstern,UC7UmWgseKK7p3NPLo7RISdg,2023-10-08 14:36:05,0 days 00:12:20,26889.0,2970.0,630.0,2023-10,False,right,high,189000.0,0.14226984126984127,True,0.133017371649485
2mBIzFmeN2s,Krieg in Israel wirft Fragen auf! (Insiderin berichtet),Marc Friedrich,UCSiFC1DCXr3p1YDzyu9rogA,2023-10-11 08:00:01,0 days 00:00:59,20025.0,1193.0,72.0,2023-10,True,right,high,718000.0,0.027889972144846797,True,0.02750813031724537
Xfz9gFr3BtU,Mossad und Armee versagen! Wie konnte das passieren? (False Flag),Marc Friedrich,UCSiFC1DCXr3p1YDzyu9rogA,2023-10-10 17:00:21,0 days 00:12:30,102176.0,6970.0,949.0,2023-10,False,right,high,718000.0,0.14230640668523678,True,0.13304938232580307
VilMGJdSt6o,Krieg in Israel - Insiderin berichtet exklusiv,Marc Friedrich,UCSiFC1DCXr3p1YDzyu9rogA,2023-10-09 19:38:38,0 days 00:25:58,149786.0,7178.0,948.0,2023-10,False,right,high,718000.0,0.20861559888579387,True,0.1894755714364105
ecB-ztv7lpQ,News: Hamas greifen Israel an!,Marc Friedrich,UCSiFC1DCXr3p1YDzyu9rogA,2023-10-07 14:00:32,0 days 00:00:49,40088.0,3664.0,261.0,2023-10,True,right,high,718000.0,0.055832869080779945,True,0.05432990484245342
yLAy7ipdjUg,Unfassbare Gräueltaten #achtungreichelt.#israel #hamas,"Achtung, Reichelt!",UCcoQ3WG2J_Xjwwyt-sJqh-w,2023-11-13 11:30:24,0 days 00:00:56,26258.0,1017.0,182.0,2023-11,True,right,high,562000.0,0.04672241992882562,True,0.04566377728131475
k0uCWGOIdFI,Entführt von der Hamas,"Achtung, Reichelt!",UCcoQ3WG2J_Xjwwyt-sJqh-w,2023-11-13 10:58:11,0 days 00:00:56,12937.0,595.0,39.0,2023-11,True,right,high,562000.0,0.023019572953736654,True,0.02275861968356117
eR3_CqDP064,Die geheime Hamas-Verstrickung,"Achtung, Reichelt!",UCcoQ3WG2J_Xjwwyt-sJqh-w,2023-10-31 13:40:15,0 days 00:00:58,56442.0,5035.0,208.0,2023-10,True,right,high,562000.0,0.1004306049822064,True,0.09570156227894426
m9yK1YJLs9c,Hamas-FC Bayern-Deal #achtungreichelt #fcbayern,"Achtung, Reichelt!",UCcoQ3WG2J_Xjwwyt-sJqh-w,2023-10-31 12:29:05,0 days 00:00:45,25548.0,2748.0,68.0,2023-10,True,right,high,562000.0,0.045459074733096086,True,0.04445609491484548
tMgXprdBJ9k,Links-Grüne ideologisieren Judenhass  #achtungreichelt #stimmedermehrheit #juden #israel #palestine,"Achtung, Reichelt!",UCcoQ3WG2J_Xjwwyt-sJqh-w,2023-10-18 08:46:37,0 days 00:00:33,28157.0,3533.0,115.0,2023-10,True,right,high,562000.0,0.05010142348754448,True,0.04888675330221293
1v1mCvEUD1g,Anti-Israelische Hassparade in London #achtungreichelt #stimmedermehrheit #israel #palestine,"Achtung, Reichelt!",UCcoQ3WG2J_Xjwwyt-sJqh-w,2023-10-17 11:12:28,0 days 00:01:00,25662.0,2538.0,149.0,2023-10,False,right,high,562000.0,0.04566192170818505,True,0.044650102794896826
DmoamxkhoMU,Steinmeier hofierte Juden-Hasser  #achtungreichelt #stimmedermehrheit #politik #israel,"Achtung, Reichelt!",UCcoQ3WG2J_Xjwwyt-sJqh-w,2023-10-11 12:02:59,0 days 00:00:57,38117.0,4262.0,260.0,2023-10,True,right,high,562000.0,0.0678238434163701,True,0.06562278631242656
UD3lVp2zpvE,Massaker in Israel #achtungreichelt #nius #stimmedermehrheit #progrom #genozid #antisemitismus,"Achtung, Reichelt!",UCcoQ3WG2J_Xjwwyt-sJqh-w,2023-10-09 17:46:45,0 days 00:00:56,25308.0,2357.0,265.0,2023-10,True,right,high,562000.0,0.04503202846975089,True,0.044047534200445694
IRXHch-SP74,"Tagesschau und Steinmeier: Die besten Freunde der Israel-Hasser | Achtung, Reichelt! vom 9. Oktober","Achtung, Reichelt!",UCcoQ3WG2J_Xjwwyt-sJqh-w,2023-10-09 14:59:00,0 days 00:22:27,476260.0,26016.0,4604.0,2023-10,False,right,high,562000.0,0.8474377224199289,True,0.6137996641624088
qYrnCfPHtLA,"""Keine Aufnahme von Migranten aus Gaza & dem Nahen Osten!"" - Alice Weidel #shorts",Alice Weidel,UCT0wo1uc6G3UTuM_MiacA9g,2023-10-17 13:58:47,0 days 00:00:28,121073.0,10305.0,699.0,2023-10,True,right,high,307000.0,0.3943745928338762,True,0.33244599419843257
oj8_LrSK6a0,„Geiselaustausch“: ARD vergleicht Hamas-Terroristen mit gekidnappten Babys #nius,NIUS,UCQGqiGhMjc_p4lZEhSTb12g,2023-11-27 10:07:35,0 days 00:00:19,3634.0,154.0,13.0,2023-11,True,right,high,532000.0,0.006830827067669173,True,0.0068076026697011256
FZmAbgb9YlY,Großrazzia in 4 Bundesländern – Schlag gegen Islamisten Netzwerk #nius #news #hamas #antisemitismus,NIUS,UCQGqiGhMjc_p4lZEhSTb12g,2023-11-23 15:26:14,0 days 00:00:59,6635.0,534.0,37.0,2023-11,True,right,high,532000.0,0.012471804511278195,True,0.012394672214542766
f6C6M-oYSHQ,Hamas-Angriff auf Israel – Auf den Spuren unsäglicher Taten,NIUS,UCQGqiGhMjc_p4lZEhSTb12g,2023-11-09 18:35:00,0 days 00:02:58,5697.0,360.0,121.0,2023-11,False,right,high,532000.0,0.010708646616541353,True,0.010651715139100513
aBdzpjhXCGU,Netanjahu-Berater kündigt Jagd auf Hamas-Führung in Katar an!,NIUS,UCQGqiGhMjc_p4lZEhSTb12g,2023-11-08 12:00:56,0 days 00:18:35,4272.0,481.0,86.0,2023-11,False,right,high,532000.0,0.008030075187969925,True,0.007998005700079391
hhB3W36O-UY,Terror-Überfall auf Israel: Überlebende erzählen ihre Geschichte | NIUS Original,NIUS,UCQGqiGhMjc_p4lZEhSTb12g,2023-11-07 18:03:00,0 days 00:11:48,11398.0,646.0,254.0,2023-11,False,right,high,532000.0,0.021424812030075187,True,0.021198527113833496
RRVvUcLBn7k,In den Trümmern von Kibbuz Nir Oz #nius #israel #hamas #morgengrauen,NIUS,UCQGqiGhMjc_p4lZEhSTb12g,2023-11-07 11:27:00,0 days 00:01:00,3068.0,68.0,25.0,2023-11,False,right,high,532000.0,0.005766917293233083,True,0.005750352281223511
UaAYCrFpStE,Tödliche Waffen liegen neben Kinderspielzeug #nius #israel #hamas #morgengrauen,NIUS,UCQGqiGhMjc_p4lZEhSTb12g,2023-11-06 19:43:55,0 days 00:01:00,3677.0,136.0,23.0,2023-11,False,right,high,532000.0,0.006911654135338346,True,0.006887878145306421
C4wbvrjySos,MORGENGRAUEN – Der Terror-Überfall auf Israel vom 7. Oktober | NIUS Original,NIUS,UCQGqiGhMjc_p4lZEhSTb12g,2023-11-06 16:36:36,0 days 00:01:28,6280.0,411.0,169.0,2023-11,False,right,high,532000.0,0.01180451127819549,True,0.011735381531696273
1b0AyT16svc,Israelischer Schauspieler berichtet: „Hamas-Bestien haben meine Schwägerin entführt!“,NIUS,UCQGqiGhMjc_p4lZEhSTb12g,2023-10-16 11:24:12,0 days 00:07:36,13237.0,640.0,252.0,2023-10,False,right,high,532000.0,0.02488157894736842,True,0.024577073181676363
AALMgYG-I-w,Michael hat den Hamas-Terror auf dem Festival überlebt. Das ist seine Geschichte | NIUS Original,NIUS,UCQGqiGhMjc_p4lZEhSTb12g,2023-10-12 16:03:00,0 days 00:22:58,332477.0,10592.0,3160.0,2023-10,False,right,high,532000.0,0.6249567669172932,True,0.4854812104538088
yZKe_JwPPTI,Israel: Geiseln freigelassen  - TE Wecker am 27 11 2023,Tichys Einblick,UCB37CFICVTUlewYdbMSChIA,2023-11-27 00:03:31,0 days 00:13:13,26617.0,3470.0,159.0,2023-11,False,right,high,343000.0,0.07760058309037901,True,0.07473688721481642
qOS353Z3eGk,Israel: Geiseln im Gegenzug für Waffenruhe? - TE Wecker am 18 11 2023,Tichys Einblick,UCB37CFICVTUlewYdbMSChIA,2023-11-18 00:00:23,0 days 00:10:57,19660.0,2124.0,66.0,2023-11,False,right,high,343000.0,0.05731778425655977,True,0.05573530905993963
s_K-F0Ymobs,Geld für Terror - Bundesregierung schickt noch mehr Geld nach Gaza | Thunberg und der Antisemitismus,Tichys Einblick,UCB37CFICVTUlewYdbMSChIA,2023-11-13 18:55:37,0 days 00:01:00,6718.0,975.0,35.0,2023-11,False,right,high,343000.0,0.01958600583090379,True,0.01939666826959464
aa17fiiI-4w,Hamas-Anhänger dominieren die Straßen Berlins - Bericht von der Demonstration | Tichys Einblick,Tichys Einblick,UCB37CFICVTUlewYdbMSChIA,2023-11-04 22:47:39,0 days 00:16:44,48080.0,3148.0,924.0,2023-11,False,right,high,343000.0,0.14017492711370264,True,0.13118169547153058
OyCefUYfz58,Papiertiger: Faeser will Hamas verbieten - TE Wecker am 03 11 2023,Tichys Einblick,UCB37CFICVTUlewYdbMSChIA,2023-11-03 02:12:20,0 days 00:12:36,29537.0,3748.0,153.0,2023-11,False,right,high,343000.0,0.0861137026239067,True,0.08260591457995022
R6P0Llg9R3U,Handlungsunfähig: 450 Hamas-Mitglieder in Deutschland - die Bürokratie erstickt an sich selbst,Tichys Einblick,UCB37CFICVTUlewYdbMSChIA,2023-11-01 19:11:52,0 days 00:01:00,7670.0,1247.0,29.0,2023-11,False,right,high,343000.0,0.022361516034985422,True,0.0221151631218487
ikwQ12ua6qg,"Elf deutsche Irrtümer über Israel, Nahost und den Islam - TE Wecker am 01 11 2023",Tichys Einblick,UCB37CFICVTUlewYdbMSChIA,2023-11-01 00:00:22,0 days 00:28:53,40386.0,4195.0,610.0,2023-11,False,right,high,343000.0,0.11774344023323616,True,0.11131186739027311
d6RdOSm0dRo,"Staatsversagen: Die vergessenen deutschen Geiseln der Hamas - ""Wir müssen wieder wehrhaft werden""",Tichys Einblick,UCB37CFICVTUlewYdbMSChIA,2023-10-31 21:22:02,0 days 00:01:00,8505.0,1408.0,41.0,2023-10,False,right,high,343000.0,0.024795918367346938,True,0.024493488734675724
gbCx3EmQPCk,Der Terrorangriff der Hamas - TE Wecker am 28 10 2023,Tichys Einblick,UCB37CFICVTUlewYdbMSChIA,2023-10-27 23:00:27,0 days 00:14:58,25005.0,2876.0,184.0,2023-10,False,right,high,343000.0,0.07290087463556852,True,0.0703660778672109
C6bta7nTOI4,"Der Kulturkampf ist da: Neukölln, Migration und Israel - Redaktionsschluss mit David Boos",Tichys Einblick,UCB37CFICVTUlewYdbMSChIA,2023-10-22 12:00:10,0 days 00:26:43,32950.0,3404.0,237.0,2023-10,False,right,high,343000.0,0.09606413994169097,True,0.091725708658096
eK8o_-9P48o,Weitere gewalttätige pro-Palästinenser Demonstrationen  - TE Wecker am 19 10 2023,Tichys Einblick,UCB37CFICVTUlewYdbMSChIA,2023-10-19 00:43:44,0 days 00:15:26,33738.0,3997.0,232.0,2023-10,False,right,high,343000.0,0.09836151603498543,True,0.09381953847308107
tO0FZqqQHUo,Gaza: viele Tote nach Raketentreffer auf Krankenhaus - TE Wecker am 18 10 2023,Tichys Einblick,UCB37CFICVTUlewYdbMSChIA,2023-10-18 00:18:41,0 days 00:13:54,32442.0,3888.0,187.0,2023-10,False,right,high,343000.0,0.09458309037900875,True,0.09037355138892285
CoARLcA0ht4,TE-Spezial: Interview mit Michael Wolffsohn zu Israel,Tichys Einblick,UCB37CFICVTUlewYdbMSChIA,2023-10-17 16:15:01,0 days 00:38:51,57486.0,3238.0,411.0,2023-10,False,right,high,343000.0,0.16759766763848397,True,0.1549483624268689
-lduw6ed1_o,"Der Waffendeal, der Israel auf die Beine half - TE Wecker am 14 10 2023",Tichys Einblick,UCB37CFICVTUlewYdbMSChIA,2023-10-13 23:00:00,0 days 00:17:45,32183.0,3442.0,216.0,2023-10,False,right,high,343000.0,0.09382798833819242,True,0.08968345977119482
Jr82agKL9o8,Hamas: Anschläge am Tag des Zorns; Angriff auf Chrupalla; Sandmännchen für Propaganda missbraucht,Tichys Einblick,UCB37CFICVTUlewYdbMSChIA,2023-10-13 19:46:22,0 days 00:00:59,7355.0,913.0,10.0,2023-10,True,right,high,343000.0,0.021443148688046646,True,0.02121647899160978
GNMfQO2UO4c,Ballweg: Opfer einer willkürlichen Justiz - Deutschland finanziert Hamas und will es nicht wahrhaben,Tichys Einblick,UCB37CFICVTUlewYdbMSChIA,2023-10-11 18:19:48,0 days 00:00:58,11759.0,1318.0,28.0,2023-10,True,right,high,343000.0,0.03428279883381924,True,0.033708238531258004
PqIG4cN8M94,Jetzt läßt auch Auswärtiges Amt Deutsche aus Israel ausfliegen - TE Wecker am 11 10 2023,Tichys Einblick,UCB37CFICVTUlewYdbMSChIA,2023-10-10 23:35:31,0 days 00:15:07,34558.0,4044.0,263.0,2023-10,False,right,high,343000.0,0.10075218658892128,True,0.09599375210546317
Qq7MlmGILec,Bürger sitzen in Israel fest: Keine Evakuierung durch Bundesregierung - Der Tag 10. Oktober,Tichys Einblick,UCB37CFICVTUlewYdbMSChIA,2023-10-10 19:25:18,0 days 00:01:00,7607.0,1111.0,54.0,2023-10,False,right,high,343000.0,0.02217784256559767,True,0.021935490894841456
iRr-5J8p_ag,Kriegszustand in Israel - TE Wecker am 08 10 2023,Tichys Einblick,UCB37CFICVTUlewYdbMSChIA,2023-10-07 23:51:11,0 days 00:19:14,30091.0,3260.0,362.0,2023-10,False,right,high,343000.0,0.08772886297376094,True,0.08409191055098267
HiIYIx4gtUg,Terrorangriff auf Israel - TE Wecker Sondersendung 07 10 2023,Tichys Einblick,UCB37CFICVTUlewYdbMSChIA,2023-10-07 17:24:53,0 days 00:17:10,25328.0,2971.0,528.0,2023-10,False,right,high,343000.0,0.07384256559766764,True,0.07124339837496357
bw_fDVr_ZSY,"Der Nahost-Konflikt mitten in Europa - Weltwoche Daily DE, 22.11.2023",DIE WELTWOCHE,UCq-b0dwW97YRZWgSCikWQRA,2023-11-22 05:21:09,0 days 00:20:34,55208.0,5180.0,382.0,2023-11,False,right,high,451000.0,0.12241241685144125,True,0.11548031251349063
9lhlhCTd4CU,«Viele fordern Netanjahus Rücktritt»: Pierre Heumann über Vertrauensverlust der Regierung Israels,DIE WELTWOCHE,UCq-b0dwW97YRZWgSCikWQRA,2023-11-16 16:45:00,0 days 00:16:10,4512.0,418.0,37.0,2023-11,False,right,high,451000.0,0.010004434589800444,True,0.009954721526499798
Mc4-WSPtljA,Deutschlands Verantwortung gegenüber Israel ist nicht blinde Gefolgschaft - Weltwoche Daily DE,DIE WELTWOCHE,UCq-b0dwW97YRZWgSCikWQRA,2023-11-16 05:25:50,0 days 00:25:35,51578.0,4788.0,543.0,2023-11,False,right,high,451000.0,0.11436363636363636,True,0.10828351226516947
oH48GIiBmx4,"Westliche Doppelmoral bei Russland, Israel und Hamas - Weltwoche Daily CH, 16.11.2023",DIE WELTWOCHE,UCq-b0dwW97YRZWgSCikWQRA,2023-11-16 05:21:54,0 days 00:25:55,21747.0,1832.0,240.0,2023-11,False,right,high,451000.0,0.04821951219512195,True,0.047093022166996276
yZ9r9ddXRSQ,"Angriff auf Al-Schifa-Spital in Gaza: Tut Israel wirklich alles, um Zivilisten zu schonen?",DIE WELTWOCHE,UCq-b0dwW97YRZWgSCikWQRA,2023-11-15 16:50:00,0 days 00:27:11,5537.0,480.0,157.0,2023-11,False,right,high,451000.0,0.012277161862527716,True,0.012202408726493029
ANg7GPLCVfE,«Israels Krieg ist im Einklang mit dem Völkerrecht»: Pierre Heumann über Netanjahus Gegenangriff,DIE WELTWOCHE,UCq-b0dwW97YRZWgSCikWQRA,2023-11-13 15:00:07,0 days 00:16:20,5684.0,479.0,286.0,2023-11,False,right,high,451000.0,0.01260310421286031,True,0.012524346135443624
JPzI5m4t35I,Pierre Heumann: «US-Medien haben ganz klar Pro-Hamas-Journalisten eingesetzt»,DIE WELTWOCHE,UCq-b0dwW97YRZWgSCikWQRA,2023-11-09 14:00:11,0 days 00:23:13,7159.0,432.0,90.0,2023-11,False,right,high,451000.0,0.015873614190687363,True,0.015748945936923598
hcJ2hgLYZ04,"Israel: militärische Erfolge, ungelöste Probleme - Weltwoche Daily DE, 09.11.2023",DIE WELTWOCHE,UCq-b0dwW97YRZWgSCikWQRA,2023-11-09 06:00:13,0 days 00:22:31,48078.0,4511.0,551.0,2023-11,False,right,high,451000.0,0.10660310421286032,True,0.10129505665854537
rW6zOtgLW3Y,Weltwoche-Korrespondent Heumann über die «Unzufriedenheit der Palästinenser mit der Hamas-Diktatur»,DIE WELTWOCHE,UCq-b0dwW97YRZWgSCikWQRA,2023-11-08 17:00:49,0 days 00:31:40,8637.0,691.0,127.0,2023-11,False,right,high,451000.0,0.019150776053215076,True,0.018969708018356932
O6NFJZ4an6o,"Flüchtlingshilfe: Uno-Mitarbeiter jubeln über Hamas-Terror - Weltwoche Daily CH, 08.11.2023",DIE WELTWOCHE,UCq-b0dwW97YRZWgSCikWQRA,2023-11-08 05:01:02,0 days 00:23:36,23275.0,2058.0,326.0,2023-11,False,right,high,451000.0,0.05160753880266075,True,0.050319982735930725
97mwAuDdaDk,Daily-Spezial mit Pierre Heumann: «Die Hamas haben sich im grössten Spital von Gaza einquartiert»,DIE WELTWOCHE,UCq-b0dwW97YRZWgSCikWQRA,2023-11-07 15:03:45,0 days 00:37:32,12122.0,1025.0,233.0,2023-11,False,right,high,451000.0,0.026878048780487804,True,0.02652317879389886
I-G-K8N2WZg,"«Hamas zwingt palästinensische Zivilisten, in ihren Häusern zu bleiben» – Daily-Spezial",DIE WELTWOCHE,UCq-b0dwW97YRZWgSCikWQRA,2023-11-06 16:53:34,0 days 00:24:36,14241.0,1297.0,317.0,2023-11,False,right,high,451000.0,0.03157649667405765,True,0.03108821139410179
zzr5kxb0TbM,"Lanz über Nahost: Genialität, Widersprüche, Heuchelei - Weltwoche Daily DE, 03.11.2023",DIE WELTWOCHE,UCq-b0dwW97YRZWgSCikWQRA,2023-11-03 05:30:14,0 days 00:27:47,97700.0,6768.0,926.0,2023-11,False,right,high,451000.0,0.21662971175166298,True,0.19608450456225135
yOM96WOb_-Y,«Die Kriegsverbrechen wurden von der Hamas begangen»: Korrespondent Heumann kontert Jeffrey Sachs,DIE WELTWOCHE,UCq-b0dwW97YRZWgSCikWQRA,2023-11-02 12:10:00,0 days 00:53:11,18995.0,1375.0,514.0,2023-11,False,right,high,451000.0,0.04211751662971175,True,0.04125471684696649
kpOJgfvxyxY,«Israel begeht Kriegsverbrechen»: US-Professor Jeffrey Sachs über die Nahost-Eskalation,DIE WELTWOCHE,UCq-b0dwW97YRZWgSCikWQRA,2023-11-01 17:00:41,0 days 00:37:13,40804.0,2774.0,657.0,2023-11,False,right,high,451000.0,0.09047450110864745,True,0.08661292363389395
myV8FNLu4jw,"Israels Labyrinth-Krieg: Über 8000 Tote, fast die Hälfte Kinder - Weltwoche Daily CH, 01.11.2023",DIE WELTWOCHE,UCq-b0dwW97YRZWgSCikWQRA,2023-11-01 07:08:36,0 days 00:24:21,18904.0,1505.0,372.0,2023-11,False,right,high,451000.0,0.04191574279379157,True,0.041061079019318325
WnXr02OfFvo,Update aus Nahost: Netanjahu vergleicht Hamas mit Hitler-Deutschland,DIE WELTWOCHE,UCq-b0dwW97YRZWgSCikWQRA,2023-10-31 10:30:10,0 days 00:26:24,6229.0,385.0,82.0,2023-10,False,right,high,451000.0,0.013811529933481153,True,0.013717019977710633
0rdwCZuWkos,"Katastrophe in Gaza: Jordaniens Königin geisselt scharf den Westen und Israel - Daily DE, 31.10.2023",DIE WELTWOCHE,UCq-b0dwW97YRZWgSCikWQRA,2023-10-31 06:13:59,0 days 00:26:13,79226.0,6290.0,784.0,2023-10,False,right,high,451000.0,0.17566740576496673,True,0.16183599124874917
KX-Q-dmxBkM,"Israel verschärft Bodenoffensive: Kann das gutgehen? - Weltwoche Daily CH, 31.10.2023",DIE WELTWOCHE,UCq-b0dwW97YRZWgSCikWQRA,2023-10-31 05:30:05,0 days 00:21:58,23856.0,1777.0,221.0,2023-10,False,right,high,451000.0,0.05289578713968958,True,0.051544260675582126
hQKB28x8WIM,Krieg in Nahost: Pierre Heumann über die kontroverse Uno-Resolution und Israels Bodenoffensive,DIE WELTWOCHE,UCq-b0dwW97YRZWgSCikWQRA,2023-10-30 11:02:15,0 days 00:22:02,8911.0,671.0,85.0,2023-10,False,right,high,451000.0,0.01975831485587583,True,0.019565653000259496
oU-82XCVd68,"Uno: Schweiz stimmt mit Israel-Kritikern, statt Neutralität zu pflegen - Daily CH, 30.10.2023",DIE WELTWOCHE,UCq-b0dwW97YRZWgSCikWQRA,2023-10-30 05:26:28,0 days 00:22:38,17435.0,1397.0,307.0,2023-10,False,right,high,451000.0,0.03865853658536585,True,0.037930011888736404
H7OhZTAQlRQ,Bombt sich Israel in den Untergang? – Die neue Ausgabe von Weltwoche Deutschland,DIE WELTWOCHE,UCq-b0dwW97YRZWgSCikWQRA,2023-10-28 09:07:09,0 days 00:24:42,70193.0,5198.0,1047.0,2023-10,False,right,high,451000.0,0.15563858093126387,True,0.14465307511292474
JQ-7u5fhkMk,«Wir müssen Israel vor sich selber schützen»: US-Colonel MacGregor über Gefahr eines 3. Weltkriegs,DIE WELTWOCHE,UCq-b0dwW97YRZWgSCikWQRA,2023-10-27 10:00:59,0 days 00:57:44,64211.0,3283.0,446.0,2023-10,False,right,high,451000.0,0.14237472283813749,True,0.13310918599121463
f-Xezp6CKE0,"Ukraine-Waffen für Hamas-Terroristen - Weltwoche Daily CH, 25.10.2023",DIE WELTWOCHE,UCq-b0dwW97YRZWgSCikWQRA,2023-10-25 03:55:13,0 days 00:24:40,23167.0,1790.0,311.0,2023-10,False,right,high,451000.0,0.05136807095343681,True,0.050092240817148574
5jNuACNAtO4,Israels gerechter Krieg gegen die Hamas – die neue Weltwoche Deutschland,DIE WELTWOCHE,UCq-b0dwW97YRZWgSCikWQRA,2023-10-21 07:30:00,0 days 00:24:06,43579.0,3224.0,1139.0,2023-10,False,right,high,451000.0,0.09662749445676275,True,0.09223955613088208
3kNBTzsbDEI,«Israel ist in einem Schockzustand»: Korrespondent Pierre Heumann über die Bestialität der Hamas,DIE WELTWOCHE,UCq-b0dwW97YRZWgSCikWQRA,2023-10-20 11:25:00,0 days 01:01:06,27883.0,2017.0,690.0,2023-10,False,right,high,451000.0,0.061824833702882484,True,0.059988969199528515
2IzZ-2Omp8o,Daily Spezial: Israels Iron Dome und Iron Wall von Terroristen geknackt,DIE WELTWOCHE,UCq-b0dwW97YRZWgSCikWQRA,2023-10-19 09:00:01,0 days 00:09:38,28438.0,2582.0,247.0,2023-10,False,right,high,451000.0,0.06305543237250555,True,0.0611472451050949
PEVbqgi23po,"Putin und Hamas: Die wirre Welt des Roderich Kiesewetter - Weltwoche Daily DE, 19.10.2023",DIE WELTWOCHE,UCq-b0dwW97YRZWgSCikWQRA,2023-10-19 05:03:53,0 days 00:29:59,83883.0,6721.0,954.0,2023-10,False,right,high,451000.0,0.18599334811529933,True,0.1705806918880507
OpC3u3H38TQ,"Schweizer Missverständnisse zur Killer-Brigade Hamas - Weltwoche Daily CH, 19.10.2023",DIE WELTWOCHE,UCq-b0dwW97YRZWgSCikWQRA,2023-10-19 04:30:06,0 days 00:22:57,16073.0,1335.0,244.0,2023-10,False,right,high,451000.0,0.03563858093126386,True,0.035018222866491054
pdF3DKdrcsQ,"Daily Spezial: Prof. John J. Mearsheimer über Israel, Gaza und die Ukraine, die von den Amerikanern",DIE WELTWOCHE,UCq-b0dwW97YRZWgSCikWQRA,2023-10-18 09:04:50,0 days 00:16:32,36979.0,2778.0,230.0,2023-10,False,right,high,451000.0,0.08199334811529933,True,0.07880503263764664
DuZnXDSNGlQ,"Nahost: Militärisch wird sich der Konflikt nicht beheben lassen - Weltwoche Daily DE, 16.10.2023",DIE WELTWOCHE,UCq-b0dwW97YRZWgSCikWQRA,2023-10-16 03:30:04,0 days 00:25:37,73674.0,5753.0,729.0,2023-10,False,right,high,451000.0,0.1633569844789357,True,0.1513097778372168
2SqCJ3mh1E4,"Israel und Hamas: Das Frankenstein-Problem der Araber - Weltwoche Daily CH, 11.10.2023",DIE WELTWOCHE,UCq-b0dwW97YRZWgSCikWQRA,2023-10-11 04:49:00,0 days 00:23:51,32971.0,2178.0,547.0,2023-10,False,right,high,451000.0,0.07310643015521065,True,0.07055764806346503
122KkcUzn2w,Terrorangriff auf Israel: Hamas-Verbrecher führen Geiseln wie Trophäen vor - Weltwoche Daily CH,DIE WELTWOCHE,UCq-b0dwW97YRZWgSCikWQRA,2023-10-09 03:49:42,0 days 00:24:45,34465.0,2086.0,658.0,2023-10,False,right,high,451000.0,0.0764190687361419,True,0.0736398550018287
nbLfC3rb1LM,"Krise in Nahost & Fed überrascht: Das musst Du jetzt über Aktien, Anleihen & Öl wissen + neue Aktie",Mario Lochner,UCWFnsgnkOAc0D7OweruB3hA,2023-10-10 12:46:05,0 days 00:18:19,38412.0,1519.0,154.0,2023-10,False,right,moderate,293000.0,0.131098976109215,True,0.12318970533793336
VZ-6Y4mwhUk,Free Palästina Demo Leipzig 11.11.23,Weichreite TV,UCyw8Tkb44AGA2eB8K9fRioQ,2023-11-11 16:07:45,0 days 00:48:04,13532.0,962.0,323.0,2023-11,False,right,moderate,249000.0,0.054345381526104415,True,0.05292008289909391
pPfdLd24vpE,"Israel , Palästina Demo Dresden 14.10.23",Weichreite TV,UCyw8Tkb44AGA2eB8K9fRioQ,2023-10-14 17:11:37,0 days 01:47:59,19302.0,903.0,304.0,2023-10,False,right,moderate,249000.0,0.07751807228915662,True,0.07466031528124167
_mL0GZwzk7s,Israel Verbaerbockt 🙈 #shortsfeed #satire #comedy #baerbock  #diegrünen,Der Medienfuzzi,UC1RF0nztcvsH2Vjhh2xDt8g,2023-11-13 13:16:03,0 days 00:00:17,74951.0,4214.0,285.0,2023-11,True,right,high,122000.0,0.6143524590163935,True,0.47893392210158825
oQkByKNBzQc,Hat Israel die Hamas absichtlich eindringen lassen (Strategem 34)? Vermutlich nicht! Prof. Dr. Rieck,Prof. Dr. Christian Rieck,UCSExr_QUT6h-4sGW5hGjrCA,2023-10-21 07:15:02,0 days 00:16:39,257615.0,10080.0,2372.0,2023-10,False,right,moderate,555000.0,0.4641711711711712,True,0.3812893289033735
Yqny2B2gQKM,Hamas greift Israel an: spieltheoretische Überlegungen | Prof. Dr. Christian Rieck,Prof. Dr. Christian Rieck,UCSExr_QUT6h-4sGW5hGjrCA,2023-10-14 07:15:00,0 days 00:19:02,342455.0,16638.0,1676.0,2023-10,False,right,moderate,555000.0,0.6170360360360361,True,0.48059486608321794
HgsNdZbGt0M,Iddo Netanyahu: We're ready to die.,JUNGE FREIHEIT,UCXJBRgiZRZvfilIGQ4wN5CQ,2023-11-06 15:03:43,0 days 00:00:50,1976.0,87.0,3.0,2023-11,True,right,high,212000.0,0.009320754716981131,True,0.009277584527899677
_cvPwTwpzCU,👮‍♀️👮‍♂️Wildplakatierung mit vermissten Geiseln aus Israel entfernt die Berliner Polizei persönlich.,JUNGE FREIHEIT,UCXJBRgiZRZvfilIGQ4wN5CQ,2023-11-03 09:21:40,0 days 00:00:39,5037.0,216.0,11.0,2023-11,True,right,high,212000.0,0.02375943396226415,True,0.023481571246238047
f1QsZfwNqL8,Schriftsteller Iddo Netanjahu: Hamas bedroht Europa und den Westen | EN mit dt. UT,JUNGE FREIHEIT,UCXJBRgiZRZvfilIGQ4wN5CQ,2023-10-26 15:21:06,0 days 00:29:30,9260.0,335.0,165.0,2023-10,False,right,high,212000.0,0.04367924528301887,True,0.04275220593475237
sCxpDkAEb-c,Israel: Warum evakuiert die deutsche Luftwaffe keine Bürger? #jungefreiheit #evakuierung,JUNGE FREIHEIT,UCXJBRgiZRZvfilIGQ4wN5CQ,2023-10-17 17:52:11,0 days 00:00:51,11131.0,557.0,104.0,2023-10,True,right,high,212000.0,0.05250471698113208,True,0.051172768256643686
JodOw77xabE,Schande der Medien #politik #gaza,Flavio von Witzleben,UCOnyot4cXF5C7OmNXL_kbeA,2023-11-27 11:48:45,0 days 00:00:50,1338.0,181.0,9.0,2023-11,True,right,high,185000.0,0.007232432432432432,True,0.007206403817769959
ogRqlb6hHMQ,Wer profitiert vom Krieg in Israel? // Nahostexpertin Karin Leukefeld,Flavio von Witzleben,UCOnyot4cXF5C7OmNXL_kbeA,2023-10-24 10:09:36,0 days 00:44:57,33458.0,2676.0,515.0,2023-10,False,right,high,185000.0,0.18085405405405405,True,0.1662379513011158
ObrhXxdx60A,Sprachregelung bei NAHOST: ARD-internes Papier gibt Anweisungen,Massengeschmack-TV,UCj089h5WsDdh1q8t54K3ZCw,2023-11-24 14:37:25,0 days 00:05:49,11557.0,715.0,251.0,2023-11,False,right,moderate,152000.0,0.0760328947368421,True,0.07328103258906725
eQlfJivGGZA,Der PALÄSTINA-Konflikt in 15 Minuten erklärt | Wissen ist Olli,Massengeschmack-TV,UCj089h5WsDdh1q8t54K3ZCw,2023-11-13 13:48:12,0 days 00:14:01,6378.0,406.0,193.0,2023-11,False,right,moderate,152000.0,0.041960526315789476,True,0.04110405999920533
vYOY79qBuNQ,Ein interessantes Detail! #gaza #israel #palästina,COMPACT-TV,UCgvFsn6bRKqND1cW3HpzDrA,2023-11-19 11:38:28,0 days 00:00:43,9334.0,1324.0,38.0,2023-11,True,right,high,581000.0,0.016065404475043028,True,0.015937721567652087
nicmAtUzQS0,Sie eskaliert mal wieder #baerbock #gaza #israel,COMPACT-TV,UCgvFsn6bRKqND1cW3HpzDrA,2023-10-28 09:51:55,0 days 00:00:58,183942.0,7907.0,930.0,2023-10,True,right,high,581000.0,0.31659552495697074,True,0.27504925710690703
JFTIOEsydvU,Greta Thunberg Skandal! #gretathunberg #gaza #israel,COMPACT-TV,UCgvFsn6bRKqND1cW3HpzDrA,2023-10-27 15:21:14,0 days 00:00:47,12795.0,1559.0,75.0,2023-10,True,right,high,581000.0,0.0220223752151463,True,0.02178338509874689
MWeFqK_2EC8,Gaza: Baerbock gegen Waffenruhe!,COMPACT-TV,UCgvFsn6bRKqND1cW3HpzDrA,2023-10-26 17:58:00,0 days 00:22:52,43806.0,5930.0,1056.0,2023-10,False,right,high,581000.0,0.07539759036144578,True,0.07269044470043912
ktSREYsF3vU,Wir wollen Frieden! #chrupalla #bundestag #gaza #israel #palästina,COMPACT-TV,UCgvFsn6bRKqND1cW3HpzDrA,2023-10-22 10:24:21,0 days 00:00:40,61355.0,6586.0,176.0,2023-10,True,right,high,581000.0,0.10560240963855422,True,0.10039035351383745
aoSmc8QElzE,Mahnende Worte! #chrupalla #bundestag #israel,COMPACT-TV,UCgvFsn6bRKqND1cW3HpzDrA,2023-10-22 10:24:12,0 days 00:00:16,37596.0,2961.0,138.0,2023-10,True,right,high,581000.0,0.0647091222030981,True,0.06270163716412028
ZWDir3cSm3c,Oberstes Ziel.... #chrupalla #bundestag #gaza #israel,COMPACT-TV,UCgvFsn6bRKqND1cW3HpzDrA,2023-10-22 10:22:06,0 days 00:00:31,8829.0,1025.0,25.0,2023-10,True,right,high,581000.0,0.015196213425129088,True,0.015081907530400323
wq45Jy8ZHxI,Wer hat die Hamas gegründet? #hamas #gaza #israel #mossad #usa,COMPACT-TV,UCgvFsn6bRKqND1cW3HpzDrA,2023-10-21 09:08:20,0 days 00:00:27,6553.0,911.0,29.0,2023-10,True,right,high,581000.0,0.011278829604130809,True,0.011215697863433384
PAZV8K0UeVs,Wer hat die Hamas gegründet? #hamas #gaza #israel #palästina #mossad,COMPACT-TV,UCgvFsn6bRKqND1cW3HpzDrA,2023-10-21 08:46:29,0 days 00:00:27,4600.0,766.0,34.0,2023-10,True,right,high,581000.0,0.007917383820998278,True,0.007886205795190573
4nMxZYG1n-c,Wir haben immer noch Platz! #gaza #palästina #humzayousaf,COMPACT-TV,UCgvFsn6bRKqND1cW3HpzDrA,2023-10-20 15:44:38,0 days 00:00:42,35424.0,1947.0,397.0,2023-10,True,right,high,581000.0,0.06097074010327022,True,0.05918428159207518
M2aXINJcKYk,Nogo Area: Berlin Neukölln #berlin #neukölln #hamas #israel ##palästina #gaza,COMPACT-TV,UCgvFsn6bRKqND1cW3HpzDrA,2023-10-20 15:44:08,0 days 00:00:50,14838.0,1762.0,233.0,2023-10,True,right,high,581000.0,0.025538726333907056,True,0.0252180611853027
r2oMRTrs-AE,Gaza Flüchtlinge für Europa #gaza #palästina #flüchtlinge #humzayousaf,COMPACT-TV,UCgvFsn6bRKqND1cW3HpzDrA,2023-10-20 15:40:03,0 days 00:00:24,14920.0,993.0,172.0,2023-10,True,right,high,581000.0,0.02567986230636833,True,0.025355673016109633
lVwdQih8Msw,Irrer Plan: 1 Mio. sollen aus Gaza nach Europa!💥,COMPACT-TV,UCgvFsn6bRKqND1cW3HpzDrA,2023-10-19 17:59:01,0 days 00:16:36,75707.0,9105.0,2022.0,2023-10,False,right,high,581000.0,0.13030464716006884,True,0.1224871956455982
LTCaiUrXkLk,Krieg ohne Regeln #krankenhaus #gaza #rakete #parkplatz #israel,COMPACT-TV,UCgvFsn6bRKqND1cW3HpzDrA,2023-10-19 14:39:34,0 days 00:00:47,6410.0,835.0,36.0,2023-10,True,right,high,581000.0,0.011032702237521515,True,0.010972285942026405
4KwesjWC9CU,Wussten sie es? #krankenhaus #gaza #rakete #parkplatz #israel,COMPACT-TV,UCgvFsn6bRKqND1cW3HpzDrA,2023-10-19 14:38:27,0 days 00:00:43,7769.0,1290.0,22.0,2023-10,True,right,high,581000.0,0.013371772805507746,True,0.01328315972020223
7ZR_orGO7v0,Darf ISRAEL alles? #israel #gaza #palästinenser #palästina,COMPACT-TV,UCgvFsn6bRKqND1cW3HpzDrA,2023-10-19 13:56:35,0 days 00:00:45,6882.0,1070.0,99.0,2023-10,True,right,high,581000.0,0.011845094664371773,True,0.011775490635626665
ehapq88UFNo,Warum wurd dieser Tweet gelöscht? #krankenhaus #rakete #parkplatz #gaza #netanjahu,COMPACT-TV,UCgvFsn6bRKqND1cW3HpzDrA,2023-10-19 12:57:21,0 days 00:00:31,40536.0,2139.0,97.0,2023-10,True,right,high,581000.0,0.06976936316695354,True,0.06744307679781111
AABlLzErbU8,Wer sagt die Wahrheit? #gaza #krankenhaus #rakete #parkplatz,COMPACT-TV,UCgvFsn6bRKqND1cW3HpzDrA,2023-10-19 12:21:04,0 days 00:00:39,6703.0,869.0,68.0,2023-10,True,right,high,581000.0,0.011537005163511188,True,0.011470961398892032
NYSj8-X0rA0,Was ist passiert? #gaza #krankenhaus #rakete #parkplatz,COMPACT-TV,UCgvFsn6bRKqND1cW3HpzDrA,2023-10-19 12:20:27,0 days 00:01:00,9032.0,622.0,31.0,2023-10,False,right,high,581000.0,0.015545611015490533,True,0.015426015865200968
U1xS3dHYvAU,Faktencheck: Israel bombardiert Krankenhaus💥,COMPACT-TV,UCgvFsn6bRKqND1cW3HpzDrA,2023-10-18 17:59:00,0 days 00:25:12,48199.0,5641.0,1034.0,2023-10,False,right,high,581000.0,0.08295869191049914,True,0.07969682501117742
H7U0LZE_jb8,Warum billigt unsere Regierung das? #gaza #hamas #israel #palästinenser,COMPACT-TV,UCgvFsn6bRKqND1cW3HpzDrA,2023-10-18 13:33:37,0 days 00:00:37,10047.0,1932.0,96.0,2023-10,True,right,high,581000.0,0.017292598967297762,True,0.01714478361887859
9a5cNPaBotM,Wer ist wirklich in Gefahr? #hamas #gaza #israel #palästinenser,COMPACT-TV,UCgvFsn6bRKqND1cW3HpzDrA,2023-10-18 13:32:47,0 days 00:00:19,6381.0,1271.0,65.0,2023-10,True,right,high,581000.0,0.010982788296041308,True,0.01092291545824522
Kn4z7w1vjdw,ZDF Ironie vom Feinsten! #gaza #hamas #israel #palästinenser,COMPACT-TV,UCgvFsn6bRKqND1cW3HpzDrA,2023-10-18 13:32:01,0 days 00:01:00,13629.0,1760.0,135.0,2023-10,False,right,high,581000.0,0.023457831325301205,True,0.023186924806645238
HCZKtIMzT6k,Bitte helft mit! #hamas #gaza #israel #palästinenser #olafscholz #bundeskanzler,COMPACT-TV,UCgvFsn6bRKqND1cW3HpzDrA,2023-10-15 15:23:27,0 days 00:00:25,26233.0,1512.0,811.0,2023-10,True,right,high,581000.0,0.04515146299483649,True,0.04416181557880631
BhifI7FK0zg,Mittagessen israelische Botschaft #jürgenelsässer #compacttv,COMPACT-TV,UCgvFsn6bRKqND1cW3HpzDrA,2023-10-15 15:22:23,0 days 00:00:23,8742.0,872.0,20.0,2023-10,True,right,high,581000.0,0.015046471600688468,True,0.014934396273921896
wUblGv2LleA,Jürgen versteht es nicht! #jürgenelsässer #compacttv #hamas #gaza #israel #palästinenser,COMPACT-TV,UCgvFsn6bRKqND1cW3HpzDrA,2023-10-15 15:21:10,0 days 00:00:27,15604.0,2791.0,112.0,2023-10,True,right,high,581000.0,0.026857142857142857,True,0.0265028198659993
kC1i3qCsZzU,Einigkeit im Krieg! #hamas #israel #palästinenser #gaza,COMPACT-TV,UCgvFsn6bRKqND1cW3HpzDrA,2023-10-15 11:19:35,0 days 00:00:22,19361.0,1464.0,129.0,2023-10,True,right,high,581000.0,0.03332358003442341,True,0.03278038410208184
EnCNgOz0woM,Sie sind sich alle einig! #bundestag #gaza #hamas #israel #palästinenser,COMPACT-TV,UCgvFsn6bRKqND1cW3HpzDrA,2023-10-15 11:08:37,0 days 00:00:53,24047.0,925.0,246.0,2023-10,True,right,high,581000.0,0.04138898450946644,True,0.040555384111946285
KIy_MGSZHAU,Deutsche Hilfe für Israels A-Bombe,COMPACT-TV,UCgvFsn6bRKqND1cW3HpzDrA,2023-10-14 15:58:00,0 days 00:06:38,45983.0,4729.0,375.0,2023-10,False,right,high,581000.0,0.07914457831325301,True,0.07616867017579945
tG0k3UffYjA,Kriegshexe: Baerbock in Israel,COMPACT-TV,UCgvFsn6bRKqND1cW3HpzDrA,2023-10-13 18:00:24,0 days 00:21:27,106897.0,12492.0,2480.0,2023-10,False,right,high,581000.0,0.1839879518072289,True,0.16888836057155063
2OS5U8N7vgY,Alles für Israel oder was?,COMPACT-TV,UCgvFsn6bRKqND1cW3HpzDrA,2023-10-13 11:58:00,0 days 00:02:54,12317.0,1538.0,180.0,2023-10,False,right,high,581000.0,0.021199655765920825,True,0.02097806929731745
G7n3iXyrZWE,Alle Regeln sind aufgehoben! #Israel #Hamas #Gaza #Palästinenser,COMPACT-TV,UCgvFsn6bRKqND1cW3HpzDrA,2023-10-13 09:03:32,0 days 00:00:13,15212.0,1249.0,184.0,2023-10,True,right,high,581000.0,0.026182444061962136,True,0.02584555166350697
LKn25q5P3Gw,Er ist sich sicher! #Israel #Hamas #Gaza #Palästinenser,COMPACT-TV,UCgvFsn6bRKqND1cW3HpzDrA,2023-10-13 09:02:48,0 days 00:00:29,61470.0,2237.0,641.0,2023-10,True,right,high,581000.0,0.10580034423407918,True,0.10056936622032604
DaRLynngeeM,Wer sind die wahren Drahtzieher? #Israel #Hamas #Gaza #Palästinenser,COMPACT-TV,UCgvFsn6bRKqND1cW3HpzDrA,2023-10-13 07:30:31,0 days 00:00:58,16268.0,2094.0,94.0,2023-10,True,right,high,581000.0,0.028,True,0.027615167032973367
yWQ6w2Q-LXs,Gefahr!!! #gaza #hamas #israel,COMPACT-TV,UCgvFsn6bRKqND1cW3HpzDrA,2023-10-12 13:34:23,0 days 00:00:18,15291.0,2291.0,82.0,2023-10,True,right,high,581000.0,0.0263184165232358,True,0.025978046089291336
H3aYFAOLD7k,Sie lebt! #gaza #israel #hamas,COMPACT-TV,UCgvFsn6bRKqND1cW3HpzDrA,2023-10-12 13:12:08,0 days 00:00:26,24159.0,1324.0,163.0,2023-10,True,right,high,581000.0,0.04158175559380379,True,0.04074047656780876
YMu7IllXePY,Täglich grüßt das Murmeltier #israel #hamas #gaza #babys,COMPACT-TV,UCgvFsn6bRKqND1cW3HpzDrA,2023-10-12 12:40:22,0 days 00:01:00,13370.0,1487.0,110.0,2023-10,False,right,high,581000.0,0.023012048192771084,True,0.022751264214674143
MzlWsipjRko,Nicht unser Krieg! #israel #hamas #gaza,COMPACT-TV,UCgvFsn6bRKqND1cW3HpzDrA,2023-10-12 12:05:27,0 days 00:00:59,160714.0,6833.0,1045.0,2023-10,True,right,high,581000.0,0.2766161790017212,True,0.24421296726861488
wlQS6eWPKso,Israel: Nicht unser Krieg!💥,COMPACT-TV,UCgvFsn6bRKqND1cW3HpzDrA,2023-10-11 17:59:00,0 days 00:21:36,71019.0,8936.0,1732.0,2023-10,False,right,high,581000.0,0.12223580034423408,True,0.11532294575444246
Gqe56WylKjU,Hochbrisant! China schickt sechs Kriegsschiffe vor Israels Küste!,Aktien mit Kopf,UCpV9LpCg4uwYCQZ3qoEn_YQ,2023-10-24 17:17:54,0 days 00:09:25,300824.0,12364.0,2082.0,2023-10,False,right,high,723000.0,0.41607745504840943,True,0.34789069366848796
zj1jf_u3VvM,Die USA ist bereits am Israel Krieg beteiligt!,Aktien mit Kopf,UCpV9LpCg4uwYCQZ3qoEn_YQ,2023-10-20 12:36:27,0 days 00:12:16,109974.0,9313.0,1511.0,2023-10,False,right,high,723000.0,0.15210788381742738,True,0.14159320703596423
kRvE66GdWBA,Baerbock: Dreister Brief an Deutsche in Israel!,Aktien mit Kopf,UCpV9LpCg4uwYCQZ3qoEn_YQ,2023-10-14 09:15:21,0 days 00:09:59,270118.0,19171.0,3905.0,2023-10,False,right,high,723000.0,0.3736071922544952,True,0.3174402666492255
WTRvuD6_3zg,Brisant: Israel beschießt UNSERE Friedenstruppe UNIFIL!,Vermietertagebuch - Alexander Raue,UCiTJladOHCMkKndVBsn23VQ,2023-11-26 15:47:18,0 days 00:08:49,114079.0,8791.0,1820.0,2023-11,False,right,high,488000.0,0.23376844262295082,True,0.2100732600817513
BXYP57nYObQ,Netanjahu bestätigt Geheimdokument zur Eroberung Gazas!,Vermietertagebuch - Alexander Raue,UCiTJladOHCMkKndVBsn23VQ,2023-10-31 14:14:48,0 days 00:08:02,95927.0,6714.0,2108.0,2023-10,False,right,high,488000.0,0.1965717213114754,True,0.17946056916192876
qC64EgGykPI,Hochbrisant: USA schicken 49 Militärflugzeuge nach Israel,Vermietertagebuch - Alexander Raue,UCiTJladOHCMkKndVBsn23VQ,2023-10-30 10:48:18,0 days 00:08:18,186960.0,9800.0,2769.0,2023-10,False,right,high,488000.0,0.38311475409836065,True,0.3243380240042241
mqWwwzAhjKs,Soldaten bereits in Zypern – KSK trainiert Einsatz in Gaza!,Vermietertagebuch - Alexander Raue,UCiTJladOHCMkKndVBsn23VQ,2023-10-28 10:19:54,0 days 00:09:51,90017.0,5915.0,1767.0,2023-10,False,right,high,488000.0,0.18446106557377048,True,0.16928787415141872
7r9-zmTcWtU,Erdogan unterstützt HAMAS: „HAMAS sind Friedenstruppen“,Vermietertagebuch - Alexander Raue,UCiTJladOHCMkKndVBsn23VQ,2023-10-26 13:55:27,0 days 00:08:20,93074.0,5642.0,2358.0,2023-10,False,right,high,488000.0,0.19072540983606556,True,0.17456270949762043
iMgKQrEgPN8,"Situation zwischen Israel, UN & EU eskaliert. Keine Visa mehr!",Vermietertagebuch - Alexander Raue,UCiTJladOHCMkKndVBsn23VQ,2023-10-25 15:07:05,0 days 00:08:19,140887.0,9778.0,1818.0,2023-10,False,right,high,488000.0,0.288702868852459,True,0.2536361844697825
flgpOBHyqHY,EU-Treffen: Baerbock blockiert Waffenruhe für Gaza!,Vermietertagebuch - Alexander Raue,UCiTJladOHCMkKndVBsn23VQ,2023-10-24 08:47:26,0 days 00:08:28,145723.0,11354.0,2728.0,2023-10,False,right,high,488000.0,0.29861270491803277,True,0.26129654459439283
UBQkF3aV87I,Hochbrisant: China schickt sechs Kriegsschiffe nach Israel!,Vermietertagebuch - Alexander Raue,UCiTJladOHCMkKndVBsn23VQ,2023-10-23 10:41:20,0 days 00:08:58,417043.0,16959.0,4109.0,2023-10,False,right,high,488000.0,0.8545963114754098,True,0.6176670505301882
o0zdRGMDh5A,Erstes EU-Land will „ganz Gaza“ nach Europa umsiedeln,Vermietertagebuch - Alexander Raue,UCiTJladOHCMkKndVBsn23VQ,2023-10-20 13:00:58,0 days 00:10:05,181251.0,11870.0,3324.0,2023-10,False,right,high,488000.0,0.37141598360655736,True,0.31584377075613485
4HS-r0kRyNI,Deutsche Soldaten bei Israel von Hisbollah angegriffen!,Vermietertagebuch - Alexander Raue,UCiTJladOHCMkKndVBsn23VQ,2023-10-19 10:45:53,0 days 00:09:45,360342.0,22052.0,6022.0,2023-10,False,right,high,488000.0,0.738405737704918,True,0.5529684505212018
ikEN6jdHnsY,Große Zweifel nach Angriff auf Krankenhaus in Gaza!,Vermietertagebuch - Alexander Raue,UCiTJladOHCMkKndVBsn23VQ,2023-10-18 10:34:42,0 days 00:08:31,53364.0,4575.0,656.0,2023-10,False,right,high,488000.0,0.10935245901639344,True,0.10377647484210721
CAPhY1Dbr5w,Offiziell bestätigt: Auswärtiger Ausschuss will deutsche Soldaten in Israel.,Vermietertagebuch - Alexander Raue,UCiTJladOHCMkKndVBsn23VQ,2023-10-17 10:24:57,0 days 00:09:20,204792.0,14621.0,4721.0,2023-10,False,right,high,488000.0,0.41965573770491804,True,0.3504144039842963
EX3ejBjUKJc,Hamas-Anhänger attackieren Polizei mit Molotow-Cocktails,Vermietertagebuch - Alexander Raue,UCiTJladOHCMkKndVBsn23VQ,2023-10-16 15:53:45,0 days 00:08:37,191231.0,13593.0,2994.0,2023-10,False,right,high,488000.0,0.3918668032786885,True,0.33064587003411344
9UVhSPgk9DY,„Stoppt Angriffe auf Gaza oder es droht ein riesiges Erdbeben“,Vermietertagebuch - Alexander Raue,UCiTJladOHCMkKndVBsn23VQ,2023-10-14 16:13:28,0 days 00:08:01,216559.0,10600.0,2559.0,2023-10,False,right,high,488000.0,0.44376844262295084,True,0.3672566693175131
tBuFp62ENq0,SKANDAL: Bundesregierung akzeptiert Völkermord in Gaza!,Vermietertagebuch - Alexander Raue,UCiTJladOHCMkKndVBsn23VQ,2023-10-12 14:53:08,0 days 00:09:00,107524.0,9259.0,2475.0,2023-10,False,right,high,488000.0,0.2203360655737705,True,0.1991262843970956
42tm_1QDNTU,Skandal bei Lanz: Aktive Beteiligung Bundeswehr in Israel!,Vermietertagebuch - Alexander Raue,UCiTJladOHCMkKndVBsn23VQ,2023-10-11 12:27:24,0 days 00:11:51,289834.0,17930.0,5724.0,2023-10,False,right,high,488000.0,0.593922131147541,True,0.4661977279498832
h4WvBN44RFQ,"4 Amerikaner in Israel getötet, USA sendet Flugzeugträger",Vermietertagebuch - Alexander Raue,UCiTJladOHCMkKndVBsn23VQ,2023-10-09 15:28:36,0 days 00:08:46,137305.0,9639.0,2102.0,2023-10,False,right,high,488000.0,0.2813627049180328,True,0.24792412484997825
GlHMxXgoY4c,Großangriff auf Israel – Weitere Länder greifen an!,Vermietertagebuch - Alexander Raue,UCiTJladOHCMkKndVBsn23VQ,2023-10-08 11:57:22,0 days 00:11:27,174351.0,11387.0,3129.0,2023-10,False,right,high,488000.0,0.3572766393442623,True,0.30548022105178196
ByfJfC_68go,Die Wahrheit über: Palästina vs Israel - Fake Krieg oder dritter Weltkrieg?,Karl Ess,UCtg17AAUcgsfmTZ7cOojgpA,2023-10-13 16:00:09,0 days 00:10:13,14166.0,381.0,132.0,2023-10,False,right,low,348000.0,0.04070689655172414,True,0.03990019047908137
D5n1Y16Y9lQ,Hamas bald? | NARRATIVSCHLAF,InfraRot - dein Durchblick im Nachrichtennebel,UCvPGXnZmXrkPrdYKRZ0M1bg,2023-11-19 10:30:07,0 days 00:17:26,11304.0,1688.0,106.0,2023-11,False,right,high,86500.0,0.1306820809248555,True,0.12282106206206522
v_hn14XT8uA,Wohin flüchten die Palästinenser? #Shorts,InfraRot - dein Durchblick im Nachrichtennebel,UCvPGXnZmXrkPrdYKRZ0M1bg,2023-10-30 16:53:59,0 days 00:00:40,2661.0,114.0,16.0,2023-10,True,right,high,86500.0,0.03076300578034682,True,0.03029931030877285
WxGRszIyBNI,Solidarität mit Israel?,InfraRot - dein Durchblick im Nachrichtennebel,UCvPGXnZmXrkPrdYKRZ0M1bg,2023-10-23 07:04:21,0 days 00:08:08,12075.0,1973.0,272.0,2023-10,False,right,high,86500.0,0.13959537572254335,True,0.13067326582585723
tkEuVGESNL4,Gaza-Klinik und Psychokrieg,InfraRot - dein Durchblick im Nachrichtennebel,UCvPGXnZmXrkPrdYKRZ0M1bg,2023-10-21 09:14:35,0 days 00:08:12,10707.0,1268.0,110.0,2023-10,False,right,high,86500.0,0.12378034682080925,True,0.11669831139640427
yNx01ASJS0Q,LIVE: Berlin - Palästinenser Demo,InfraRot - dein Durchblick im Nachrichtennebel,UCvPGXnZmXrkPrdYKRZ0M1bg,2023-10-18 19:27:16,0 days 02:01:54,28200.0,1265.0,226.0,2023-10,False,right,high,86500.0,0.3260115606936416,True,0.2821756101974914
KxQEZakPfFM,LIVE: Pulverfass NAHOST,InfraRot - dein Durchblick im Nachrichtennebel,UCvPGXnZmXrkPrdYKRZ0M1bg,2023-10-17 18:49:52,0 days 02:02:14,19949.0,1878.0,225.0,2023-10,False,right,high,86500.0,0.2306242774566474,True,0.20752158327580167
UtSsXeIIzvc,LIVE: Berlin - Palästinenser Protest (2),InfraRot - dein Durchblick im Nachrichtennebel,UCvPGXnZmXrkPrdYKRZ0M1bg,2023-10-13 16:27:36,0 days 00:36:23,17595.0,724.0,110.0,2023-10,False,right,high,86500.0,0.20341040462427745,True,0.18515952978990324
VPGaHUZVGBo,Palästinenser spricht Klartext,InfraRot - dein Durchblick im Nachrichtennebel,UCvPGXnZmXrkPrdYKRZ0M1bg,2023-10-13 15:56:24,0 days 00:00:47,50951.0,1184.0,,2023-10,True,right,high,86500.0,0.589028901734104,True,0.46312307601981856
l1-GBxRAL3c,LIVE: Berlin - Palästinenser Protest,InfraRot - dein Durchblick im Nachrichtennebel,UCvPGXnZmXrkPrdYKRZ0M1bg,2023-10-13 14:50:12,0 days 01:00:53,21423.0,725.0,124.0,2023-10,False,right,high,86500.0,0.24766473988439305,True,0.2212735959444616
gSYiH-ZBOt8,Hamas: Frankenstein-Effekt,InfraRot - dein Durchblick im Nachrichtennebel,UCvPGXnZmXrkPrdYKRZ0M1bg,2023-10-13 12:07:58,0 days 00:08:26,14249.0,1638.0,120.0,2023-10,False,right,high,86500.0,0.16472832369942197,True,0.15248786128138742
XxEFEx8ib6I,Folker Hellmeyer über den Israel-Konflikt: Die geopolitischen Risiken wären gewaltig!,Mission Money,UCpvNsu17XsZFH3a_6tl_YyQ,2023-10-11 16:10:23,0 days 00:34:05,152346.0,3940.0,506.0,2023-10,False,right,moderate,281000.0,0.5421565836298933,True,0.4331818157897928
YMih_s26zQM,Susanne Fürst - Terrorangriff der Hamas auf Israel - 24.11.2023,Österreich zuerst,UC8TFpnUndPTOnxhIfzsx4mA,2023-11-24 12:50:49,0 days 00:07:40,3113.0,353.0,33.0,2023-11,False,right,moderate,54100.0,0.05754158964879852,True,0.05594695943805525
6Au-rFIy4AU,Hamas: Geld aus Deutschland?,MMnewsTV,UCPc6vijv_rMNwI573waZHeA,2023-10-08 14:00:47,0 days 00:12:52,8842.0,1019.0,124.0,2023-10,False,right,high,144000.0,0.06140277777777778,True,0.05959140849677431
d9N43SiFc78,Warnung! Hamas Terroraufruf für Freitag & Bearbock lässt Deutsche im Stich,Energie & Outdoor Chiemgau / Energie & Vorsorge,UCZt4nIjVCTcvVYzjp_VTJew,2023-10-12 11:00:27,0 days 00:09:20,88323.0,7186.0,1248.0,2023-10,False,right,moderate,214000.0,0.4127242990654206,True,0.34551996723026857
toLTQokZyOw,Israel im Krieg - Gefahr steigt auch bei uns - RUN-HIDE-FIGHT Verhalten bei Gefahr,Energie & Outdoor Chiemgau / Energie & Vorsorge,UCZt4nIjVCTcvVYzjp_VTJew,2023-10-10 15:00:48,0 days 00:18:44,53109.0,4363.0,631.0,2023-10,False,right,moderate,214000.0,0.24817289719626168,True,0.22168079977161817
Apx6iN-NEh8,Indubio Extra - Sprachlos in Israel,Achgut,UCLkHXX5R9S_qFZuCMGHWMrQ,2023-11-20 04:17:52,0 days 00:54:29,7591.0,647.0,104.0,2023-11,False,right,high,139000.0,0.054611510791366905,True,0.05317246289571171
EeKXIdSDTso,Frey in Israel: Beim Radfahren von Hamas-Terroristen ermordet,Achgut,UCLkHXX5R9S_qFZuCMGHWMrQ,2023-11-17 09:18:09,0 days 00:08:23,5641.0,599.0,98.0,2023-11,False,right,high,139000.0,0.04058273381294964,True,0.03978087720608914
1OogWcSWazU,"Wir haben es gesagt, 2018: UNRWA finanziert Hamas",Achgut,UCLkHXX5R9S_qFZuCMGHWMrQ,2023-11-14 08:27:43,0 days 00:00:26,5064.0,491.0,8.0,2023-11,True,right,high,139000.0,0.036431654676258994,True,0.03578371215357529
YVtQttSubZ4,Frey in Israel: Überfall auf den Kibbuz Kfar Aza,Achgut,UCLkHXX5R9S_qFZuCMGHWMrQ,2023-11-09 08:59:53,0 days 00:10:03,5428.0,480.0,94.0,2023-11,False,right,high,139000.0,0.03905035971223022,True,0.03830718034790555
f43fZ5alcpw,Frey in Israel: Evakuierung der Zivilbevölkerung,Achgut,UCLkHXX5R9S_qFZuCMGHWMrQ,2023-11-03 09:35:36,0 days 00:12:54,4574.0,528.0,36.0,2023-11,False,right,high,139000.0,0.03290647482014389,True,0.032376648594542104
36xDBX_BlEk,Rückspiegel: Die Islamisten wollen mehr als Israel,Achgut,UCLkHXX5R9S_qFZuCMGHWMrQ,2023-11-02 22:58:34,0 days 00:05:24,25499.0,3198.0,255.0,2023-11,False,right,high,139000.0,0.18344604316546761,True,0.16843055802890183
cY3KKITRY5s,Frey in Israel: So fühlt sich Raketenterror wirklich an,Achgut,UCLkHXX5R9S_qFZuCMGHWMrQ,2023-10-29 09:52:24,0 days 00:12:30,4495.0,411.0,47.0,2023-10,False,right,high,139000.0,0.03233812949640288,True,0.03182625825637054
Eb0waEzErjE,Frey in Israel: Krieg und Alltag in Jerusalem,Achgut,UCLkHXX5R9S_qFZuCMGHWMrQ,2023-10-28 07:50:35,0 days 00:08:07,3448.0,367.0,21.0,2023-10,False,right,high,139000.0,0.024805755395683454,True,0.02450308770062361
65NkLbJydOM,"Frey in Israel: Leere Straßen in Tel Aviv – Krieg in Nahost, 24.10.2023",Achgut,UCLkHXX5R9S_qFZuCMGHWMrQ,2023-10-25 11:18:13,0 days 00:08:00,5491.0,559.0,69.0,2023-10,False,right,high,139000.0,0.039503597122302156,True,0.038743288745058384
y4hi60-s-JQ,Rückspiegel: Mehr Gaza in Deutschland?,Achgut,UCLkHXX5R9S_qFZuCMGHWMrQ,2023-10-19 20:44:33,0 days 00:06:14,30049.0,3597.0,235.0,2023-10,False,right,high,139000.0,0.21617985611510793,True,0.19571468059606503
EfFWcGi357E,Flg. 298 - Reden über Israel,Achgut,UCLkHXX5R9S_qFZuCMGHWMrQ,2023-10-15 03:23:23,0 days 01:10:48,10146.0,823.0,195.0,2023-10,False,right,high,139000.0,0.07299280575539568,True,0.07045175883148556
Me6K19qz6kY,Israel: „Nie wieder“ ist jetzt!,Achgut,UCLkHXX5R9S_qFZuCMGHWMrQ,2023-10-14 04:00:10,0 days 00:11:22,7880.0,693.0,97.0,2023-10,False,right,high,139000.0,0.05669064748201439,True,0.05514199374148858
cRNoMmlR-0k,Indubio Extra - Chaim Noll: Bericht aus Israel,Achgut,UCLkHXX5R9S_qFZuCMGHWMrQ,2023-10-13 10:32:19,0 days 00:40:40,8734.0,757.0,77.0,2023-10,False,right,high,139000.0,0.06283453237410072,True,0.060939426259469756
JRvXvFho9MA,Barbaren gegen Israel,Achgut,UCLkHXX5R9S_qFZuCMGHWMrQ,2023-10-12 06:01:11,0 days 00:07:12,11803.0,1462.0,179.0,2023-10,False,right,high,139000.0,0.0849136690647482,True,0.08150041614448719
WhuHcMofLzg,Schwere Erdbeben in Afghanistan & Iran 🧐 Noch mehr “Zufälle” im Nahen Osten?,Kai Brenner - Per Du mit dem Leben 😃,UCUnxR8x1hsw2Zt35-P-slsw,2023-10-18 13:27:45,0 days 00:19:07,49906.0,4627.0,453.0,2023-10,False,right,high,204000.0,0.24463725490196078,True,0.21884412593812597
pTDmSRWoq_s,Kane stellt sich hinter israelischen Teamkollegen Peretz,ran Bundesliga,UCfG-sFP31QN3nHLu1cgPQBQ,2023-10-23 13:39:51,0 days 00:01:09,5771.0,41.0,11.0,2023-10,False,right,moderate,58800.0,0.09814625850340136,True,0.09362353868216895
79qrPlUZ-B4,"Corona, Ukraine, Gaza: So leidet Tuchel",ran Bundesliga,UCfG-sFP31QN3nHLu1cgPQBQ,2023-10-22 05:32:05,0 days 00:01:36,4837.0,43.0,6.0,2023-10,False,right,moderate,58800.0,0.08226190476190476,True,0.07905320729045323
du-eouvt7jo,Bewegendes Statement: Streich zum Nahost-Konflikt,ran Bundesliga,UCfG-sFP31QN3nHLu1cgPQBQ,2023-10-19 20:55:54,0 days 00:03:02,5058.0,75.0,35.0,2023-10,False,right,moderate,58800.0,0.08602040816326531,True,0.082520013382381
4t6sfT2T3A4,"Orban will keine ""Mini-Gazas"" in Budapest",RTV Privatfernsehen,UCZiX_brEG6VlfqGjOv78VAw,2023-11-16 18:10:18,0 days 00:01:17,2753.0,527.0,66.0,2023-11,False,right,high,122000.0,0.022565573770491804,True,0.022314737705413045
WzCvxwAeGSM,RTV Talk Spezial: Was sind die Ursachen des Nahost-Konflikts?,RTV Privatfernsehen,UCZiX_brEG6VlfqGjOv78VAw,2023-10-30 19:11:20,0 days 00:35:25,15262.0,825.0,176.0,2023-10,False,right,high,122000.0,0.1250983606557377,True,0.11787046352844474
K95DhMbnMts,"RTV Talk Spezial: Nahost-Konflikt - Ursachen, Folgen und internationale Reaktionen",RTV Privatfernsehen,UCZiX_brEG6VlfqGjOv78VAw,2023-10-28 08:40:23,0 days 01:00:01,18107.0,944.0,340.0,2023-10,False,right,high,122000.0,0.14841803278688526,True,0.13838537167273643
vbkbzicvzjM,Nahost-Konflikt: Droht bald Krieg in Europa?,RTV Privatfernsehen,UCZiX_brEG6VlfqGjOv78VAw,2023-10-26 16:23:01,0 days 00:30:01,29446.0,2412.0,359.0,2023-10,False,right,high,122000.0,0.2413606557377049,True,0.21620808103432024
k4VDhTkk9bI,EU-Beamte kritisieren von der Leyen wegen Israel-Haltung,RTV Privatfernsehen,UCZiX_brEG6VlfqGjOv78VAw,2023-10-25 06:37:08,0 days 00:01:38,6019.0,792.0,93.0,2023-10,False,right,high,122000.0,0.049336065573770495,True,0.048157645670604994
4H1uXqzArTg,Pro-Palästina-Demonstration in Linz geplant,RTV Privatfernsehen,UCZiX_brEG6VlfqGjOv78VAw,2023-10-19 12:18:31,0 days 00:00:29,3009.0,324.0,66.0,2023-10,True,right,high,122000.0,0.02466393442622951,True,0.024364689977168976
0fg5LzGCU-0,RTV Talk Spezial: Nahost - Hintergründe eines anhaltenden Konflikts,RTV Privatfernsehen,UCZiX_brEG6VlfqGjOv78VAw,2023-10-19 09:36:10,0 days 00:52:28,40937.0,2710.0,446.0,2023-10,False,right,high,122000.0,0.33554918032786885,True,0.2893425782944591
4ozvoUUsQNE,Eskalation in Nahost – die geopolitischen Risiken wachsen,RTV Privatfernsehen,UCZiX_brEG6VlfqGjOv78VAw,2023-10-11 12:13:12,0 days 00:02:19,2668.0,257.0,38.0,2023-10,False,right,high,122000.0,0.021868852459016392,True,0.021633159143138354
MtUaQYrJvJU,Israel-Konflikt: Netanyahu droht Hamas mit totalem Krieg,RTV Privatfernsehen,UCZiX_brEG6VlfqGjOv78VAw,2023-10-09 16:46:16,0 days 00:04:03,4540.0,493.0,118.0,2023-10,False,right,high,122000.0,0.03721311475409836,True,0.03653741898548167
-nbCxQQBZ3Y,Ägypten und Jordanien wollen keine Flüchtlinge aus dem Gaza-Streifen - Warum wohl?,Digitaler Chronist,UCAe4VvNMKFlFnqT2fe9-0HA,2023-10-17 16:17:41,0 days 00:24:21,28426.0,4850.0,554.0,2023-10,False,right,high,118000.0,0.24089830508474577,True,0.215835556921725
hnAxNlDFiAQ,#israel - Das Regime steigert sich immer mehr in seiner Verkommenheit,Digitaler Chronist,UCAe4VvNMKFlFnqT2fe9-0HA,2023-10-11 09:22:00,0 days 00:13:55,39678.0,6164.0,713.0,2023-10,False,right,high,118000.0,0.3362542372881356,True,0.28987035438156494
lXtPgZ7MXiA,Hamas greift #Israel an Betroffenheitsheuchelei während der Angriff von manchen offen gefeiert wird,Digitaler Chronist,UCAe4VvNMKFlFnqT2fe9-0HA,2023-10-08 09:22:54,0 days 00:15:39,32329.0,4849.0,576.0,2023-10,False,right,high,118000.0,0.27397457627118643,True,0.2421416011197575
UL6dOto-yQM,Ricarda Lang über den Nahen Osten - köstliche Satire. Zum Totlachen.😂,Boris Reitschuster,UCkSEq4JuI5VxqWIrRY2-pew,2023-10-11 16:31:57,0 days 00:01:19,150115.0,6915.0,1547.0,2023-10,False,right,high,374000.0,0.4013770053475936,True,0.3374553284763026
b5TqiSa8kqo,Alarm: Auswirkungen des Israel Krieges auf Europa (Deutschland massiv betroffen!),Investinbest,UC55YgoWqUE8IU0XZ5wBCUow,2023-10-09 09:08:01,0 days 00:36:45,37721.0,3275.0,168.0,2023-10,False,right,high,88600.0,0.42574492099322797,True,0.3546944287078034
ZKwVpLFwd_o,Dirk Müller - Drohender Flächenbrand im Nahen Osten - Gewalt wurde noch nie mit Gewalt beendet!,Cashkurs.com,UCeKWO9gvmAyoPiEuaIwnGHQ,2023-10-10 15:47:52,0 days 00:22:58,86667.0,4578.0,,2023-10,False,right,high,189000.0,0.45855555555555555,True,0.37744660048505096
qWjkIThjTmU,Ägypten VS Israel 2023,Krabbe,UCoI_jVot77iIMIjMVW1-y0Q,2023-09-22 08:00:22,0 days 00:00:59,111360.0,5215.0,106.0,2023-09,True,right,moderate,62500.0,1.78176,True,1.0230838209085626
p4C4WoT9mXw,Israel & Palästina: Die ganze Wahrheit,SchrangTV,UCjSkyrjqPeMwubZU0CnScXA,2023-10-16 13:52:04,0 days 00:16:40,16776.0,1615.0,120.0,2023-10,False,right,high,169000.0,0.09926627218934911,True,0.09464293196157685
8KcQbgJUN8E,BIZARRE GESTE: Deutschland gedenkt NUR den getöteten Hamas-Terroristen in einer Schweigeminute,HABITAT - Lebensraum Deutschland,UCsI9oTkm0H9GnK5K1fmFMug,2023-10-10 13:41:42,0 days 00:09:03,741.0,63.0,15.0,2023-10,False,right,high,80100.0,0.009250936329588014,True,0.009208408498402543
hpYDk-JHugc,Warum hat Isreal die Hamas finaziert?,Paul Brandenburg,UCksi8_CDUF0DbnLrgIoRrRg,2023-10-23 14:00:35,0 days 00:00:53,3667.0,383.0,11.0,2023-10,True,right,high,133000.0,0.027571428571428573,True,0.02719818182990586
x0MAdpRqeV4,#59 – Hörertalk: Nahost in Deutschland – die nächste Spaltung?,Paul Brandenburg,UCksi8_CDUF0DbnLrgIoRrRg,2023-10-17 19:50:58,0 days 01:40:54,39486.0,2874.0,263.0,2023-10,False,right,high,133000.0,0.29688721804511276,True,0.2599669455357668
8OXXoJQ5mzc,#59 - Hörertalk: Nahost in Deutschland - die nächste Spaltung?,Paul Brandenburg,UCksi8_CDUF0DbnLrgIoRrRg,2023-10-16 11:00:23,0 days 00:00:34,9128.0,907.0,30.0,2023-10,True,right,high,133000.0,0.06863157894736842,True,0.06637893180559139
nJN0x78h9ho,Wurde Israel überrascht?,Paul Brandenburg,UCksi8_CDUF0DbnLrgIoRrRg,2023-10-16 10:00:18,0 days 00:00:55,5155.0,445.0,11.0,2023-10,True,right,high,133000.0,0.038759398496240605,True,0.03802711503707332
lWHBFSJCHPQ,Putin über die große Ungerechtigkeit im Nahen Osten,Russische Welt TV,UCYA4px5qSUdfh6UgANFc9lQ,2023-10-12 13:54:07,0 days 00:00:55,12098.0,1763.0,56.0,2023-10,True,right,high,105000.0,0.11521904761904762,True,0.1090508408809936
z-e9hSGdfzE,Lawrow äußerst sich zum Israel-Palästina Konflikt,Russische Welt TV,UCYA4px5qSUdfh6UgANFc9lQ,2023-10-09 15:58:02,0 days 00:07:34,31724.0,3278.0,440.0,2023-10,False,right,high,105000.0,0.3021333333333333,True,0.2640039450972037
YFicfvrdoLA,"Teaser: Preise, Inflation und Messdaten mit Prof. Karl-Friedrich Israel (Ferngespräch 059)",eigentümlich frei,UCxQdpLijLxJTXUgmM03xT0g,2023-11-07 05:00:17,0 days 00:05:08,898.0,113.0,1.0,2023-11,False,right,high,71700.0,0.012524407252440726,True,0.01244662563635045
DgCqdIZB2KQ,DANIELE GANSER: DIE WAHRHEIT über DEN NAHEN OSTEN! #2 [INTERVIEW] REACTION - Leon Lovelock,LEON LOVELOCK | UNCUT,UC-Weu4-hPc3K-cVusdyQg4g,2023-11-13 12:00:12,0 days 00:57:41,15585.0,695.0,112.0,2023-11,False,right,high,102000.0,0.15279411764705883,True,0.14218866302452413
HAxM9d-H93M,ERNST WOLFF über ESKALATION IM GAZA STREIFEN! [DOKU] REACTION - Leon Lovelock,LEON LOVELOCK | UNCUT,UC-Weu4-hPc3K-cVusdyQg4g,2023-11-11 12:00:21,0 days 00:38:56,10738.0,555.0,178.0,2023-11,False,right,high,102000.0,0.10527450980392157,True,0.10009372927921514
YCJGEH-trw4,DANIELE GANSER PACKT DIE WAHRHEIT über ISRAEL & PALÄSTINA AUS!! #1 - Leon Lovelock,LEON LOVELOCK | UNCUT,UC-Weu4-hPc3K-cVusdyQg4g,2023-11-06 13:00:34,0 days 01:03:05,25195.0,1028.0,226.0,2023-11,False,right,high,102000.0,0.24700980392156863,True,0.22074852867306344
Cq5RqM3b8Yc,EMOTIONAL ANSAGE ZUM ISRAEL & PALÄSTINA KRIEG! VORTRAG] REACTION - Leon Lovelock,LEON LOVELOCK | UNCUT,UC-Weu4-hPc3K-cVusdyQg4g,2023-11-02 13:00:16,0 days 00:07:42,5448.0,370.0,86.0,2023-11,False,right,high,102000.0,0.05341176470588235,True,0.052034196322503015
9BOEtolfZ20,DANIELE GANSER über ISRAEL & PALÄSTINA KREG! [PREVIEW] REACTION - Leon Lovelock,LEON LOVELOCK | UNCUT,UC-Weu4-hPc3K-cVusdyQg4g,2023-10-31 12:00:15,0 days 00:15:12,33023.0,1255.0,201.0,2023-10,False,right,high,102000.0,0.3237549019607843,True,0.28047232101314534
AdW6NlXv-4A,USA & CHINA MISCHEN SICH IN  DEN ISRAEL & PALÄSTINA KONFLIKT EIN! DOKU] REACTION - Leon Lovelock,LEON LOVELOCK | UNCUT,UC-Weu4-hPc3K-cVusdyQg4g,2023-10-25 13:00:10,0 days 00:16:01,13033.0,799.0,226.0,2023-10,False,right,high,102000.0,0.12777450980392158,True,0.12024623043657012
yd6Rr3U87_w,DEUTSCHE SOLLEN BEREIT SEIN FÜR ISRAEL ZU STERBEN! 😳 [DOKU] REACTION - Leon Lovelock,LEON LOVELOCK | UNCUT,UC-Weu4-hPc3K-cVusdyQg4g,2023-10-22 13:00:46,0 days 00:25:45,43315.0,2469.0,959.0,2023-10,False,right,high,102000.0,0.42465686274509806,True,0.3539309866504874
kQn58rnFEso,"RABBI PACKT DIE WAHRHEIT über ISRAEL, PALÄSTINA & ZIONISMUS AUS! [INTERVIEW]  - Leon Lovelock",LEON LOVELOCK | UNCUT,UC-Weu4-hPc3K-cVusdyQg4g,2023-10-20 13:00:43,0 days 00:31:52,18587.0,987.0,317.0,2023-10,False,right,high,102000.0,0.18222549019607842,True,0.16739867083705853
3D8a1YnSyjc,ERNST WOLFF EMOTIONAL über ISRAEL & PALÄSTINA KONFLIKT!! [INTERVIEW] REACTION - Leon Lovelock,LEON LOVELOCK | UNCUT,UC-Weu4-hPc3K-cVusdyQg4g,2023-10-19 13:00:02,0 days 00:35:04,53079.0,1932.0,585.0,2023-10,False,right,high,102000.0,0.5203823529411765,True,0.4189618512129108
4iMwIvNswR0,DAS SOLLST DU NICHT HÖREN! DIE WAHRHEIT über ISRAEL & PALÄSTINA #2 [DOKU] REACTION - Leon Lovelock,LEON LOVELOCK | UNCUT,UC-Weu4-hPc3K-cVusdyQg4g,2023-10-17 13:00:03,0 days 00:21:57,20338.0,1029.0,263.0,2023-10,False,right,high,102000.0,0.19939215686274508,True,0.18181489251357047
Wioz_uFWj-I,SKANDAL! SO POSITIONIERT SICH DEUTSCHLAND im ISRAEL & PALÄSTINA KONFLIKT [REACTION] - Leon Lovelock,LEON LOVELOCK | UNCUT,UC-Weu4-hPc3K-cVusdyQg4g,2023-10-15 10:00:32,0 days 00:21:09,15331.0,863.0,393.0,2023-10,False,right,high,102000.0,0.15030392156862746,True,0.1400261870843436
OFW-HhP8cc4,Die WAHRHEIT über ISRAEL & PALÄSTINA.. [MEINE] REACTION - Leon Lovelock,LEON LOVELOCK | UNCUT,UC-Weu4-hPc3K-cVusdyQg4g,2023-10-13 14:00:17,0 days 00:24:02,20749.0,961.0,339.0,2023-10,False,right,high,102000.0,0.20342156862745098,True,0.18516880671766361
cW2Tjpon3o4,Baerbock blockiert Waffenruhe für Gaza!,Kontraste - Der Wirtschaftsblog,UC4UpKVeiRJJd-mCBQuhe_8g,2023-10-24 15:56:33,0 days 00:00:59,292.0,27.0,1.0,2023-10,True,right,high,53300.0,0.005478424015009381,True,0.005463472034167588
UdUN4kvXzT4,1 Million Palästinenser nach Deutschland ? #deutschland #israel  #afd,Kontraste - Der Wirtschaftsblog,UC4UpKVeiRJJd-mCBQuhe_8g,2023-10-20 15:43:24,0 days 00:01:00,425.0,46.0,0.0,2023-10,False,right,high,53300.0,0.00797373358348968,True,0.007942111356775299
PtYyOIIXdEQ,Eine Million Palästinenser nach Deutschland?,Kontraste - Der Wirtschaftsblog,UC4UpKVeiRJJd-mCBQuhe_8g,2023-10-20 15:16:25,0 days 00:06:35,264.0,19.0,9.0,2023-10,False,right,high,53300.0,0.004953095684803002,True,0.0049408694615208915
F2lGHFl2dRw,CDU WILL BUNDESWEHR NACH ISRAEL SENDEN!  #deutschland #baerbock #afd #nahost,Kontraste - Der Wirtschaftsblog,UC4UpKVeiRJJd-mCBQuhe_8g,2023-10-19 14:41:42,0 days 00:00:55,1766.0,84.0,12.0,2023-10,True,right,high,53300.0,0.033133208255159474,True,0.03259613463615416
bU2UaCgvvAM,Eskaliert Israel in den 3. Weltkrieg? #deutschland #habeck #afd #israel,Kontraste - Der Wirtschaftsblog,UC4UpKVeiRJJd-mCBQuhe_8g,2023-10-12 23:04:58,0 days 00:00:59,1704.0,152.0,,2023-10,True,right,high,53300.0,0.03196998123827392,True,0.031469578688899456
lloFZrOKmyA,Wird aus der Israel Krise der Dritte Weltkrieg ?,Kontraste - Der Wirtschaftsblog,UC4UpKVeiRJJd-mCBQuhe_8g,2023-10-12 18:22:54,0 days 00:06:27,167.0,17.0,2.0,2023-10,False,right,high,53300.0,0.003133208255159475,True,0.0031283099870367827
7T5dRxhiC4o,💥 ISRAEL WAR EINGEWEIHT!? 💥,Erfolgskanal - Community für Finanzen & Wirtschaft,UCJiRXf1Pb0ZkoPD7qcQIvlg,2023-11-23 15:00:12,0 days 00:10:49,3424.0,353.0,42.0,2023-11,False,right,high,262000.0,0.013068702290076336,True,0.012984043588822382
_y0EnX-BTNM,💥 AKUTE WENDUNG IN ISRAEL! 💥,Erfolgskanal - Community für Finanzen & Wirtschaft,UCJiRXf1Pb0ZkoPD7qcQIvlg,2023-11-12 15:00:21,0 days 00:08:20,5541.0,524.0,36.0,2023-11,False,right,high,262000.0,0.02114885496183206,True,0.02092832185819783
a6GKEYZh2f4,💥 DIE DUNKLE WAHRHEIT ÜBER DEN NAHOSTKONFLIKT! 💥,Erfolgskanal - Community für Finanzen & Wirtschaft,UCJiRXf1Pb0ZkoPD7qcQIvlg,2023-11-11 11:15:00,0 days 00:14:42,3280.0,268.0,18.0,2023-11,False,right,high,262000.0,0.012519083969465649,True,0.0124413681858333
tLN8B-aZXlU,💥 ISRAEL RUTSCHT TÖDLICHE WAHRHEIT RAUS! 💥,Erfolgskanal - Community für Finanzen & Wirtschaft,UCJiRXf1Pb0ZkoPD7qcQIvlg,2023-11-10 17:15:03,0 days 00:08:28,6172.0,419.0,32.0,2023-11,False,right,high,262000.0,0.023557251908396946,True,0.023284061934737973
IJga0YXhiwY,💥 AMERIKA LÄSST ISRAEL FALLEN! 💥,Erfolgskanal - Community für Finanzen & Wirtschaft,UCJiRXf1Pb0ZkoPD7qcQIvlg,2023-11-01 10:30:11,0 days 00:09:54,19530.0,1167.0,117.0,2023-11,False,right,high,262000.0,0.07454198473282443,True,0.07189451007631972
N5mtJY7GJVY,💥 IRAN GREIFT ISRAEL AN?! 💥,Erfolgskanal - Community für Finanzen & Wirtschaft,UCJiRXf1Pb0ZkoPD7qcQIvlg,2023-10-27 14:11:03,0 days 00:09:02,16472.0,784.0,94.0,2023-10,False,right,high,262000.0,0.06287022900763359,True,0.06097301195225714
k4UilzW-lNU,💥 BÄRBOCK KENNT NAHOSTKONFLIKT NICHT?! 💥,Erfolgskanal - Community für Finanzen & Wirtschaft,UCJiRXf1Pb0ZkoPD7qcQIvlg,2023-10-24 11:45:03,0 days 00:11:45,9313.0,617.0,79.0,2023-10,False,right,high,262000.0,0.03554580152671756,True,0.03492863219035988
rjz-z3elBxw,💥 BÄRBOCK ISRAEL ESKALATION! 💥,Erfolgskanal - Community für Finanzen & Wirtschaft,UCJiRXf1Pb0ZkoPD7qcQIvlg,2023-10-23 17:45:02,0 days 00:09:23,6935.0,418.0,61.0,2023-10,False,right,high,262000.0,0.02646946564885496,True,0.026125210954403403
CT0eZ50x7EI,💥 ISRAEL EILMELDUNG! 💥,Erfolgskanal - Community für Finanzen & Wirtschaft,UCJiRXf1Pb0ZkoPD7qcQIvlg,2023-10-23 12:52:41,0 days 00:08:38,42190.0,2292.0,280.0,2023-10,False,right,high,262000.0,0.16103053435114503,True,0.1493080024139669
5VyJ5fFDi4Y,💥 ISRAEL FASSUNGSLOS ÜBER BÄRBOCK! 💥,Erfolgskanal - Community für Finanzen & Wirtschaft,UCJiRXf1Pb0ZkoPD7qcQIvlg,2023-10-23 09:15:00,0 days 00:08:49,49210.0,2414.0,374.0,2023-10,False,right,high,262000.0,0.18782442748091602,True,0.17212342170295672
LVvKpB1HwE8,💥 BÄRBOCK SCHOCKT ISRAEL! 💥,Erfolgskanal - Community für Finanzen & Wirtschaft,UCJiRXf1Pb0ZkoPD7qcQIvlg,2023-10-22 16:00:15,0 days 00:09:18,47023.0,1927.0,238.0,2023-10,False,right,high,262000.0,0.1794770992366412,True,0.16507120402355932
5nMUhRxiBuU,💥 ISRAEL EILMELDUNG! 💥,Erfolgskanal - Community für Finanzen & Wirtschaft,UCJiRXf1Pb0ZkoPD7qcQIvlg,2023-10-19 10:30:01,0 days 00:11:41,7702.0,533.0,35.0,2023-10,False,right,high,262000.0,0.029396946564885496,True,0.028973142004106858
oucFbROAyLo,💥 GAULAND ZERLEGT BÄRBOCKS ISRAEL DEBAKEL! 💥,Erfolgskanal - Community für Finanzen & Wirtschaft,UCJiRXf1Pb0ZkoPD7qcQIvlg,2023-10-15 09:30:24,0 days 00:08:11,35684.0,2977.0,233.0,2023-10,False,right,high,262000.0,0.13619847328244275,True,0.1276880174350428
2wayh5Syl8Y,💥 BÄRBOCK WEINT IN ISRAEL! 💥,Erfolgskanal - Community für Finanzen & Wirtschaft,UCJiRXf1Pb0ZkoPD7qcQIvlg,2023-10-13 15:01:38,0 days 00:09:13,18925.0,1262.0,312.0,2023-10,False,right,high,262000.0,0.07223282442748091,True,0.06974322603286921
7uRodjBy2Uw,𝐁𝐞𝐫𝐧𝐡𝐚𝐫𝐝 𝐙𝐢𝐦𝐧𝐢𝐨𝐤 ▶️ Voraussetzung für Frieden? Hamas vernichten!,AfD im EU-Parlament,UCmzLzI-ROdjxWtBOuJTelug,2023-11-13 06:38:25,0 days 00:01:16,1465.0,366.0,40.0,2023-11,False,right,high,71100.0,0.02060478199718706,True,0.020395375113130977
4C7NVBXdzpY,ALLE Zahlungen an die Palästinenser ENDLICH einstellen,AfD im EU-Parlament,UCmzLzI-ROdjxWtBOuJTelug,2023-11-12 13:17:09,0 days 00:00:17,7140.0,579.0,29.0,2023-11,True,right,high,71100.0,0.10042194092827005,True,0.09569368891736671
CFRINhowPzo,Hamas muss vernichtet werden!,AfD im EU-Parlament,UCmzLzI-ROdjxWtBOuJTelug,2023-11-09 10:58:48,0 days 00:00:14,10088.0,416.0,90.0,2023-11,True,right,high,71100.0,0.14188466947960618,True,0.1326801161861849
3EC_WbmrUN4,𝐁𝐞𝐫𝐧𝐡𝐚𝐫𝐝 𝐙𝐢𝐦𝐧𝐢𝐨𝐤 ▶️ Der Krieg in Israel ist NICHT unser Konflikt!,AfD im EU-Parlament,UCmzLzI-ROdjxWtBOuJTelug,2023-10-27 16:45:00,0 days 00:07:30,2060.0,529.0,48.0,2023-10,False,right,high,71100.0,0.0289732770745429,True,0.028561486713469756
NZ4bSjJe4_U,𝐒𝐲𝐥𝐯𝐢𝐚 𝐋𝐢𝐦𝐦𝐞𝐫 ▶️  Hamas-Terror: Ich schäme mich zutiefst für diese EU!,AfD im EU-Parlament,UCmzLzI-ROdjxWtBOuJTelug,2023-10-21 16:15:01,0 days 00:01:21,4348.0,976.0,79.0,2023-10,False,right,high,71100.0,0.061153305203938114,True,0.059356340432388494
85TQXszChqo,Keine Aufnahme von Gaza-Flüchtlingen,Gerald Grosz,UCLdvZfZPIJtRzN_C5vO-IzA,2023-11-22 08:51:23,0 days 00:03:25,4369.0,773.0,39.0,2023-11,False,right,high,186000.0,0.023489247311827957,True,0.023217620262191783
PX-V1vUf47E,"Warum gibt’s diese Hamas-Demonstrationen nicht in Ungarn, in Polen, in der Slowakei, in Tschechien?",Gerald Grosz,UCLdvZfZPIJtRzN_C5vO-IzA,2023-11-09 08:16:42,0 days 00:04:37,8666.0,1362.0,68.0,2023-11,False,right,high,186000.0,0.04659139784946237,True,0.045538595783517724
RoOI7UJ9VYA,Hamas Versteher gehören abgeschoben - Gerald Grosz in Fellner Live,Gerald Grosz,UCLdvZfZPIJtRzN_C5vO-IzA,2023-11-08 07:31:01,0 days 01:32:04,8161.0,706.0,155.0,2023-11,False,right,high,186000.0,0.04387634408602151,True,0.04294103808331123
-6zPl_YLU5M,Die Hamas-Terroristen sind schlicht feig - Gerald Grosz in Fellner Live,Gerald Grosz,UCLdvZfZPIJtRzN_C5vO-IzA,2023-11-01 08:19:42,0 days 01:52:47,8252.0,633.0,101.0,2023-11,False,right,high,186000.0,0.044365591397849465,True,0.04340961149184804
M4QHjN-Sjsk,Die Linken sind die größten Antisemiten. Sie haben dies unter der Israel Kritik nur gut versteckt!,Gerald Grosz,UCLdvZfZPIJtRzN_C5vO-IzA,2023-10-26 15:27:13,0 days 00:02:18,6886.0,936.0,61.0,2023-10,False,right,high,186000.0,0.037021505376344084,True,0.03635266710019374
2VhZ0Z83Eho,"Islamisten wie die Hamas, der IS, die Hisbollah haben nur ein Ende verdient: bei den 72 Jungfrauen!",Gerald Grosz,UCLdvZfZPIJtRzN_C5vO-IzA,2023-10-26 09:46:05,0 days 00:01:12,5570.0,840.0,90.0,2023-10,False,right,high,186000.0,0.029946236559139784,True,0.029506603363808424
12dMcVgGizg,"Israel hat das Recht auf Selbstverteidigung, aber keinen Persilschein auf Barbarei!",Gerald Grosz,UCLdvZfZPIJtRzN_C5vO-IzA,2023-10-25 15:01:24,0 days 00:02:12,7732.0,963.0,66.0,2023-10,False,right,high,186000.0,0.04156989247311828,True,0.04072908697867669
O7Qv7YinEwQ,Israel für einen Kampf gegen Terror - Gerald Grosz in Fellner Live,Gerald Grosz,UCLdvZfZPIJtRzN_C5vO-IzA,2023-10-18 05:51:09,0 days 01:32:31,4343.0,364.0,70.0,2023-10,False,right,high,186000.0,0.0233494623655914,True,0.02308103407609615
I-eiJ91jifo,"Wir werden von Idioten regiert, die nicht in der Lage sind, Österreicher aus Israel zu holen!",Gerald Grosz,UCLdvZfZPIJtRzN_C5vO-IzA,2023-10-11 16:38:25,0 days 00:02:07,12674.0,1800.0,162.0,2023-10,False,right,high,186000.0,0.06813978494623656,True,0.06591861675445781
qogJjZaAf3Y,"Ausgerechnet jene solidarisieren sich mit Israel, die Israels größte Feinde nach Europa importieren!",Gerald Grosz,UCLdvZfZPIJtRzN_C5vO-IzA,2023-10-07 08:56:36,0 days 00:02:31,30874.0,4448.0,386.0,2023-10,False,right,high,186000.0,0.16598924731182796,True,0.15356986602628328
