channel_id,kanal_titel,channel_created_at,kategorie,war_group,active_before_reference,gruppe5,uploads_fensterende,views_vorkrieg,V0,V0w,V1,V2,V3
UC-5Ao5j48FBONkfprK1m5YA,DISSLIKE,2016-02-29 08:18:07,aktivitaet_deckt_kriegsbeginn,vorkriegskanal,True,(ohne gruppe5),0,0.0,False,False,False,False,False
UC-75V7JVPyuhsdJnPJCP2GQ,"DerDara - Politik, News & Debatte",,nachkrieg_verzoegerter_start,nachkriegskanal,False,Alternative Medien (links),502,0.0,True,True,False,False,False
UC-7qscJH_SncZvCm9Ty014Q,ServusTV On,2010-01-20 12:49:19,aktivitaet_deckt_kriegsbeginn,vorkriegskanal,True,Traditionelles Medium,413,11725734.0,True,True,True,True,True
UC-UQNye_z8EqecFJluZ1PxQ,DAZN Länderspiele,2019-06-03 08:39:29,aktivitaet_deckt_kriegsbeginn,vorkriegskanal,True,Traditionelles Medium,0,63313439.0,True,True,True,False,True
UC-ZMxS-psFAo2NahWdE3I5g,radioeins,2009-02-20 10:03:41,aktivitaet_deckt_kriegsbeginn,vorkriegskanal,True,ÖRR,150,3000116.0,True,False,True,True,False
UC-k-5F2j4CUzuwkx1QLRlpA,gewaltig nachhaltig,,aktivitaet_deckt_kriegsbeginn,vorkriegskanal,True,Alternative Medien (links),93,4017048.0,True,True,True,True,False
UC-pttzXDm3W7mGe7YZIAOCw,Dirk Muchow,2009-10-26 18:47:08,reaktiviert_faelschlich_vorkrieg,nachkriegskanal,False,Alternative Medien (rechts),444,0.0,True,True,False,False,False
UC-q8URCNmX5Wg4R9kXtW4tg,Punkt.PRERADOVIC,,aktivitaet_deckt_kriegsbeginn,vorkriegskanal,True,Alternative Medien (mitte),106,2361143.0,True,True,True,True,False
UC-qQ1TNcFK3DqD7jEK5D_jg,Martin Lejeune,2011-10-21 04:15:29,aktivitaet_deckt_kriegsbeginn,vorkriegskanal,True,Alternative Medien (mitte),398,7598092.0,True,True,True,True,True
UC-ry8ngUIJHTMBWeoARZGmA,zeitzeugen-portal,2011-02-11 10:22:33,reaktiviert_faelschlich_vorkrieg,nachkriegskanal,True,Alternative Medien (links),0,786402.0,True,True,False,False,False
UC-uCV5UTtCwrjnFalOfhLkg,Björn Banane,,aktivitaet_deckt_kriegsbeginn,vorkriegskanal,True,Alternative Medien (rechts),239,22357.0,True,True,True,True,False
UC0CQVmtT10QMU-_p0td3TSQ,Serdar Somuncu,2011-10-04 09:36:19,aktivitaet_deckt_kriegsbeginn,vorkriegskanal,True,Alternative Medien (links),132,1752887.0,True,True,True,True,False
UC0J2k12Zbs_tf-f7WxVhYZg,Balthasar Becker,2012-10-24 15:38:44,aktivitaet_deckt_kriegsbeginn,vorkriegskanal,True,Alternative Medien (rechts),62,21175.0,True,True,True,True,False
UC0RBJwg8ZfRM8TLGOKTpArA,_horizont_,2017-03-02 00:56:32,aktivitaet_deckt_kriegsbeginn,vorkriegskanal,True,Alternative Medien (mitte),25,9416374.0,True,False,True,True,True
UC0gowAwNIqEOMVSuXdJHJOw,Dr. Bernd Baumann,2016-12-22 14:49:08,reaktiviert_faelschlich_vorkrieg,nachkriegskanal,False,(ohne gruppe5),40,0.0,False,False,False,False,False
UC0ia0Bh33OgZ8p4emfeGG6g,SRF Comedy,2012-10-11 10:00:46,aktivitaet_deckt_kriegsbeginn,vorkriegskanal,True,ÖRR,155,8394349.0,True,True,True,True,True
UC0wmQHhNnuVUAl7PBXnwDEQ,warum.kritisch,,nachkrieg_verzoegerter_start,nachkriegskanal,False,Alternative Medien (rechts),313,0.0,True,True,False,False,False
UC19tEGPtxdnSMZnoqYUVvzA,Igor Welder,2009-11-13 08:11:11,aktivitaet_deckt_kriegsbeginn,vorkriegskanal,True,(ohne gruppe5),89,0.0,False,False,False,False,False
UC1RF0nztcvsH2Vjhh2xDt8g,Der Medienfuzzi,,nachkrieg_verzoegerter_start,nachkriegskanal,False,Alternative Medien (rechts),541,0.0,True,True,False,False,False
UC1RJJZSO2GYBrPQuiLUp1dA,Unignorierbar: Die Stimme des Widerstands,,nachkrieg_verzoegerter_start,nachkriegskanal,False,Alternative Medien (links),1566,0.0,True,True,False,False,False
UC1cQzKmbx9x0KipvoCt4NJg,Monitor,2019-04-25 13:53:22,aktivitaet_deckt_kriegsbeginn,vorkriegskanal,True,ÖRR,27,3540640.0,True,False,True,True,False
UC1lSJPfMswLZcpyfzmkX5HA,TRT Deutsch,2019-03-05 06:44:10,aktivitaet_deckt_kriegsbeginn,vorkriegskanal,True,ÖRR,670,9969542.0,True,True,True,True,True
UC1lcA9yIr-6brMzptYk_fwA,Krall & Bubeck,,nachkrieg_verzoegerter_start,nachkriegskanal,False,Alternative Medien (rechts),768,0.0,True,True,False,False,False
UC1qFtRUgiodtHFWRs3RY1lg,Peter Weber,2018-09-06 15:03:59,aktivitaet_deckt_kriegsbeginn,vorkriegskanal,True,Alternative Medien (rechts),156,1582029.0,True,True,True,True,False
UC1w6pNGiiLdZgyNpXUnA4Zw,DER SPIEGEL,2006-07-13 07:50:19,aktivitaet_deckt_kriegsbeginn,vorkriegskanal,True,Traditionelles Medium,675,246009686.0,True,True,True,True,True
UC1y1GtNgGiAUBfQz87ltjag,exxpressTV,,aktivitaet_deckt_kriegsbeginn,vorkriegskanal,True,Traditionelles Medium,1078,8923.0,True,True,True,True,False
UC267Hlq_ACFuWzZYfazrDGQ,TryReact,2018-09-04 16:55:39,aktivitaet_deckt_kriegsbeginn,vorkriegskanal,True,(ohne gruppe5),129,0.0,False,False,False,False,False
UC2cJbBzyHM48MVFB6eOW9og,stern TV,2015-11-27 13:11:34,aktivitaet_deckt_kriegsbeginn,vorkriegskanal,True,Traditionelles Medium,194,101405305.0,True,True,True,True,True
UC2n9cj1SR8lXPnNjmFl2BBw,Neuste.news,2017-01-18 18:35:00,aktivitaet_deckt_kriegsbeginn,vorkriegskanal,True,Alternative Medien (rechts),0,5575594.0,True,False,True,False,True
UC2q758ZoKua2OKWxSHJiVXA,ThekenAlarm,,nachkrieg_verzoegerter_start,nachkriegskanal,False,Alternative Medien (rechts),848,0.0,True,False,False,False,False
UC2w2teNMpadicMg3Sd_yiyg,RTL,2013-07-04 12:42:35,aktivitaet_deckt_kriegsbeginn,vorkriegskanal,True,Traditionelles Medium,269,10032233.0,True,True,True,True,True
UC2xqE9CFcyhokm0VxdJBKpg,Atlas Initiative für Recht und Freiheit,,aktivitaet_deckt_kriegsbeginn,vorkriegskanal,True,Alternative Medien (rechts),131,772971.0,True,True,True,True,False
UC39NWHuZJnbL2yBidzlJfZQ,inKev,2018-05-30 15:25:04,aktivitaet_deckt_kriegsbeginn,vorkriegskanal,True,(ohne gruppe5),445,0.0,False,False,False,False,False
UC3AdN1bEmEonuSwXNS8LixQ,HKCM,2015-01-19 10:09:48,aktivitaet_deckt_kriegsbeginn,vorkriegskanal,True,Alternative Medien (mitte),354,8396564.0,True,True,True,True,True
UC3gJSe50HI67uKN4mO9a91g,3nach9,2011-02-10 17:25:37,aktivitaet_deckt_kriegsbeginn,vorkriegskanal,True,ÖRR,11,12149438.0,True,False,True,True,True
UC3hekG458EdMK2KmbGbMHmw,Marvin Neumann,2016-03-22 16:50:35,aktivitaet_deckt_kriegsbeginn,vorkriegskanal,True,Alternative Medien (links),32,3868160.0,True,True,True,True,False
UC3z34-ighaGmK30To86HMqw,Florian Schroeder,2012-04-04 16:13:38,reaktiviert_faelschlich_vorkrieg,nachkriegskanal,True,Alternative Medien (mitte),127,53528.0,True,False,False,False,False
UC44EGa9fuj0AsoBqQNjn4VA,Markus Mingers ,2014-07-25 09:08:57,aktivitaet_deckt_kriegsbeginn,vorkriegskanal,True,Alternative Medien (mitte),77,5090476.0,True,True,True,True,True
UC4UpKVeiRJJd-mCBQuhe_8g,Kontraste - Der Wirtschaftsblog,,nachkrieg_verzoegerter_start,nachkriegskanal,False,Alternative Medien (rechts),216,0.0,True,True,False,False,False
UC4V1z5uOPGL0FodEEScHd8g,Mr Rap,2018-07-24 20:45:28,aktivitaet_deckt_kriegsbeginn,vorkriegskanal,True,Alternative Medien (links),122,7213908.0,True,False,True,True,True
UC4gENfIXqpg-CCVN7felClg,TOGGO,2010-09-10 12:27:09,aktivitaet_deckt_kriegsbeginn,vorkriegskanal,True,ÖRR,324,63499627.0,True,False,True,True,True
UC4mTAdfgY48VtPSXVWTC9wQ,marliesjohanna,2014-05-04 09:55:31,reaktiviert_faelschlich_vorkrieg,nachkriegskanal,False,(ohne gruppe5),44,0.0,False,False,False,False,False
UC4qhj5cnX0MkbwXQ5vlI1NQ,Kronen Zeitung,2007-12-10 14:30:10,aktivitaet_deckt_kriegsbeginn,vorkriegskanal,True,Traditionelles Medium,2889,7212565.0,True,True,True,True,True
UC4zcMHyrT_xyWlgy5WGpFFQ,BILD,2014-11-07 10:47:58,aktivitaet_deckt_kriegsbeginn,vorkriegskanal,True,Traditionelles Medium,1993,546836990.0,True,True,True,True,True
UC55YgoWqUE8IU0XZ5wBCUow,Investinbest,,aktivitaet_deckt_kriegsbeginn,vorkriegskanal,True,Alternative Medien (rechts),65,2963095.0,True,True,True,True,False
UC55ntFpDyyt8jKEaVAgwmpA,Christian Hafenecker,,aktivitaet_deckt_kriegsbeginn,vorkriegskanal,True,(ohne gruppe5),144,0.0,False,False,False,False,False
UC5NOEUbkLheQcaaRldYW5GA,tagesschau,2006-07-31 20:17:35,aktivitaet_deckt_kriegsbeginn,vorkriegskanal,True,ÖRR,2950,182502439.0,True,True,True,True,True
UC5QXyeVn0LD-2ydrr_Owe4A,LACROIX,,nachkrieg_verzoegerter_start,nachkriegskanal,False,Alternative Medien (links),447,0.0,True,False,False,False,False
UC5ShHwirTLDS6T9nro0MXaQ,CaspianReport DE,,nachkrieg_verzoegerter_start,nachkriegskanal,False,Alternative Medien (mitte),23,0.0,True,True,False,False,False
UC5i6nCpwmDVKo98sZD2AAcQ,Horst Lüning (UnterBlog),2012-08-05 09:09:40,aktivitaet_deckt_kriegsbeginn,vorkriegskanal,True,Alternative Medien (rechts),47,1039015.0,True,True,True,True,False
UC5vRhLlSCrBEBuzn51ZrpBQ,Andi wacht auf!,,nachkrieg_verzoegerter_start,nachkriegskanal,False,(ohne gruppe5),173,0.0,False,False,False,False,False
UC5w2aXFKL_kLWSattQ6ekmQ,MENTALE FITNESS,2017-10-22 19:24:07,reaktiviert_faelschlich_vorkrieg,nachkriegskanal,False,Alternative Medien (rechts),109,0.0,True,True,False,False,False
UC6-3bNvn4FpTebBhsreWZBg,UMTL Service,2011-03-08 07:31:25,aktivitaet_deckt_kriegsbeginn,vorkriegskanal,True,Alternative Medien (mitte),28,471675.0,True,False,True,True,False
UC60nUxdEh1j8gV_fWAlj_hw,Owe Schattauer,2010-11-22 13:37:29,aktivitaet_deckt_kriegsbeginn,vorkriegskanal,True,Alternative Medien (mitte),17,336689.0,True,True,True,True,False
UC62IIFhchBWQxLPSyUatD-A,DER AKTIONÄR TV,2010-04-22 15:06:19,aktivitaet_deckt_kriegsbeginn,vorkriegskanal,True,Alternative Medien (mitte),891,29057517.0,True,True,True,True,True
UC67IaTsbpkzgAaeRMnJt5AQ,Vincents Zweiter,,nachkrieg_verzoegerter_start,nachkriegskanal,False,Alternative Medien (mitte),85,0.0,True,False,False,False,False
UC6RYT0kcxYh_u8OJoAaF1Pg,KISSLER KOMPAKT,,nachkrieg_verzoegerter_start,nachkriegskanal,False,Alternative Medien (rechts),166,0.0,True,True,False,False,False
UC6eKQpThuLPOHAf_EPyB3xw,Marcel Reiter,2019-06-02 18:14:31,aktivitaet_deckt_kriegsbeginn,vorkriegskanal,True,(ohne gruppe5),71,0.0,False,False,False,False,False
UC6hrzR7smGOGQgOh5q5HZYQ,HeyWolfi,2006-10-12 21:09:04,aktivitaet_deckt_kriegsbeginn,vorkriegskanal,True,Alternative Medien (links),234,342677.0,True,True,True,True,False
UC6rdE0CWPOZBJdM-b5Yk-Yg,Micha von der Rampe,2017-04-02 17:24:32,aktivitaet_deckt_kriegsbeginn,vorkriegskanal,True,(ohne gruppe5),163,0.0,False,False,False,False,False
UC6zXbTQEujMO-5CzyywlVDQ,Browser Ballett,2016-06-15 13:54:21,aktivitaet_deckt_kriegsbeginn,vorkriegskanal,True,ÖRR,0,17502004.0,True,False,True,False,True
UC70-qPE5cS_aOYAOGnM_24g,Versicherungen mit Kopf,2016-01-18 16:28:06,aktivitaet_deckt_kriegsbeginn,vorkriegskanal,True,Alternative Medien (mitte),107,987637.0,True,False,True,True,False
UC71SOu9JMKd3VHJs7GipdNQ,Zeidgenosse,2009-07-16 12:08:18,aktivitaet_deckt_kriegsbeginn,vorkriegskanal,True,Alternative Medien (links),28,1984054.0,True,True,True,True,False
UC7HpbItjae9vGSvO5bYDU3w,Klavier lernen (werdemusiker.de),2013-04-28 20:52:05,aktivitaet_deckt_kriegsbeginn,vorkriegskanal,True,(ohne gruppe5),10,0.0,False,False,False,False,False
UC7UmWgseKK7p3NPLo7RISdg,Boris von Morgenstern,,aktivitaet_deckt_kriegsbeginn,vorkriegskanal,True,Alternative Medien (rechts),331,517665.0,True,True,True,True,False
UC7g7kvJmGit81_4R_4yxhGA,BR Kabarett & Comedy,2019-01-08 14:32:03,aktivitaet_deckt_kriegsbeginn,vorkriegskanal,True,ÖRR,314,10555188.0,True,True,True,True,True
UC7nW8V_NntJawOXED8zJ55A,Jürgen Höller,2013-02-08 12:25:43,aktivitaet_deckt_kriegsbeginn,vorkriegskanal,True,Alternative Medien (rechts),39,226310.0,True,False,True,True,False
UC7n_Hml4hw5H4G-HP8QPeKw,:newstime,,nachkrieg_verzoegerter_start,nachkriegskanal,False,Traditionelles Medium,929,0.0,True,True,False,False,False
UC7x1zUUIrccDYILEpD-gbBA,pLOLitik,,aktivitaet_deckt_kriegsbeginn,vorkriegskanal,True,Alternative Medien (rechts),0,3952578.0,True,False,True,False,False
UC8Km0txKTlSPYIJF9HwPZMA,Learn German,2014-09-19 14:52:12,aktivitaet_deckt_kriegsbeginn,vorkriegskanal,True,Alternative Medien (mitte),3,274942.0,True,True,True,True,False
UC8TFpnUndPTOnxhIfzsx4mA,Österreich zuerst,2007-09-20 07:56:28,aktivitaet_deckt_kriegsbeginn,vorkriegskanal,True,(ohne gruppe5),552,0.0,False,False,False,False,False
UC8TsX50arK9Ap1oNIBQmQgw,Simon Super Hase [Deutsch],2018-06-26 12:49:56,aktivitaet_deckt_kriegsbeginn,vorkriegskanal,True,(ohne gruppe5),77,0.0,False,False,False,False,False
UC8WYi3XQXsf-6FNvqoEvxag,RTL Sport,2015-09-18 08:54:02,aktivitaet_deckt_kriegsbeginn,vorkriegskanal,True,Traditionelles Medium,1748,9180232.0,True,True,True,True,True
UC94WBmb8xvVUcV_b9Px0P3A,Wieder Zensiert - Alles Ausser Mainstream Boschimo,,nachkrieg_verzoegerter_start,nachkriegskanal,False,Alternative Medien (rechts),125,0.0,True,True,False,False,False
UC9QV7uZvrqbWUbIRifdWz5g,Finanzdenker,,nachkrieg_verzoegerter_start,nachkriegskanal,False,Alternative Medien (rechts),911,0.0,True,False,False,False,False
UC9qdoYTVU413M6EvqDRZDtA,Volksverpetzer,2018-02-15 12:06:38,aktivitaet_deckt_kriegsbeginn,vorkriegskanal,True,Alternative Medien (links),63,294381.0,True,True,True,True,False
UC9wj8KPMMTnZyk0lFGlnicg,William Niewiara,,aktivitaet_deckt_kriegsbeginn,vorkriegskanal,True,Alternative Medien (mitte),61,3751864.0,True,False,True,True,False
UCA95T5bSGxNOAODBdbR2rYQ,DieLinke,2006-09-20 09:23:15,aktivitaet_deckt_kriegsbeginn,vorkriegskanal,True,(ohne gruppe5),187,0.0,False,False,False,False,False
UCACdxU3VrJIJc7ujxtHWs1w,euronews (deutsch),2007-05-30 10:01:56,aktivitaet_deckt_kriegsbeginn,vorkriegskanal,True,Traditionelles Medium,2911,19022261.0,True,True,True,True,True
UCAKB9wGGRccBDrvbbbmgetw,NDR Info,2014-10-30 17:16:57,aktivitaet_deckt_kriegsbeginn,vorkriegskanal,True,ÖRR,708,2994011.0,True,True,True,True,False
UCAU09OnUvIPwe19RdrJBg0w,Kurbel TV,2013-08-13 15:46:18,aktivitaet_deckt_kriegsbeginn,vorkriegskanal,True,Alternative Medien (rechts),900,8378934.0,True,True,True,True,True
UCAe4VvNMKFlFnqT2fe9-0HA,Digitaler Chronist,,aktivitaet_deckt_kriegsbeginn,vorkriegskanal,True,Alternative Medien (rechts),196,2546926.0,True,True,True,True,False
UCAeXKE-3J-6u68tO5Oafyag,quer,2013-04-17 11:46:40,aktivitaet_deckt_kriegsbeginn,vorkriegskanal,True,ÖRR,220,1938.0,True,True,True,True,False
UCAszOEwa5CS4WFwYpkjdaUQ,heise & c't,2011-01-09 11:40:53,aktivitaet_deckt_kriegsbeginn,vorkriegskanal,True,Alternative Medien (mitte),205,2164006.0,True,True,True,True,False
UCB0H51gtgcpgYGI7LgflNJw,Clownswelt,,aktivitaet_deckt_kriegsbeginn,vorkriegskanal,True,Alternative Medien (rechts),124,1122370.0,True,False,True,True,False
UCB1pc5wo3AD972KPpWQTdXg,REALTALK MEDIA,2019-03-27 20:44:33,aktivitaet_deckt_kriegsbeginn,vorkriegskanal,True,Alternative Medien (mitte),68,11151216.0,True,True,True,True,True
UCB37CFICVTUlewYdbMSChIA,Tichys Einblick,2014-07-30 12:25:51,aktivitaet_deckt_kriegsbeginn,vorkriegskanal,True,Alternative Medien (rechts),355,3479364.0,True,True,True,True,False
UCB4UKfI2Wj5xWFUUTklxy-w,Ingmar Stadelmann,2012-07-26 14:20:57,aktivitaet_deckt_kriegsbeginn,vorkriegskanal,True,Alternative Medien (mitte),64,468851.0,True,False,True,True,False
UCBA2L-XIgGYVn_t_8B0VMMg,Tobias Huch,2017-01-22 03:13:38,aktivitaet_deckt_kriegsbeginn,vorkriegskanal,True,Alternative Medien (links),343,311188.0,True,True,True,True,False
UCBAj8YKmLRd8yyGFM9lwuXw,BERLIN CHANNEL,2014-05-06 18:21:31,aktivitaet_deckt_kriegsbeginn,vorkriegskanal,True,Alternative Medien (mitte),5,758050.0,True,False,True,True,False
UCBEbuDZ0EQWrEMd87c3rc1A,German Truck Driver,2010-07-18 22:19:42,aktivitaet_deckt_kriegsbeginn,vorkriegskanal,True,Alternative Medien (mitte),22,2379652.0,True,False,True,True,False
UCBWSgdr27NcLig0XzWLq2gQ,MISSVERSTEHEN SIE MICH RICHTIG,,aktivitaet_deckt_kriegsbeginn,vorkriegskanal,True,Alternative Medien (links),173,10132107.0,True,True,True,True,True
UCBYhZdvuMIpQK9SSaargYwQ,ARD team.recherche,,nachkrieg_verzoegerter_start,nachkriegskanal,False,ÖRR,69,0.0,True,True,False,False,False
UCB_E_F5o6_c-VqI-L1ZlK3w,Deutschlands Wahnsinn,,nachkrieg_verzoegerter_start,nachkriegskanal,False,Alternative Medien (rechts),85,0.0,True,True,False,False,False
UCBkfxC056lxHJ6QMUCKZHJw,Ahmad,,aktivitaet_deckt_kriegsbeginn,vorkriegskanal,True,Alternative Medien (mitte),120,1588689.0,True,False,True,True,False
UCBlOtMAWn6nQpChhRo14CYA,Experte für Alles,2018-02-20 09:56:39,aktivitaet_deckt_kriegsbeginn,vorkriegskanal,True,Traditionelles Medium,46,73845471.0,True,True,True,True,True
UCBzai1GXVKDdVCrwlKZg_6Q,PULS Reportage,2012-04-27 13:16:31,aktivitaet_deckt_kriegsbeginn,vorkriegskanal,True,ÖRR,86,33869459.0,True,True,True,True,True
UCC6MaGWuQS-t7k0TBkA5ZXQ,Olli,,nachkrieg_verzoegerter_start,nachkriegskanal,False,Alternative Medien (rechts),189,0.0,True,True,False,False,False
UCCcFnVUHZDKDUkghDspBKdQ,EX - Rechte Rotlicht Rocker - Philip Schlaffer,2016-09-16 09:12:56,aktivitaet_deckt_kriegsbeginn,vorkriegskanal,True,Alternative Medien (mitte),85,9865239.0,True,True,True,True,True
UCCdKkuyDe0rt950_fF3lAig,ZDF Comedy,,aktivitaet_deckt_kriegsbeginn,vorkriegskanal,True,ÖRR,126,7480874.0,True,True,True,True,True
UCChHIg4Mp_k8_Wp8js6NQow,DIE WAHRHEIT?!,2014-06-30 23:02:40,reaktiviert_faelschlich_vorkrieg,nachkriegskanal,False,Alternative Medien (rechts),299,0.0,True,False,False,False,False
UCCjkK_Qk9BUytDlAzz0iCZw,AFP Deutsch,2007-11-23 21:46:45,aktivitaet_deckt_kriegsbeginn,vorkriegskanal,True,Traditionelles Medium,1964,30364073.0,True,True,True,True,True
UCCk8v-UmHH9jPfs3m3cRr0Q,Mr. Tech,2017-10-25 10:23:42,aktivitaet_deckt_kriegsbeginn,vorkriegskanal,True,(ohne gruppe5),74,0.0,False,False,False,False,False
UCCljzsYpepeNeY-nKPBKnhA,Hessischer Rundfunk,2008-01-15 16:24:53,aktivitaet_deckt_kriegsbeginn,vorkriegskanal,True,ÖRR,316,73050895.0,True,True,True,True,True
UCCwCa-faBqcY-zJ4PS1lCHA,Steuern mit Kopf,2016-04-23 10:04:49,aktivitaet_deckt_kriegsbeginn,vorkriegskanal,True,Alternative Medien (rechts),837,885399.0,True,True,True,True,False
UCCymCsB5DpL5YydF5q_LudA,TV total,,aktivitaet_deckt_kriegsbeginn,vorkriegskanal,True,Traditionelles Medium,148,10779064.0,True,False,True,True,True
UCDG7fluFPCLOmFz_Rhc3cXw,Prof. Stefan Homburg,,nachkrieg_verzoegerter_start,nachkriegskanal,False,(ohne gruppe5),21,0.0,False,False,False,False,False
UCDW1yldFKWrfjrr78aP5Nkw,Leeroy will's wissen!,2018-08-01 02:21:13,aktivitaet_deckt_kriegsbeginn,vorkriegskanal,True,Alternative Medien (links),0,103155337.0,True,False,True,False,True
UCDbDbm3v-MAqL4IPR2wIA9A,Hiphop.de,2007-06-16 08:01:34,aktivitaet_deckt_kriegsbeginn,vorkriegskanal,True,Traditionelles Medium,91,1930024.0,True,False,True,True,False
UCDw0K7K658-ztRuCn2mn0Kw,frontal,,aktivitaet_deckt_kriegsbeginn,vorkriegskanal,True,ÖRR,31,9473156.0,True,True,True,True,True
UCDzjkX1p0DNmy6Mt4s29dUw,Power TJ,2013-09-05 16:00:22,aktivitaet_deckt_kriegsbeginn,vorkriegskanal,True,Alternative Medien (links),171,21861103.0,True,False,True,True,True
UCE0rCXRjJkY3Pro4rm8NINQ,Bodo Wartke,2006-07-23 15:29:00,aktivitaet_deckt_kriegsbeginn,vorkriegskanal,True,Alternative Medien (links),45,1927586.0,True,False,True,True,False
UCE1qoGwuxVCkIMRZOL6MIKA,münchen.tv,2007-11-08 09:16:45,aktivitaet_deckt_kriegsbeginn,vorkriegskanal,True,Traditionelles Medium,1059,4585288.0,True,True,True,True,False
UCE5CMv3a2bF7UTDdvjuenoA,JENsationelle Meinung,,nachkrieg_verzoegerter_start,nachkriegskanal,False,Alternative Medien (rechts),142,0.0,True,False,False,False,False
UCE7b8qctaEGmST38-sfdOsA,NachDenkSeiten,2009-01-05 11:50:45,aktivitaet_deckt_kriegsbeginn,vorkriegskanal,True,Alternative Medien (links),629,2887003.0,True,True,True,True,False
UCEPZNMjVXBALuPZNKNua5Hg,Prof. Dr. Volker Quaschning,2011-10-24 18:43:42,aktivitaet_deckt_kriegsbeginn,vorkriegskanal,True,Alternative Medien (links),25,312359.0,True,True,True,True,False
UCEnCHQArKlggj11Si3bjv3Q,Peter Boehringer,2017-11-22 13:10:32,aktivitaet_deckt_kriegsbeginn,vorkriegskanal,True,Alternative Medien (rechts),55,1083954.0,True,True,True,True,False
UCEtYtMoD26j2BJBJ4w_hM6w,OPEN MIND,2014-03-20 20:44:36,aktivitaet_deckt_kriegsbeginn,vorkriegskanal,True,Alternative Medien (links),27,7342149.0,True,False,True,True,True
UCFFM_g9QSjmE45y9XtfYLdw,Simon Motorsport,2014-02-23 15:00:55,aktivitaet_deckt_kriegsbeginn,vorkriegskanal,True,Alternative Medien (rechts),16,3039264.0,True,False,True,True,False
UCFemltyr6criZZsWFHUSHPQ,Tagesspiegel,2009-07-19 01:06:32,aktivitaet_deckt_kriegsbeginn,vorkriegskanal,True,Traditionelles Medium,319,484108.0,True,True,True,True,False
UCFoKXoDoExwtBWdSTCIdEVQ,Weltspiegel,2017-01-25 09:20:08,aktivitaet_deckt_kriegsbeginn,vorkriegskanal,True,ÖRR,163,20147406.0,True,False,True,True,True
UCFqcNI0NaAA21NS9W3ExCRg,ZDF heute-show,2016-11-02 15:56:39,aktivitaet_deckt_kriegsbeginn,vorkriegskanal,True,ÖRR,203,99624461.0,True,True,True,True,True
UCFsViOtZE0cNVjqBkvetpmA,RTL Aktuell,2011-10-07 13:21:08,aktivitaet_deckt_kriegsbeginn,vorkriegskanal,True,Traditionelles Medium,244,358261.0,True,True,True,True,False
UCG6KtMc5WYB-ppxwpaX5CFw,Blocktrainer,2018-02-13 14:33:29,aktivitaet_deckt_kriegsbeginn,vorkriegskanal,True,Alternative Medien (mitte),131,7698663.0,True,True,True,True,True
UCGHH5XUlAtp5dKhYRQrFluw,Moderner Landwirt,2018-03-05 20:33:54,aktivitaet_deckt_kriegsbeginn,vorkriegskanal,True,Alternative Medien (rechts),25,583718.0,True,True,True,True,False
UCGOVq1UBjaq45vO_oyVQNYw,Maschek,2006-06-16 10:36:04,aktivitaet_deckt_kriegsbeginn,vorkriegskanal,True,Alternative Medien (mitte),35,2964308.0,True,True,True,True,False
UCGTRC_2I15euSzNi7VJy9og,DoktorZwoid,2010-08-02 12:03:50,aktivitaet_deckt_kriegsbeginn,vorkriegskanal,True,Alternative Medien (links),103,49496965.0,True,True,True,True,True
UCGVAL_wYwXMHLLYR_ER2bwg,ROOZ WORLD,,aktivitaet_deckt_kriegsbeginn,vorkriegskanal,True,Alternative Medien (links),68,11993072.0,True,False,True,True,True
UCGZLruV9OMz7JnmXz86ELdg,Die Autogesellschaft Dresden,2017-08-24 15:31:41,aktivitaet_deckt_kriegsbeginn,vorkriegskanal,True,Alternative Medien (mitte),356,12882704.0,True,False,True,True,True
UCGcheBSVngQt09ubb0BZyJw,MySpass Stand-up,2009-02-12 16:39:46,aktivitaet_deckt_kriegsbeginn,vorkriegskanal,True,Traditionelles Medium,267,54056714.0,True,True,True,True,True
UCGhpSxT5gmwaNgz6jZbCHyg,Nachrichten Update,,nachkrieg_verzoegerter_start,nachkriegskanal,False,Alternative Medien (rechts),431,0.0,True,False,False,False,False
UCGrQfvVlhJJfgjCLk6WppOw,TaxPro GmbH,2015-02-05 22:13:43,aktivitaet_deckt_kriegsbeginn,vorkriegskanal,True,Alternative Medien (mitte),4,3034341.0,True,True,True,True,False
UCGs4xGAYB_qSoWJ9EsPAKAQ,"Heimatwurzel - Kochen, Garten & Landleben",2019-08-21 17:15:17,reaktiviert_faelschlich_vorkrieg,nachkriegskanal,False,(ohne gruppe5),451,0.0,False,False,False,False,False
UCHNVmVDguYH5EiKdC_EFcDQ,Frei & Unbeugsam,2013-11-11 22:46:38,aktivitaet_deckt_kriegsbeginn,vorkriegskanal,True,Alternative Medien (rechts),311,8005773.0,True,True,True,True,True
UCHuiLKtABrDZVGlDA24my1g,Gedanken Express,,nachkrieg_verzoegerter_start,nachkriegskanal,False,Alternative Medien (rechts),86,0.0,True,True,False,False,False
UCI9wqAKuTelhdToktHJ4s9Q,Sonnenerde,2017-08-27 20:59:48,aktivitaet_deckt_kriegsbeginn,vorkriegskanal,True,(ohne gruppe5),56,0.0,False,False,False,False,False
UCICWTMc7Jni_u5ORVXBOnLQ,Kettner-Edelmetalle (Gold & Silber),2015-10-20 15:40:04,aktivitaet_deckt_kriegsbeginn,vorkriegskanal,True,Alternative Medien (rechts),974,15702938.0,True,True,True,True,True
UCIIVvAp6DP3a2MmoIuIjvQA,Der Postillon ,2012-05-24 08:37:08,aktivitaet_deckt_kriegsbeginn,vorkriegskanal,True,Alternative Medien (mitte),94,2516128.0,True,False,True,True,False
UCIRrEh0xY1F0JUTj4QCNJbw,KÖNIGIN DER KELCHE®,2015-06-21 14:03:40,aktivitaet_deckt_kriegsbeginn,vorkriegskanal,True,(ohne gruppe5),192,0.0,False,False,False,False,False
UCIk-Fw1QuWJdO4sAxhXE5DA,Malternativ,2016-05-10 10:11:32,aktivitaet_deckt_kriegsbeginn,vorkriegskanal,True,Alternative Medien (links),176,48848827.0,True,False,True,True,True
UCIrg1CS42VIQl4Q1a0fS33g,reitschuster de,2007-03-24 20:34:58,aktivitaet_deckt_kriegsbeginn,vorkriegskanal,True,Alternative Medien (rechts),4,8716968.0,True,True,True,True,True
UCIvthGRDv___2gL2JGiDryQ,Küppersbusch TV,2013-06-07 09:16:30,aktivitaet_deckt_kriegsbeginn,vorkriegskanal,True,Alternative Medien (mitte),158,3622312.0,True,True,True,True,False
UCJ1NGNrj5b_x789iOLyFr2g,VOL.AT - Vorarlberg Online,2012-04-10 09:48:14,aktivitaet_deckt_kriegsbeginn,vorkriegskanal,True,Traditionelles Medium,1376,18533308.0,True,True,True,True,True
UCJEFIodDXA3hF7DyQFvd6zg,rentenbescheid24.de,2016-01-02 07:01:13,aktivitaet_deckt_kriegsbeginn,vorkriegskanal,True,Alternative Medien (links),164,4425441.0,True,True,True,True,False
UCJZIMpxy0Q8qhJg5mwLWe9g,BildungsTV,2013-02-11 14:14:38,aktivitaet_deckt_kriegsbeginn,vorkriegskanal,True,Alternative Medien (links),68,59820.0,True,True,True,True,False
UCJiRXf1Pb0ZkoPD7qcQIvlg,Erfolgskanal - Community für Finanzen & Wirtschaft,2014-07-06 14:02:49,aktivitaet_deckt_kriegsbeginn,vorkriegskanal,True,Alternative Medien (rechts),300,13553613.0,True,True,True,True,True
UCJvp5iq9klHnvki_YnTmxQA,Robert Habeck,,nachkrieg_verzoegerter_start,nachkriegskanal,False,(ohne gruppe5),6,0.0,False,False,False,False,False
UCK1aTcR0AckQRLTlK0c4fuQ,NZZ,2014-08-27 12:25:42,aktivitaet_deckt_kriegsbeginn,vorkriegskanal,True,Traditionelles Medium,66,2474179.0,True,True,True,True,False
UCK4LDHLxBqiAtcwCm4z7DRg,Der Dunkle Parabelritter,2012-07-25 00:03:15,aktivitaet_deckt_kriegsbeginn,vorkriegskanal,True,ÖRR,20,18009717.0,True,True,True,True,True
UCK6jlnWA8t-XgUxwZJJHkQA,SWR Doku,2019-06-14 20:50:04,aktivitaet_deckt_kriegsbeginn,vorkriegskanal,True,ÖRR,137,50969701.0,True,True,True,True,True
UCKK6WkPbdo91whuKTT1BPPA,"Stephan Brandner, AfD",2018-01-03 18:51:30,aktivitaet_deckt_kriegsbeginn,vorkriegskanal,True,(ohne gruppe5),119,0.0,False,False,False,False,False
UCKZmirEl03pmXEwsFYjr87Q,TJ,2015-05-22 01:47:03,aktivitaet_deckt_kriegsbeginn,vorkriegskanal,True,Alternative Medien (links),1,16756632.0,True,False,True,True,True
UCKbigI3YRqL7wFliRr7R8Mw,Staiy Reagiert,,nachkrieg_verzoegerter_start,nachkriegskanal,False,Alternative Medien (links),78,0.0,True,False,False,False,False
UCL5-tPmf_sttES7ZcYJRp5A,Dennis und Benni Wolter,2010-05-26 19:51:16,aktivitaet_deckt_kriegsbeginn,vorkriegskanal,True,Alternative Medien (mitte),4,94249021.0,True,False,True,True,True
UCLLibJTCy3sXjHLVaDimnpQ,ARTEde,2007-05-03 11:28:57,aktivitaet_deckt_kriegsbeginn,vorkriegskanal,True,ÖRR,859,30014125.0,True,True,True,True,True
UCLdvZfZPIJtRzN_C5vO-IzA,Gerald Grosz,2009-03-06 16:50:52,aktivitaet_deckt_kriegsbeginn,vorkriegskanal,True,Alternative Medien (rechts),315,8324966.0,True,True,True,True,True
UCLi8PUVEzLSShCnomkIB48A,Entertainment-Shorts,,nachkrieg_verzoegerter_start,nachkriegskanal,False,Alternative Medien (mitte),141,0.0,True,False,False,False,False
UCLkHXX5R9S_qFZuCMGHWMrQ,Achgut,2017-04-04 14:23:53,aktivitaet_deckt_kriegsbeginn,vorkriegskanal,True,Alternative Medien (rechts),147,8972260.0,True,True,True,True,True
UCLm6s42r_wCbBX0QqXNCTwg,LeFloid,2007-10-14 11:38:55,aktivitaet_deckt_kriegsbeginn,vorkriegskanal,True,Alternative Medien (links),11,13771463.0,True,True,True,True,True
UCM5gP5bRLmc7ysiLbXA2R3A,Krissy Rieger,2019-03-27 10:24:02,reaktiviert_faelschlich_vorkrieg,nachkriegskanal,False,Alternative Medien (rechts),405,0.0,True,True,False,False,False
UCMIgOXM2JEQ2Pv2d0_PVfcg,DW Deutsch,2006-10-01 01:14:11,aktivitaet_deckt_kriegsbeginn,vorkriegskanal,True,Traditionelles Medium,622,53346118.0,True,True,True,True,True
UCMW8XBBRkjrF_fweALWaZyw,Rafael Zeier,2011-09-29 20:55:23,aktivitaet_deckt_kriegsbeginn,vorkriegskanal,True,(ohne gruppe5),237,0.0,False,False,False,False,False
UCMbiTMFu2Sm06aiKbxQ3ibg,marcant,2016-02-23 13:40:42,aktivitaet_deckt_kriegsbeginn,vorkriegskanal,True,Alternative Medien (mitte),16,20042.0,True,False,True,True,False
UCMlirlzQIUpfb3uC5LXB17Q,Felix Goldbach ,2017-11-13 19:32:32,aktivitaet_deckt_kriegsbeginn,vorkriegskanal,True,Alternative Medien (links),80,3001213.0,True,False,True,True,False
UCMpW4tdyZUid2Ka9_FuDDhQ,Handelsblatt,2006-08-29 16:13:54,aktivitaet_deckt_kriegsbeginn,vorkriegskanal,True,Traditionelles Medium,1364,22349780.0,True,True,True,True,True
UCN23GlvCgK9XZDsNQzln4_Q,ChainBrothers,2017-03-27 21:28:41,aktivitaet_deckt_kriegsbeginn,vorkriegskanal,True,(ohne gruppe5),28,0.0,False,False,False,False,False
UCNJxn7JS4saCHPsnD91yf9Q,DeutscherHanfverband,2010-08-27 16:17:45,aktivitaet_deckt_kriegsbeginn,vorkriegskanal,True,Alternative Medien (links),79,5185725.0,True,True,True,True,True
UCNNEMxGKV1LsKZRt4vaIbvw,ZDF MAGAZIN ROYALE,2015-01-21 13:48:01,aktivitaet_deckt_kriegsbeginn,vorkriegskanal,True,ÖRR,57,97862350.0,True,True,True,True,True
UCNWwYB-jHnTegtzdBP4RJzQ,Digitaler Chronist TV,2019-08-13 09:34:19,aktivitaet_deckt_kriegsbeginn,vorkriegskanal,True,Alternative Medien (rechts),111,551191.0,True,True,True,True,False
UCN_VDT9sfpp43culPLOjIbQ,dieBasis,,aktivitaet_deckt_kriegsbeginn,vorkriegskanal,True,(ohne gruppe5),167,0.0,False,False,False,False,False
UCNhu9O6tvBzIqGT29VOOs2Q,Claus Roppel,2017-01-02 14:11:12,aktivitaet_deckt_kriegsbeginn,vorkriegskanal,True,Alternative Medien (rechts),248,980349.0,True,True,True,True,False
UCNiXdX4GTsg2bd2nmGDLvNg,KuchenTV Uncut,2014-09-05 13:26:01,aktivitaet_deckt_kriegsbeginn,vorkriegskanal,True,Alternative Medien (mitte),199,46303120.0,True,True,True,True,True
UCNohL6FyY0okQxJQKszfXRg,Oliver Klemm - Tradingcoacholi,2014-10-25 15:25:13,aktivitaet_deckt_kriegsbeginn,vorkriegskanal,True,Alternative Medien (rechts),138,2674684.0,True,True,True,True,False
UCNyCbbSxjcPZta5x4UjjrFw,Vindex - Shorts,,nachkrieg_verzoegerter_start,nachkriegskanal,False,Alternative Medien (rechts),687,0.0,True,False,False,False,False
UCO-mUnAn9Ezgh7XXi-gGvxA,iPhone-Tricks.de,2013-06-04 07:16:15,aktivitaet_deckt_kriegsbeginn,vorkriegskanal,True,(ohne gruppe5),6,0.0,False,False,False,False,False
UCO3vATnmLHULoZLUpOzrLmw,SAT.1 REGIONAL,2014-07-15 10:07:46,aktivitaet_deckt_kriegsbeginn,vorkriegskanal,True,Traditionelles Medium,1357,6272055.0,True,True,True,True,True
UCOOc_k7pKmmjq8qtGLjBW5A,Meinungsmache,,nachkrieg_verzoegerter_start,nachkriegskanal,False,Alternative Medien (links),176,0.0,True,True,False,False,False
UCOQFfcGRc886dXP2Oyt5OEg,Tim Kellner,2015-03-03 11:30:07,reaktiviert_faelschlich_vorkrieg,nachkriegskanal,False,Alternative Medien (rechts),235,0.0,True,False,False,False,False
UCOXf4qt_FN_aNYCpOd0CZwQ,achtungdarius,,nachkrieg_verzoegerter_start,nachkriegskanal,False,Alternative Medien (rechts),37,0.0,True,True,False,False,False
UCOY3VWW4NGQAue_rqTBtdhA,SPACE FROGS,2011-10-28 17:34:51,aktivitaet_deckt_kriegsbeginn,vorkriegskanal,True,Alternative Medien (links),49,52436053.0,True,True,True,True,True
UCObT1HxDVGDWtvmJxG3E4Cw,DACH Medien,2019-02-13 14:18:59,reaktiviert_faelschlich_vorkrieg,nachkriegskanal,False,Alternative Medien (rechts),777,0.0,True,True,False,False,False
UCOgPGtSnFR6GM-AkzCnxqMQ,funk,2016-09-13 16:57:43,reaktiviert_faelschlich_vorkrieg,nachkriegskanal,False,ÖRR,75,0.0,True,False,False,False,False
UCOiG4UoE0-CBZKlDVgw1eTA,Stonedeafproduction,2006-05-22 09:27:38,aktivitaet_deckt_kriegsbeginn,vorkriegskanal,True,(ohne gruppe5),49,0.0,False,False,False,False,False
UCOnyot4cXF5C7OmNXL_kbeA,Flavio von Witzleben,2008-08-28 13:31:08,reaktiviert_faelschlich_vorkrieg,nachkriegskanal,False,Alternative Medien (mitte),209,0.0,True,True,False,False,False
UCP0XtrbAFWp-RkPS904VSEw,brainwaveDave,2018-12-27 12:51:19,reaktiviert_faelschlich_vorkrieg,nachkriegskanal,False,Alternative Medien (rechts),174,0.0,True,False,False,False,False
UCPCM96Nc3zxkdU1Td92S75Q,InfoBox,2010-06-22 15:04:04,reaktiviert_faelschlich_vorkrieg,nachkriegskanal,False,Alternative Medien (rechts),68,0.0,True,True,False,False,False
UCPH3ZPeqWqRVZ_ef4vOZgSw,Sahra Wagenknecht,2019-06-03 11:05:14,aktivitaet_deckt_kriegsbeginn,vorkriegskanal,True,(ohne gruppe5),87,0.0,False,False,False,False,False
UCPOmsF_XgQohcJhdj58zshg,NuoViso,2009-01-03 02:28:08,aktivitaet_deckt_kriegsbeginn,vorkriegskanal,True,Alternative Medien (rechts),435,954440.0,True,True,True,True,False
UCPc6vijv_rMNwI573waZHeA,MMnewsTV,2010-03-29 08:17:40,aktivitaet_deckt_kriegsbeginn,vorkriegskanal,True,Alternative Medien (rechts),75,5727700.0,True,True,True,True,True
UCPhsnKyNcH3huafz_wNG_5A,hessenschau,2010-09-20 13:08:00,aktivitaet_deckt_kriegsbeginn,vorkriegskanal,True,ÖRR,762,19200900.0,True,True,True,True,True
UCPtPTEFWA0PscaOIR55okfA,Cassandra Sommer,2018-09-30 10:36:13,reaktiviert_faelschlich_vorkrieg,nachkriegskanal,False,Alternative Medien (rechts),236,0.0,True,True,False,False,False
UCQGqiGhMjc_p4lZEhSTb12g,NIUS,,nachkrieg_verzoegerter_start,nachkriegskanal,False,Alternative Medien (rechts),2479,0.0,True,True,False,False,False
UCQNjg0-yEA8LoyCcWI-j8mA,Blick,2008-11-24 10:19:27,aktivitaet_deckt_kriegsbeginn,vorkriegskanal,True,Traditionelles Medium,870,3358654.0,True,True,True,True,False
UCQU3PO2g_rmqbmr8VJWvrsA,Nickelodeon Deutschland,2012-10-22 13:45:18,aktivitaet_deckt_kriegsbeginn,vorkriegskanal,True,Traditionelles Medium,252,129901258.0,True,False,True,True,True
UCQyWcZxP3MpuQ54foJ_IsgQ,Frequent Traveller TV Deutsch,2015-07-25 17:02:10,aktivitaet_deckt_kriegsbeginn,vorkriegskanal,True,Alternative Medien (mitte),110,131199.0,True,True,True,True,False
UCQz0thmRLbm2mVDJwmVjsOg,Vattenfall Deutschland,2013-12-12 08:17:37,aktivitaet_deckt_kriegsbeginn,vorkriegskanal,True,Alternative Medien (links),78,992122.0,True,False,True,True,False
UCR2r-x-wLNCl957sh2-Lplw,Jay Jay Riddle,,nachkrieg_verzoegerter_start,nachkriegskanal,False,Alternative Medien (mitte),116,0.0,True,False,False,False,False
UCR_iFmLcHBFxc3x3CA71xvw,Apollo News,2018-06-03 08:43:58,reaktiviert_faelschlich_vorkrieg,nachkriegskanal,False,Alternative Medien (rechts),301,0.0,True,True,False,False,False
UCRdEdkAlZetdf74bYaBRv3g,FPÖ TV,2012-09-17 10:58:51,aktivitaet_deckt_kriegsbeginn,vorkriegskanal,True,(ohne gruppe5),597,0.0,False,False,False,False,False
UCRhB0rzRfzFNKKbPLO4BYYg,Christian Velde,2013-09-05 19:31:40,aktivitaet_deckt_kriegsbeginn,vorkriegskanal,True,(ohne gruppe5),13,0.0,False,False,False,False,False
UCRkFMKQApHodjgV0IVuAXHQ,Pierre Vogel (Official),2011-02-05 17:00:27,aktivitaet_deckt_kriegsbeginn,vorkriegskanal,True,Alternative Medien (rechts),226,1206890.0,True,False,True,True,False
UCRprqV4FxwrWQJbZ0VLFS_g,Wohlstand für Alle,2019-07-15 21:29:27,aktivitaet_deckt_kriegsbeginn,vorkriegskanal,True,Alternative Medien (links),43,1794230.0,True,True,True,True,False
UCRvNgIlm7NnKLSL1WIc_yHQ,KetzerKirche,2009-11-25 15:03:39,aktivitaet_deckt_kriegsbeginn,vorkriegskanal,True,Alternative Medien (rechts),93,44894.0,True,False,True,True,False
UCSEr0-U62P5qeqqpJA2_Nog,Best of Politik Helmut Schmidt,,nachkrieg_verzoegerter_start,nachkriegskanal,False,Alternative Medien (mitte),92,0.0,True,False,False,False,False
UCSExr_QUT6h-4sGW5hGjrCA,Prof. Dr. Christian Rieck,2019-08-07 13:21:02,aktivitaet_deckt_kriegsbeginn,vorkriegskanal,True,Alternative Medien (mitte),33,6042349.0,True,True,True,True,True
UCSFnRsoF9zANc6_s96yCw5w,un.logo!,,nachkrieg_verzoegerter_start,nachkriegskanal,False,ÖRR,89,0.0,True,False,False,False,False
UCSQJpXRkiYEnDeHFoMNGfww,Druschba FM,,aktivitaet_deckt_kriegsbeginn,vorkriegskanal,True,Alternative Medien (mitte),152,336272.0,True,True,True,True,False
UCSeil5V81-mEGB1-VNR7YEA,ntv Nachrichten,2013-08-12 08:55:20,aktivitaet_deckt_kriegsbeginn,vorkriegskanal,True,Traditionelles Medium,2003,15446962.0,True,True,True,True,True
UCSgXnWOMcVUE2He4lSx2l8A,Peter Klien,2007-06-20 08:34:09,aktivitaet_deckt_kriegsbeginn,vorkriegskanal,True,(ohne gruppe5),32,0.0,False,False,False,False,False
UCSiFC1DCXr3p1YDzyu9rogA,Marc Friedrich,2016-11-02 15:30:43,aktivitaet_deckt_kriegsbeginn,vorkriegskanal,True,Alternative Medien (rechts),349,12975910.0,True,True,True,True,True
UCSiR8kjXDgvKh0Reuuj5Dgw,Aljosha,2013-10-21 12:49:40,reaktiviert_faelschlich_vorkrieg,nachkriegskanal,False,Alternative Medien (links),19,0.0,True,False,False,False,False
UCT0wo1uc6G3UTuM_MiacA9g,Alice Weidel,2018-05-16 06:59:19,aktivitaet_deckt_kriegsbeginn,vorkriegskanal,True,(ohne gruppe5),38,0.0,False,False,False,False,False
UCT87TG9Rt5ThxMfAkjAJznw,deep und deutlich,,aktivitaet_deckt_kriegsbeginn,vorkriegskanal,True,ÖRR,45,5201795.0,True,False,True,True,True
UCT8A_4ZjyyfLSOfhec2uV3g,Silberjunge Thorsten Schulte ,2009-10-13 15:57:42,aktivitaet_deckt_kriegsbeginn,vorkriegskanal,True,Alternative Medien (rechts),5,3795844.0,True,True,True,True,False
UCT8fbPYycfhjYzLbsU1dl3Q,ZDF Satire,2011-01-20 15:53:51,aktivitaet_deckt_kriegsbeginn,vorkriegskanal,True,ÖRR,126,31802524.0,True,True,True,True,True
UCTINJvbvjiivYhI1oqv37lw,BOSS  DELUXE,2017-12-01 05:27:29,reaktiviert_faelschlich_vorkrieg,nachkriegskanal,False,Alternative Medien (rechts),357,0.0,True,True,False,False,False
UCTPAHk1b-h-WGQn9cfGlw2Q,NDR Doku,2005-08-29 18:49:36,aktivitaet_deckt_kriegsbeginn,vorkriegskanal,True,ÖRR,280,87325859.0,True,True,True,True,True
UCUA2wv8aKohNqTAtTDGV9wQ,PierreVogelDe,2010-11-01 12:58:40,aktivitaet_deckt_kriegsbeginn,vorkriegskanal,True,Alternative Medien (rechts),123,3511826.0,True,False,True,True,False
UCUQ0WLZUAKArPdkgmZjFCWQ,Kein Tempolimit,,nachkrieg_verzoegerter_start,nachkriegskanal,False,Alternative Medien (rechts),23,0.0,True,False,False,False,False
UCUYQypt91KuQPHRgr1k8wlg,Roger Beckamp,2018-08-01 09:11:14,aktivitaet_deckt_kriegsbeginn,vorkriegskanal,True,(ohne gruppe5),1,0.0,False,False,False,False,False
UCUnxR8x1hsw2Zt35-P-slsw,Kai Brenner - Per Du mit dem Leben 😃,2015-02-17 09:05:27,aktivitaet_deckt_kriegsbeginn,vorkriegskanal,True,Alternative Medien (rechts),13,1912496.0,True,False,True,True,False
UCUplDvA1BR9qRXUsOlI4QEw,Abendblatt-TV,2007-10-10 10:09:38,aktivitaet_deckt_kriegsbeginn,vorkriegskanal,True,Traditionelles Medium,736,2323735.0,True,True,True,True,False
UCUuab1dctZzN5ZmRmQnTzkg,WDR Doku,2017-04-18 14:09:51,aktivitaet_deckt_kriegsbeginn,vorkriegskanal,True,ÖRR,50,86870603.0,True,True,True,True,True
UCVH7_5qzjTuQFGzCbP7AKDw,Gottfried Curio,2017-02-20 12:11:54,aktivitaet_deckt_kriegsbeginn,vorkriegskanal,True,(ohne gruppe5),10,0.0,False,False,False,False,False
UCVJc8RKxfX00EIFo1wwJ3ow,Dennis und Jesko,2009-01-20 20:17:19,aktivitaet_deckt_kriegsbeginn,vorkriegskanal,True,Alternative Medien (links),35,4066348.0,True,False,True,True,False
UCVTzfXBluaApg_1HYaq4IFA,Der kleine Nihilist,,nachkrieg_verzoegerter_start,nachkriegskanal,False,Alternative Medien (rechts),39,0.0,True,False,False,False,False
UCVUYh7UEdKW8v3cPIDA4Iow,immocation,2016-11-02 15:03:19,aktivitaet_deckt_kriegsbeginn,vorkriegskanal,True,Alternative Medien (links),267,4212956.0,True,False,True,True,False
UCWFl8y-bkvnJ9RhnTtyfPtA,MarcantVoll,,nachkrieg_verzoegerter_start,nachkriegskanal,False,(ohne gruppe5),8,0.0,False,False,False,False,False
UCWFnsgnkOAc0D7OweruB3hA,Mario Lochner,,nachkrieg_verzoegerter_start,nachkriegskanal,False,Alternative Medien (rechts),134,0.0,True,True,False,False,False
UCWKEY-aEu7gcv5ayIpgrnvg,ZDFunbubble,,nachkrieg_verzoegerter_start,nachkriegskanal,False,ÖRR,95,0.0,True,True,False,False,False
UCWOVvQzsJj5O-CxDAeon-Vw,achse:ostwest,2016-12-01 08:38:08,aktivitaet_deckt_kriegsbeginn,vorkriegskanal,True,Alternative Medien (rechts),45,2850509.0,True,True,True,True,False
UCWZu-P34DVZUVrYAROU3Cmw,Prinz,2014-09-16 22:06:47,aktivitaet_deckt_kriegsbeginn,vorkriegskanal,True,Alternative Medien (links),24,85936.0,True,True,True,True,False
UCX1S3lCetZc9qf5LSu7-yFg,KIANUSH | PRIMETIME,,nachkrieg_verzoegerter_start,nachkriegskanal,False,Alternative Medien (rechts),283,0.0,True,True,False,False,False
UCX9NCHt0gI0nMbUWNPIKsCw,#WasLos Podcast,2010-12-23 15:59:35,aktivitaet_deckt_kriegsbeginn,vorkriegskanal,True,Alternative Medien (links),0,2101860.0,True,False,True,False,False
UCXJBRgiZRZvfilIGQ4wN5CQ,JUNGE FREIHEIT,2011-10-31 16:23:09,aktivitaet_deckt_kriegsbeginn,vorkriegskanal,True,Alternative Medien (rechts),266,1098120.0,True,True,True,True,False
UCXSknWhye34DTvq-oYcAlSg,karriereguru,,aktivitaet_deckt_kriegsbeginn,vorkriegskanal,True,Alternative Medien (rechts),193,17130496.0,True,False,True,True,True
UCXTTZIvh1UAlf0kv6XHvOtg,Dave Brych,2015-05-07 10:41:22,aktivitaet_deckt_kriegsbeginn,vorkriegskanal,True,Alternative Medien (rechts),9,5914315.0,True,False,True,True,True
UCXUY7ZedAkeAH1jQBdoihKg,Schweinfurter Nachrichten,2009-06-08 17:31:15,aktivitaet_deckt_kriegsbeginn,vorkriegskanal,True,Alternative Medien (links),122,490297.0,True,True,True,True,False
UCX_2-8KGmcSSAF8P0YAVpOQ,GabbaGandalfTV,,aktivitaet_deckt_kriegsbeginn,vorkriegskanal,True,Alternative Medien (rechts),123,89861.0,True,True,True,True,False
UCXdfGoYTQq5eQXP6OJwWSQw,Rayk Anders,2013-08-21 19:13:53,aktivitaet_deckt_kriegsbeginn,vorkriegskanal,True,Alternative Medien (links),0,471443.0,True,False,True,False,False
UCXpvI8jeu166he5e_Emo2ig,Oli redet,,aktivitaet_deckt_kriegsbeginn,vorkriegskanal,True,Alternative Medien (rechts),214,10356042.0,True,True,True,True,True
UCY4IRKiV-jGyef351u9B7SA,"Finance Experience - Geld, Finanzen, Wirtschaft",,aktivitaet_deckt_kriegsbeginn,vorkriegskanal,True,Alternative Medien (mitte),26,5667997.0,True,True,True,True,True
UCYEWIee0ApH6cBxciYxPXDg,MatheMind,,aktivitaet_deckt_kriegsbeginn,vorkriegskanal,True,Alternative Medien (mitte),101,10520508.0,True,False,True,True,True
UCYJ61XIK64sp6ZFFS8sctxw,Gronkh,2006-03-12 16:48:56,aktivitaet_deckt_kriegsbeginn,vorkriegskanal,True,(ohne gruppe5),528,0.0,False,False,False,False,False
UCYo2MjFS5C7Wynyty9wTM7g,Oliver Flesch ,2018-01-10 12:20:26,aktivitaet_deckt_kriegsbeginn,vorkriegskanal,True,Alternative Medien (rechts),217,134178.0,True,False,True,True,False
UCYyerybBwXg3GhxofPs9eHQ,myprimetime,2018-02-06 14:56:28,aktivitaet_deckt_kriegsbeginn,vorkriegskanal,True,Traditionelles Medium,22,7510611.0,True,False,True,True,True
UCZAnY7eNSydfTCooQmreUJQ,Gerwin Lovrecki,,aktivitaet_deckt_kriegsbeginn,vorkriegskanal,True,Alternative Medien (rechts),46,514741.0,True,True,True,True,False
UCZHpIFMfoJJ_1QxNGLJTzyA,MrWissen2go,2012-05-14 15:37:35,aktivitaet_deckt_kriegsbeginn,vorkriegskanal,True,ÖRR,40,49591815.0,True,True,True,True,True
UCZMsvbAhhRblVGXmEXW8TSA,WELT Nachrichtensender,2011-05-04 14:49:18,aktivitaet_deckt_kriegsbeginn,vorkriegskanal,True,Traditionelles Medium,8153,377010011.0,True,True,True,True,True
UCZOM0CqaJ5njZB_O-RyQSsw,MDR Investigativ,2017-06-29 11:08:46,aktivitaet_deckt_kriegsbeginn,vorkriegskanal,True,ÖRR,19,16692182.0,True,False,True,True,True
UCZX_5XCRE_dZ_4tNXOEYtog,taff,2013-08-15 10:40:28,aktivitaet_deckt_kriegsbeginn,vorkriegskanal,True,Traditionelles Medium,88,5777297.0,True,False,True,True,True
UCZiX_brEG6VlfqGjOv78VAw,RTV Privatfernsehen,2012-08-20 12:34:03,aktivitaet_deckt_kriegsbeginn,vorkriegskanal,True,Traditionelles Medium,535,787572.0,True,True,True,True,False
UCZjKcrTI_oBVK0PBuKt0Csg,Gysi gegen Guttenberg,,nachkrieg_verzoegerter_start,nachkriegskanal,False,Alternative Medien (mitte),165,0.0,True,True,False,False,False
UCZt4nIjVCTcvVYzjp_VTJew,Energie & Outdoor Chiemgau / Energie & Vorsorge,2012-03-18 16:55:28,aktivitaet_deckt_kriegsbeginn,vorkriegskanal,True,Alternative Medien (rechts),86,5004711.0,True,True,True,True,False
UCZwBkcBxgpP12o7_YtAxmXg,Westend Verlag,2011-03-17 16:35:00,aktivitaet_deckt_kriegsbeginn,vorkriegskanal,True,Alternative Medien (links),98,93066.0,True,True,True,True,False
UC_3M2qj2haMDhrPobUBx1Fw,"Schuler! Fragen, was ist",,nachkrieg_verzoegerter_start,nachkriegskanal,False,Alternative Medien (rechts),123,0.0,True,True,False,False,False
UC_54Oneq5DtXk13PRtazREQ,ChrizzPlay,2014-10-15 05:26:15,aktivitaet_deckt_kriegsbeginn,vorkriegskanal,True,Alternative Medien (links),101,889984.0,True,False,True,True,False
UC_YnP7DDnKzkkVl3BaHiZoQ,DIE ZEIT ,2009-02-05 17:10:58,aktivitaet_deckt_kriegsbeginn,vorkriegskanal,True,Traditionelles Medium,771,729915.0,True,True,True,True,False
UC_cCcxd8yUwIu1-rt5dpBdw,Die Merkhilfe,2014-06-13 12:34:29,aktivitaet_deckt_kriegsbeginn,vorkriegskanal,True,Alternative Medien (links),78,2540767.0,True,False,True,True,False
UC_dZp8bZipnjntBGLVHm6rw,AfD-Fraktion Bundestag,2017-12-06 11:29:11,aktivitaet_deckt_kriegsbeginn,vorkriegskanal,True,(ohne gruppe5),1140,0.0,False,False,False,False,False
UCa2ikhDgZNB01WGmvI8784A,Tim Gabel,2013-05-29 22:13:24,aktivitaet_deckt_kriegsbeginn,vorkriegskanal,True,Alternative Medien (mitte),276,25800771.0,True,True,True,True,True
UCaICID7P7gdRoVeeXbj-s7w,Ernst Wolff,,aktivitaet_deckt_kriegsbeginn,vorkriegskanal,True,Alternative Medien (links),30,4766865.0,True,True,True,True,False
UCaWbn671XbI1GLTgndyI7gQ,Andreas Schmitz (Der Akku Doktor),2017-07-17 15:29:22,aktivitaet_deckt_kriegsbeginn,vorkriegskanal,True,Alternative Medien (links),38,9302223.0,True,False,True,True,True
UCair4tGwkIovC3UQlkc3-zQ,Alexander Raue Klartext,,nachkrieg_verzoegerter_start,nachkriegskanal,False,Alternative Medien (rechts),2,0.0,True,True,False,False,False
UCanbTgWMvESZy3xhXcxjHcg,WELT Netzreporter,2014-10-29 11:25:38,aktivitaet_deckt_kriegsbeginn,vorkriegskanal,True,Traditionelles Medium,601,24403971.0,True,True,True,True,True
UCb5TfGtSgvNPVPQawfCFuAw,WBS LEGAL,2010-07-23 10:40:45,aktivitaet_deckt_kriegsbeginn,vorkriegskanal,True,Alternative Medien (links),102,43652796.0,True,True,True,True,True
UCbRJHkDuRmTdUj8ETeIp2rw,Politik mit Anne Will,,nachkrieg_verzoegerter_start,nachkriegskanal,False,Alternative Medien (mitte),194,0.0,True,True,False,False,False
UCbanHTRuGv2Fi7flpO735yw,Hallo Meinung,2019-09-15 06:58:40,aktivitaet_deckt_kriegsbeginn,vorkriegskanal,True,Alternative Medien (rechts),239,17398612.0,True,True,True,True,True
UCbh5D3EdIHP4YQA5X-eK1ug,Deutscher Bundestag,2016-04-28 11:05:28,aktivitaet_deckt_kriegsbeginn,vorkriegskanal,True,(ohne gruppe5),617,0.0,False,False,False,False,False
UCbkFiLRzg8S0iyXgHnAjfdQ,Dekarldent,2016-11-01 06:36:21,aktivitaet_deckt_kriegsbeginn,vorkriegskanal,True,Alternative Medien (links),199,3448854.0,True,True,True,True,False
UCbpJUoV86egRXUzDCrX0C-g,Demokratisch Denken,2016-05-06 10:10:19,reaktiviert_faelschlich_vorkrieg,nachkriegskanal,False,Alternative Medien (rechts),112,0.0,True,True,False,False,False
UCbxb2fqe9oNgglAoYqsYOtQ,Easy German,2015-09-07 17:33:30,aktivitaet_deckt_kriegsbeginn,vorkriegskanal,True,Alternative Medien (mitte),173,34652459.0,True,True,True,True,True
UCc2PueJVrynVhKB99Z0-jew,Dirk Rott | Steuerratgeber,2019-01-13 11:11:58,aktivitaet_deckt_kriegsbeginn,vorkriegskanal,True,Alternative Medien (mitte),727,1947541.0,True,False,True,True,False
UCcHMudRg3_xhJfTGDSRIx1w,Real Stories Deutschland,2018-10-23 09:33:00,aktivitaet_deckt_kriegsbeginn,vorkriegskanal,True,Alternative Medien (mitte),98,9724647.0,True,True,True,True,True
UCcPcua2PF7hzik2TeOBx3uw,faz,2005-10-27 05:32:16,aktivitaet_deckt_kriegsbeginn,vorkriegskanal,True,Traditionelles Medium,1844,31881735.0,True,True,True,True,True
UCcoQ3WG2J_Xjwwyt-sJqh-w,"Achtung, Reichelt!",,nachkrieg_verzoegerter_start,nachkriegskanal,False,Alternative Medien (rechts),193,0.0,True,True,False,False,False
UCcv4TGfToIWJKIBVdhfRfAA,Northern Finance,2017-08-17 15:46:17,aktivitaet_deckt_kriegsbeginn,vorkriegskanal,True,Alternative Medien (mitte),53,1231693.0,True,True,True,True,False
UCcweJsCV2TUP_kzMX25U-oQ,BR24,2015-05-06 08:45:32,aktivitaet_deckt_kriegsbeginn,vorkriegskanal,True,ÖRR,1417,43470072.0,True,True,True,True,True
UCd1uEp8YZkV-soNnMstlqTg,KlarText Marc,2017-04-25 18:04:14,reaktiviert_faelschlich_vorkrieg,nachkriegskanal,False,(ohne gruppe5),124,0.0,False,False,False,False,False
UCd5UUo_FcVV3Gd0n-WyhE9g,Wlad Jachtchenko - DER FÜHRUNGSKRÄFTE PODCAST,2016-02-20 18:00:55,aktivitaet_deckt_kriegsbeginn,vorkriegskanal,True,Alternative Medien (mitte),155,3769116.0,True,True,True,True,False
UCdEOBBKrRrUC1Sw4zWQyqcw, LYDOM - Vulkan Studio ,2019-09-27 17:30:55,aktivitaet_deckt_kriegsbeginn,vorkriegskanal,True,Alternative Medien (links),35,173773.0,True,True,True,True,False
UCdG3Qj5snC8LL26g0oZmXqw,stern,2005-12-06 15:28:06,aktivitaet_deckt_kriegsbeginn,vorkriegskanal,True,Traditionelles Medium,0,8893132.0,True,True,True,False,True
UCdGz2Uvjn8guaHTyWIqizpQ,HÄMATOM,2007-05-22 12:33:10,aktivitaet_deckt_kriegsbeginn,vorkriegskanal,True,(ohne gruppe5),113,0.0,False,False,False,False,False
UCdJUFxC2vb7xDAa5M-Mvi_A,RapCheck,,aktivitaet_deckt_kriegsbeginn,vorkriegskanal,True,Alternative Medien (links),559,27513936.0,True,False,True,True,True
UCdPX3MNVbr5nGRthygN2JRQ,Habibiflo Dawah Produktion,2012-06-07 10:50:27,aktivitaet_deckt_kriegsbeginn,vorkriegskanal,True,Alternative Medien (rechts),2141,911.0,True,False,True,True,False
UCdQO07TAiovFOgBtgMfWeCQ,Einsatzfahrten und so,2013-03-07 19:21:13,aktivitaet_deckt_kriegsbeginn,vorkriegskanal,True,(ohne gruppe5),539,0.0,False,False,False,False,False
UCdWyaS6Xtjh4CP7iMFifqgg,Schuberts Lagemeldung,,nachkrieg_verzoegerter_start,nachkriegskanal,False,Alternative Medien (rechts),539,0.0,True,True,False,False,False
UCdoHHeblAGGW3uy52DalI7w,AgrarBobby,2016-07-18 04:29:17,aktivitaet_deckt_kriegsbeginn,vorkriegskanal,True,(ohne gruppe5),0,0.0,False,False,False,False,False
UCe5hl70Es-VQ4OWvxssFH4A,acTVism Munich,2014-04-21 13:02:06,aktivitaet_deckt_kriegsbeginn,vorkriegskanal,True,Alternative Medien (links),187,1258172.0,True,True,True,True,False
UCeARcCUiZg79SQQ-2_XNlXQ,Finanzfluss,2015-08-20 10:26:55,aktivitaet_deckt_kriegsbeginn,vorkriegskanal,True,Alternative Medien (mitte),371,27439273.0,True,True,True,True,True
UCeKWO9gvmAyoPiEuaIwnGHQ,Cashkurs.com,2014-09-11 15:53:56,aktivitaet_deckt_kriegsbeginn,vorkriegskanal,True,Alternative Medien (mitte),93,2830200.0,True,True,True,True,False
UCeMVwcZum_Iicuo3JMuPfPg,Die Elektromeister,,aktivitaet_deckt_kriegsbeginn,vorkriegskanal,True,(ohne gruppe5),32,0.0,False,False,False,False,False
UCeP-mETJStV6mg34dfUl6rA,AfD-Fraktion NRW,2017-07-18 13:14:28,aktivitaet_deckt_kriegsbeginn,vorkriegskanal,True,(ohne gruppe5),228,0.0,False,False,False,False,False
UCeWYsa2ynPc0VNwqL-vF2wQ,follow me.reports,2017-04-10 13:42:00,aktivitaet_deckt_kriegsbeginn,vorkriegskanal,True,ÖRR,0,26813533.0,True,False,True,False,True
UCeqKIgPQfNInOswGRWt48kQ,ZDFheute Nachrichten,2019-08-05 12:42:10,aktivitaet_deckt_kriegsbeginn,vorkriegskanal,True,ÖRR,1753,168047465.0,True,True,True,True,True
UCex-tVEkNsXHikRB3RGKucA,KalkTV,2019-02-27 14:33:40,aktivitaet_deckt_kriegsbeginn,vorkriegskanal,True,Alternative Medien (rechts),52,6411932.0,True,False,True,True,True
UCf3Ns5rI0nV4EnO-KNxxtLA,Neverforgetniki,2015-09-12 15:02:05,aktivitaet_deckt_kriegsbeginn,vorkriegskanal,True,Alternative Medien (rechts),151,16074067.0,True,True,True,True,True
UCf4WJRXsgDEP7KH2eNGv8Hw,Mutig sein für die Schwachen !,2016-01-24 17:23:38,aktivitaet_deckt_kriegsbeginn,vorkriegskanal,True,(ohne gruppe5),105,0.0,False,False,False,False,False
UCf4YizfEQiftTFR4qbvb5Qw,Ladykracher,2014-02-10 10:31:44,aktivitaet_deckt_kriegsbeginn,vorkriegskanal,True,Alternative Medien (mitte),148,23628560.0,True,False,True,True,True
UCfIMrBjWDvg_3iQGJhkDe-Q,Landwirtschaft erLEEben mit Anthony Lee,,nachkrieg_verzoegerter_start,nachkriegskanal,False,Alternative Medien (rechts),220,0.0,True,True,False,False,False
UCfWebHklGjJLdh4SgMVWkwg,ZyproX,,nachkrieg_verzoegerter_start,nachkriegskanal,False,(ohne gruppe5),112,0.0,False,False,False,False,False
UCfa7jJFYnn3P5LdJXsFkrjw,STRG_F,2017-11-23 13:45:51,aktivitaet_deckt_kriegsbeginn,vorkriegskanal,True,ÖRR,40,66836991.0,True,True,True,True,True
UCfb7LAYCeJJiT3gyquv7V5Q,DIE DA OBEN!,2016-11-16 16:49:14,aktivitaet_deckt_kriegsbeginn,vorkriegskanal,True,ÖRR,18,10829271.0,True,True,True,True,True
UCfluzhYpawqHUYNcFdw68Gg,Carsten Jahn - TEAM HEIMAT,2017-01-15 09:44:32,aktivitaet_deckt_kriegsbeginn,vorkriegskanal,True,Alternative Medien (rechts),203,11598298.0,True,True,True,True,True
UCfmOzrUPX4shSByl7fQPmGg,Für die Meinungsfreiheit!,2018-07-07 02:14:17,aktivitaet_deckt_kriegsbeginn,vorkriegskanal,True,Alternative Medien (rechts),35,753592.0,True,True,True,True,False
UCfnNah9Q-A2OzcbqeZQiFhQ,Rewigang,2014-07-23 14:53:18,aktivitaet_deckt_kriegsbeginn,vorkriegskanal,True,Alternative Medien (mitte),51,28242985.0,True,False,True,True,True
UCg1-w2x7jwdQ8-3pM9aUQ6g,ZAPP - Die Medienredaktion,2013-05-09 20:29:29,aktivitaet_deckt_kriegsbeginn,vorkriegskanal,True,ÖRR,16,7297093.0,True,True,True,True,True
UCgAPgHNmQSG_ySHRiOVeF4Q,FOCUS online,2006-11-26 21:58:41,aktivitaet_deckt_kriegsbeginn,vorkriegskanal,True,Traditionelles Medium,1473,16055453.0,True,True,True,True,True
UCgZw_Rxf1RYKDtQr9zdYuwg,sophiexelisabeth,,nachkrieg_verzoegerter_start,nachkriegskanal,False,(ohne gruppe5),164,0.0,False,False,False,False,False
UCgau4awdKG2ni2Ib4jvUqFA,DER STANDARD,2011-11-09 08:11:53,aktivitaet_deckt_kriegsbeginn,vorkriegskanal,True,Traditionelles Medium,1222,6319528.0,True,True,True,True,True
UCgcHsYmYWTmLBU034YVSSIA,Gio unzensiert,,nachkrieg_verzoegerter_start,nachkriegskanal,False,Alternative Medien (rechts),90,0.0,True,False,False,False,False
UCgmB8S3f8-9dR8alVUZuZxQ,nextmove,2018-03-29 14:11:05,aktivitaet_deckt_kriegsbeginn,vorkriegskanal,True,Alternative Medien (links),37,9071197.0,True,False,True,True,True
UCgvFsn6bRKqND1cW3HpzDrA,COMPACT-TV,2011-08-08 09:11:30,aktivitaet_deckt_kriegsbeginn,vorkriegskanal,True,Alternative Medien (rechts),559,3135641.0,True,True,True,True,False
UCh-Ftqf4si1HFVtDm7Y10yg,ProSieben,2006-07-07 11:56:46,aktivitaet_deckt_kriegsbeginn,vorkriegskanal,True,Traditionelles Medium,35,11575967.0,True,True,True,True,True
UCh7UU4jFZWKzu1KxqDic_Og,Utopia TV Deutschland,,nachkrieg_verzoegerter_start,nachkriegskanal,False,Alternative Medien (mitte),259,0.0,True,True,False,False,False
UCh8EqZyAUunyl1ryHeZAaSw,Bitbull,,aktivitaet_deckt_kriegsbeginn,vorkriegskanal,True,(ohne gruppe5),382,0.0,False,False,False,False,False
UChkVOG0PqkXIHHmkBGG15Ig,WALULIS,2011-09-30 22:04:51,aktivitaet_deckt_kriegsbeginn,vorkriegskanal,True,ÖRR,17,11012290.0,True,True,True,True,True
UChvSDcd3cPuvhA0R3FHBFJw,Enrico Rudolph,2013-01-15 18:11:09,reaktiviert_faelschlich_vorkrieg,nachkriegskanal,False,Alternative Medien (rechts),641,0.0,True,True,False,False,False
UCi-pZ-VukgK9uzymsA0LNQA,EndzeitreporterMcM ,2011-07-15 14:21:41,aktivitaet_deckt_kriegsbeginn,vorkriegskanal,True,Alternative Medien (rechts),358,1774145.0,True,True,True,True,False
UCi5RJM_p1NajcGdBQfjyU4A,POLITIK SPEZIAL - Stimme der Vernunft ,2018-12-12 07:30:00,aktivitaet_deckt_kriegsbeginn,vorkriegskanal,True,Alternative Medien (rechts),144,18466528.0,True,True,True,True,True
UCiB6I_OMIYRUU6O3aGNxgjw,Börse Stuttgart,2009-05-28 12:50:51,aktivitaet_deckt_kriegsbeginn,vorkriegskanal,True,Alternative Medien (mitte),94,3024719.0,True,True,True,True,False
UCiTJladOHCMkKndVBsn23VQ,Vermietertagebuch - Alexander Raue,2018-02-09 03:04:05,aktivitaet_deckt_kriegsbeginn,vorkriegskanal,True,Alternative Medien (rechts),343,1777304.0,True,True,True,True,False
UCiTKi7Ahf3E2yMGpmIxSvgw,Deutschland Kurier,2019-03-01 09:32:00,aktivitaet_deckt_kriegsbeginn,vorkriegskanal,True,Alternative Medien (rechts),1295,15226710.0,True,True,True,True,True
UCigtuurEEt3QLwazM_9OvVA,MR.STEUER,2017-06-24 11:53:36,reaktiviert_faelschlich_vorkrieg,nachkriegskanal,False,(ohne gruppe5),108,0.0,False,False,False,False,False
UCiiymOmMRMZV9GZSsfTX4qw,EIKE - Europäisches Institut für Klima und Energie,2010-01-19 07:08:43,aktivitaet_deckt_kriegsbeginn,vorkriegskanal,True,Alternative Medien (rechts),47,769504.0,True,True,True,True,False
UCj089h5WsDdh1q8t54K3ZCw,Massengeschmack-TV,2011-02-23 00:49:15,aktivitaet_deckt_kriegsbeginn,vorkriegskanal,True,Alternative Medien (mitte),142,9691287.0,True,True,True,True,True
UCjE2irgQvvNEX9GEv6fMrEw,Auftrag Geschichte präsentiert von KlappspatenTV,,aktivitaet_deckt_kriegsbeginn,vorkriegskanal,True,Alternative Medien (rechts),389,2158019.0,True,True,True,True,False
UCjM_J6nYvaRx3rZMxkilwLw,Lypix,2016-05-06 13:26:48,reaktiviert_faelschlich_vorkrieg,nachkriegskanal,True,(ohne gruppe5),123,0.0,False,False,False,False,False
UCjRo7YkneL44wPDUW-aQoww,Hotel Matze,,aktivitaet_deckt_kriegsbeginn,vorkriegskanal,True,Alternative Medien (links),239,1387519.0,True,True,True,True,False
UCjSkyrjqPeMwubZU0CnScXA,SchrangTV,2014-08-22 14:53:11,aktivitaet_deckt_kriegsbeginn,vorkriegskanal,True,Alternative Medien (rechts),197,1916183.0,True,True,True,True,False
UCjhkuC_Pi85wGjnB0I1ydxw,extra 3,2014-04-14 10:11:32,aktivitaet_deckt_kriegsbeginn,vorkriegskanal,True,ÖRR,229,139311761.0,True,True,True,True,True
UCjkSqbf8E4MybdYmfhlW10A,{ungeskriptet} by Ben,,nachkrieg_verzoegerter_start,nachkriegskanal,False,Alternative Medien (rechts),373,0.0,True,True,False,False,False
UCjuV53YnSHDfltUSGW3Q0KA,Migrando,,aktivitaet_deckt_kriegsbeginn,vorkriegskanal,True,Alternative Medien (links),151,630300.0,True,False,True,True,False
UCjvVn-oLzoY0aZhVvdQPSTQ,"LEO ""Ketzer der Neuzeit""",,aktivitaet_deckt_kriegsbeginn,vorkriegskanal,True,Alternative Medien (rechts),146,4909669.0,True,True,True,True,False
UCjzcAEdtPjSo3hRrhVnVaQg,MySpass Classics,2015-03-23 09:00:09,aktivitaet_deckt_kriegsbeginn,vorkriegskanal,True,Traditionelles Medium,146,30202666.0,True,False,True,True,True
UCkC-9P-VbzSNzsgMwtGdOXg,RedeFabrik - Kommunikation & Charisma,2016-09-04 08:17:38,aktivitaet_deckt_kriegsbeginn,vorkriegskanal,True,Alternative Medien (mitte),33,6925112.0,True,True,True,True,True
UCkDNRaTUFuWBRDr7lDETSkw,Ulrich Siegmund,,aktivitaet_deckt_kriegsbeginn,vorkriegskanal,True,(ohne gruppe5),70,0.0,False,False,False,False,False
UCkP3cBG9m7nHSbOOEYugCLA,imp,2016-02-24 22:03:42,aktivitaet_deckt_kriegsbeginn,vorkriegskanal,True,Alternative Medien (links),7,1735604.0,True,False,True,True,False
UCkSEq4JuI5VxqWIrRY2-pew,Boris Reitschuster,2014-01-26 10:35:33,aktivitaet_deckt_kriegsbeginn,vorkriegskanal,True,Alternative Medien (rechts),5,48046996.0,True,True,True,True,True
UCkZ3fSYruC0IXv6p34BHciQ,The Morpheus,2019-03-10 15:49:41,aktivitaet_deckt_kriegsbeginn,vorkriegskanal,True,Alternative Medien (links),62,3559274.0,True,True,True,True,False
UCkdzEoq1f5bFbV-pkRwhYRw,CaimiReport: kritisch alternatives Medium!,2019-05-15 08:14:44,aktivitaet_deckt_kriegsbeginn,vorkriegskanal,True,Alternative Medien (rechts),190,1410046.0,True,True,True,True,False
UCksi8_CDUF0DbnLrgIoRrRg,Paul Brandenburg,,aktivitaet_deckt_kriegsbeginn,vorkriegskanal,True,Alternative Medien (rechts),123,900712.0,True,True,True,True,False
UClO1l0P58Hi0Al3v8vRWmGw,klagemauerTV,2012-08-08 05:31:07,aktivitaet_deckt_kriegsbeginn,vorkriegskanal,True,Alternative Medien (mitte),444,504194.0,True,True,True,True,False
UClj2hzTR0gl9VfZ9V6CM3kw,Staiy,2019-01-02 23:53:23,aktivitaet_deckt_kriegsbeginn,vorkriegskanal,True,Alternative Medien (links),202,11804411.0,True,True,True,True,True
UCmN5AEULh0GsQ2mwNlyQG-A,DER GLÜCKSRITTER,,nachkrieg_verzoegerter_start,nachkriegskanal,False,Alternative Medien (rechts),808,0.0,True,True,False,False,False
UCmNyt19w_SVXRik2I1X84dg,Finanzhacks Shorts,,aktivitaet_deckt_kriegsbeginn,vorkriegskanal,True,(ohne gruppe5),113,0.0,False,False,False,False,False
UCmgVL1Bh7oMIdUdLwIsCiGA,Berlin360°,2009-06-10 13:25:25,aktivitaet_deckt_kriegsbeginn,vorkriegskanal,True,Alternative Medien (rechts),2990,8864.0,True,True,True,True,False
UCmzLzI-ROdjxWtBOuJTelug,AfD im EU-Parlament,2019-07-16 14:03:00,aktivitaet_deckt_kriegsbeginn,vorkriegskanal,True,(ohne gruppe5),175,0.0,False,False,False,False,False
UCn7wWR5KnpX_N6ZaBNuyVYw,WDR,2013-07-25 10:06:02,aktivitaet_deckt_kriegsbeginn,vorkriegskanal,True,ÖRR,231,47092009.0,True,True,True,True,True
UCnk0-FU1ybs9MpWg8g3yqMw,Politik & Co ,,aktivitaet_deckt_kriegsbeginn,vorkriegskanal,True,Alternative Medien (rechts),846,120385.0,True,True,True,True,False
UCnrsFEWCT3IHHc_J8YsVDAw,Maximilian Pütz,2006-08-28 14:30:19,aktivitaet_deckt_kriegsbeginn,vorkriegskanal,True,Alternative Medien (rechts),49,463283.0,True,True,True,True,False
UCo3KvUOtPnsijOhEcEf9nvg,Robert Franz,2011-06-19 15:26:27,aktivitaet_deckt_kriegsbeginn,vorkriegskanal,True,Alternative Medien (mitte),58,1574121.0,True,True,True,True,False
UCo4693Ony4slDY5hR0ny-bw,WALULIS DAILY,2019-08-29 08:22:37,aktivitaet_deckt_kriegsbeginn,vorkriegskanal,True,ÖRR,0,27659268.0,True,True,True,False,True
UCo6utge9KpJI61gXe7ngUJQ,Richtiger Kevin,2016-08-08 14:36:20,aktivitaet_deckt_kriegsbeginn,vorkriegskanal,True,Alternative Medien (rechts),226,166334557.0,True,False,True,True,True
UCoBHyjPTvBxt87F6jfiEIEg,MDR SPASSZONE,2017-01-26 13:45:48,aktivitaet_deckt_kriegsbeginn,vorkriegskanal,True,ÖRR,186,95092671.0,True,True,True,True,True
UCoKCF-pUbhJtSsSGs6JCLfQ,Schlumpf,,aktivitaet_deckt_kriegsbeginn,vorkriegskanal,True,Alternative Medien (links),67,10721753.0,True,False,True,True,True
UCoSKQ9e_DsYpFVsuUKaus9A,Wissenschaftlich Investieren,,aktivitaet_deckt_kriegsbeginn,vorkriegskanal,True,(ohne gruppe5),77,0.0,False,False,False,False,False
UCoUN_yusGiLh9uwLN2xZuYw,Der Sievi,2016-03-22 12:25:14,aktivitaet_deckt_kriegsbeginn,vorkriegskanal,True,Alternative Medien (mitte),253,3240923.0,True,False,True,True,False
UCoVxi4FUUcO5Jyx1EtpERZw,SWR Wissen,,aktivitaet_deckt_kriegsbeginn,vorkriegskanal,True,ÖRR,6,699723.0,True,False,True,True,False
UCodzpCel9VT-Sc0K7eeHm-w,SRF Kids,,aktivitaet_deckt_kriegsbeginn,vorkriegskanal,True,ÖRR,214,5257179.0,True,True,True,True,True
UCol-Re86up3bOE6HRR6ePMQ,Rene Schmock,2009-03-19 21:20:12,aktivitaet_deckt_kriegsbeginn,vorkriegskanal,True,(ohne gruppe5),685,0.0,False,False,False,False,False
UCouZW6lGRZ6MaUk9w_ACztQ,DIE BLITZMELDUNG,,nachkrieg_verzoegerter_start,nachkriegskanal,False,Alternative Medien (rechts),243,0.0,True,True,False,False,False
UCpDTqrpAxzNnZ7awX4J2HHA,No AfD,2018-07-06 22:29:03,aktivitaet_deckt_kriegsbeginn,vorkriegskanal,True,Alternative Medien (links),280,403901.0,True,True,True,True,False
UCpV9LpCg4uwYCQZ3qoEn_YQ,Aktien mit Kopf,2013-11-28 10:40:22,aktivitaet_deckt_kriegsbeginn,vorkriegskanal,True,Alternative Medien (rechts),767,9328699.0,True,True,True,True,True
UCq-b0dwW97YRZWgSCikWQRA,DIE WELTWOCHE,2009-07-06 10:06:17,aktivitaet_deckt_kriegsbeginn,vorkriegskanal,True,Alternative Medien (rechts),1326,7999598.0,True,True,True,True,True
UCq2ej2M1Fb62hZxfahZ536A,ANDI in Deutschland ,,nachkrieg_verzoegerter_start,nachkriegskanal,False,Alternative Medien (rechts),471,0.0,True,True,False,False,False
UCq2rogaxLtQFrYG3X3KYNww,AfD TV,2016-10-30 12:14:07,aktivitaet_deckt_kriegsbeginn,vorkriegskanal,True,(ohne gruppe5),77,0.0,False,False,False,False,False
UCq880QL0THPePYuGKV7PxZw,RobBubble,2006-12-09 09:14:10,aktivitaet_deckt_kriegsbeginn,vorkriegskanal,True,Alternative Medien (links),6,2396857.0,True,False,True,True,False
UCqLv2nTsMB_FXtQRFNXjWhA,Geld für die Welt — Maurice Höfgen,,aktivitaet_deckt_kriegsbeginn,vorkriegskanal,True,Alternative Medien (links),116,697485.0,True,True,True,True,False
UCqQ9P_ObrTQ0MhUnZffKkGA,Der Schattenmacher,2016-11-18 23:53:53,aktivitaet_deckt_kriegsbeginn,vorkriegskanal,True,Alternative Medien (rechts),17,1027872.0,True,False,True,True,False
UCqZSdUJqd2T0oqr6BEA3ONw,Oli,2017-10-04 17:52:47,aktivitaet_deckt_kriegsbeginn,vorkriegskanal,True,Alternative Medien (rechts),425,22269963.0,True,True,True,True,True
UCqmQ1b96-PNH4coqgHTuTlA,ARD,2005-11-07 18:34:30,aktivitaet_deckt_kriegsbeginn,vorkriegskanal,True,ÖRR,134,10595870.0,True,True,True,True,True
UCr78AIw8O_HGs2jMUAGEp_g,KuchenTV,2011-03-09 19:19:16,aktivitaet_deckt_kriegsbeginn,vorkriegskanal,True,Alternative Medien (links),100,73532081.0,True,False,True,True,True
UCrGy59kaH785Ac6KIl2y65A,Red Scorpion,2017-03-27 08:31:44,aktivitaet_deckt_kriegsbeginn,vorkriegskanal,True,Alternative Medien (rechts),56,4031456.0,True,False,True,True,False
UCrb6U1FuOP5EZ7n7LfOJMMQ,ZDFtivi,2012-06-04 09:30:43,aktivitaet_deckt_kriegsbeginn,vorkriegskanal,True,ÖRR,18,2516831.0,True,True,True,True,False
UCs-G8CXCziErSY1459e7U8A,Gegenpol,,nachkrieg_verzoegerter_start,nachkriegskanal,False,Alternative Medien (mitte),1074,0.0,True,True,False,False,False
UCs05VH8MBAaX_cNXlrYIZkA,Salim Samatou,2019-03-17 10:33:31,aktivitaet_deckt_kriegsbeginn,vorkriegskanal,True,Alternative Medien (rechts),69,732143.0,True,True,True,True,False
UCsE1D4wRSH0mZIwhazvyTUQ,Matthias' Meinung,,nachkrieg_verzoegerter_start,nachkriegskanal,False,Alternative Medien (rechts),278,0.0,True,True,False,False,False
UCsFtUYhrGmOck_UeVPD-AJQ,WDR aktuell,2019-07-25 14:00:09,aktivitaet_deckt_kriegsbeginn,vorkriegskanal,True,ÖRR,256,12703155.0,True,True,True,True,True
UCsI9oTkm0H9GnK5K1fmFMug,HABITAT - Lebensraum Deutschland,,nachkrieg_verzoegerter_start,nachkriegskanal,False,Alternative Medien (rechts),1039,0.0,True,True,False,False,False
UCsLN1bEfDJoZOs8udTwHatQ,Politik mit Kopf,2017-05-28 09:07:17,reaktiviert_faelschlich_vorkrieg,nachkriegskanal,False,Alternative Medien (rechts),448,0.0,True,True,False,False,False
UCscq7owVpBCr1w3LQO1aGEw,GELDDRUCKER,,aktivitaet_deckt_kriegsbeginn,vorkriegskanal,True,(ohne gruppe5),4,0.0,False,False,False,False,False
UCsdf_os0T0MizL_GRDYsLDQ,Henner - Der Nordhesse,2009-01-22 01:01:51,aktivitaet_deckt_kriegsbeginn,vorkriegskanal,True,Alternative Medien (mitte),146,2964460.0,True,True,True,True,False
UCsekpwdMv9PBCOftuuKncfw,FinanzmarktWelt.de,2013-06-28 16:41:34,aktivitaet_deckt_kriegsbeginn,vorkriegskanal,True,Alternative Medien (rechts),548,9076071.0,True,True,True,True,True
UCsgW8jrCmWjcys7iZTl7wYQ,Amnas,,nachkrieg_verzoegerter_start,nachkriegskanal,False,Alternative Medien (rechts),34,0.0,True,True,False,False,False
UCskvXSvph6FlEZa5B6uJnVg,spielend Klavier lernen,2008-10-21 21:13:51,aktivitaet_deckt_kriegsbeginn,vorkriegskanal,True,(ohne gruppe5),11,0.0,False,False,False,False,False
UCt-LS-iOO2Aultxo2gtHA4g,FinanzNerd,2016-12-02 12:14:44,aktivitaet_deckt_kriegsbeginn,vorkriegskanal,True,Alternative Medien (mitte),27,2629604.0,True,False,True,True,False
UCt8HsnMdQAuQUMDNNjSJdnw,RTL Doku,,nachkrieg_verzoegerter_start,nachkriegskanal,False,Traditionelles Medium,236,0.0,True,True,False,False,False
UCtIdmHlJYcToNr3o05Cv0Nw,M — Λ U S — T V,,nachkrieg_verzoegerter_start,nachkriegskanal,False,Alternative Medien (mitte),319,0.0,True,False,False,False,False
UCtQFxktythX5mGgZm0Pag2Q,Leon Lovelock,2011-11-22 19:23:51,aktivitaet_deckt_kriegsbeginn,vorkriegskanal,True,Alternative Medien (rechts),0,2591668.0,True,True,True,False,False
UCtg17AAUcgsfmTZ7cOojgpA,Karl Ess,2012-04-14 00:38:58,aktivitaet_deckt_kriegsbeginn,vorkriegskanal,True,Alternative Medien (rechts),108,1134508.0,True,False,True,True,False
UCthYpKoujTMmDX75fGr5o8A,Mathias von Gersdorff,,aktivitaet_deckt_kriegsbeginn,vorkriegskanal,True,Alternative Medien (rechts),441,246026.0,True,True,True,True,False
UCtikxfWPhyZS_9-kiS5dILA,rbb Doku,,aktivitaet_deckt_kriegsbeginn,vorkriegskanal,True,ÖRR,109,4116777.0,True,True,True,True,False
UCtnSmfVH1brwwMk8JYmYPvw,Cowboy Filme - Western Movies,,nachkrieg_verzoegerter_start,nachkriegskanal,False,Alternative Medien (links),444,0.0,True,False,False,False,False
UCtyFVwXiQUaZNrE_4fE30_A,rbb,2006-01-08 22:12:26,aktivitaet_deckt_kriegsbeginn,vorkriegskanal,True,ÖRR,275,5913066.0,True,True,True,True,True
UCu02GkFNrMRzwysT2SEmNrQ,smartsteuer,2013-03-27 15:20:53,aktivitaet_deckt_kriegsbeginn,vorkriegskanal,True,Alternative Medien (mitte),49,7568242.0,True,False,True,True,True
UCuR7hglVNuxnvQffSoOwrag,HaraldSchmidtClips,,nachkrieg_verzoegerter_start,nachkriegskanal,False,Alternative Medien (rechts),73,0.0,True,False,False,False,False
UCuXKxMi1MAxPVZVT0bc976Q,Jasmin Kosubek,,aktivitaet_deckt_kriegsbeginn,vorkriegskanal,True,Alternative Medien (mitte),248,504707.0,True,True,True,True,False
UCucMlG7a_4kewYrXhTK_PKg,rbb24,,aktivitaet_deckt_kriegsbeginn,vorkriegskanal,True,ÖRR,449,406539.0,True,True,True,True,False
UCueJOpg1SG9mahPjhALlvJw,ARD Stand-Up,,nachkrieg_verzoegerter_start,nachkriegskanal,False,ÖRR,230,0.0,True,False,False,False,False
UCurhHQ_5JN-QzLNuO52EwOQ,Politik im Fokus,,nachkrieg_verzoegerter_start,nachkriegskanal,False,Alternative Medien (rechts),548,0.0,True,True,False,False,False
UCuzRXB-EOz1FZx2l7xw2nQQ,Steuerberater Stefan Mücke,,aktivitaet_deckt_kriegsbeginn,vorkriegskanal,True,Alternative Medien (rechts),26,941888.0,True,False,True,True,False
UCuziK4bUFRr3z62bE7FMDPQ,logo!,,aktivitaet_deckt_kriegsbeginn,vorkriegskanal,True,ÖRR,236,788528.0,True,True,True,True,False
UCv1WDP5EiipMQ__C4Cg6aow,Jung & Naiv,2006-11-20 01:13:36,aktivitaet_deckt_kriegsbeginn,vorkriegskanal,True,Alternative Medien (mitte),112,24199286.0,True,True,True,True,True
UCvOXPxj9VHHUQjGWENjpceg,Oli investiert,2018-08-18 11:08:02,aktivitaet_deckt_kriegsbeginn,vorkriegskanal,True,Alternative Medien (rechts),353,3432856.0,True,True,True,True,False
UCvPGXnZmXrkPrdYKRZ0M1bg,InfraRot - dein Durchblick im Nachrichtennebel,,aktivitaet_deckt_kriegsbeginn,vorkriegskanal,True,Alternative Medien (mitte),367,979213.0,True,True,True,True,False
UCvwE_EBBDWM552Vd9v8m9Gg,MDR Mitteldeutscher Rundfunk,2014-03-11 13:48:11,aktivitaet_deckt_kriegsbeginn,vorkriegskanal,True,ÖRR,485,10238119.0,True,True,True,True,True
UCvx-64VlcyeDFBLwtR4G6vg,Think Rail,2015-01-09 14:28:10,aktivitaet_deckt_kriegsbeginn,vorkriegskanal,True,(ohne gruppe5),66,0.0,False,False,False,False,False
UCvzg7eXwCmjn2kfJJHSJjKQ,Coach Cecil,2015-06-30 23:05:11,aktivitaet_deckt_kriegsbeginn,vorkriegskanal,True,Alternative Medien (rechts),77,2729562.0,True,True,True,True,False
UCw-SjGVT0HK7czJkLgdv3Fw,Die Carolin Kebekus Show,,nachkrieg_verzoegerter_start,nachkriegskanal,False,ÖRR,106,0.0,True,False,False,False,False
UCwB2s-AVGQxYqrnWcVe79fg,Stunrix,2017-08-21 05:30:39,aktivitaet_deckt_kriegsbeginn,vorkriegskanal,True,Alternative Medien (mitte),253,136660355.0,True,True,True,True,True
UCwIOCxPAbHdcQ7bgOneCu1Q,Best of Bud Spencer & Terence Hill,2007-03-14 16:45:22,aktivitaet_deckt_kriegsbeginn,vorkriegskanal,True,(ohne gruppe5),65,0.0,False,False,False,False,False
UCwYBPCufK3m6J-2u6kcmgoQ,BENU Solutions,,nachkrieg_verzoegerter_start,nachkriegskanal,False,Alternative Medien (rechts),116,0.0,True,True,False,False,False
UCwtBLZ8VGfchDTJ_cYZ5S1A,tvberlin,2013-03-22 12:58:11,aktivitaet_deckt_kriegsbeginn,vorkriegskanal,True,Traditionelles Medium,958,21771682.0,True,True,True,True,True
UCwyiPnNlT8UABRmGmU0T9jg,phoenix,2005-09-18 06:33:56,aktivitaet_deckt_kriegsbeginn,vorkriegskanal,True,ÖRR,2090,33232857.0,True,True,True,True,True
UCx0ZfHVgupjADCt7BH3G4IA,Bosetti will reden!,2009-12-07 08:30:31,aktivitaet_deckt_kriegsbeginn,vorkriegskanal,True,ÖRR,79,80711.0,True,True,True,True,False
UCx80Q7lPqzfWBRIrQ-97f3g,smypathisch,,nachkrieg_verzoegerter_start,nachkriegskanal,False,ÖRR,43,0.0,True,False,False,False,False
UCxOGWb_OYoaz2V3QclJT3YA,mym by Simo ,2015-02-07 19:59:22,reaktiviert_faelschlich_vorkrieg,nachkriegskanal,False,Alternative Medien (mitte),173,0.0,True,True,False,False,False
UCxQdpLijLxJTXUgmM03xT0g,eigentümlich frei,2013-08-06 08:03:36,aktivitaet_deckt_kriegsbeginn,vorkriegskanal,True,Alternative Medien (rechts),26,1418313.0,True,True,True,True,False
UCxU1a-2vec6ljU43I0F2Jwg,Stuttgarter Zeitung & Stuttgarter Nachrichten,2011-09-15 06:22:47,aktivitaet_deckt_kriegsbeginn,vorkriegskanal,True,Traditionelles Medium,1393,7783653.0,True,True,True,True,True
UCxlEazKoCv2mNFiiVPOUESQ,SOUND OF MUSIC,2016-08-11 19:11:11,aktivitaet_deckt_kriegsbeginn,vorkriegskanal,True,Alternative Medien (rechts),163,480732.0,True,False,True,True,False
UCy4_zQ59zmS7zO4Dc6vbT_w,SWR,2006-01-24 00:24:32,aktivitaet_deckt_kriegsbeginn,vorkriegskanal,True,ÖRR,325,4422742.0,True,True,True,True,False
UCyH9w3VhfZPdjH28VFeoHUA,Kontrafunk - Die Stimme der Vernunft,,nachkrieg_verzoegerter_start,nachkriegskanal,False,Alternative Medien (rechts),966,0.0,True,True,False,False,False
UCyHDQ5C6z1NDmJ4g6SerW8g,MAITHINK X,2016-09-08 14:13:08,aktivitaet_deckt_kriegsbeginn,vorkriegskanal,True,ÖRR,13,15255965.0,True,False,True,True,True
UCyQpfuhftLvrmjxgEzVH78Q,OE24.TV,2016-09-02 09:59:20,aktivitaet_deckt_kriegsbeginn,vorkriegskanal,True,Traditionelles Medium,5684,125975977.0,True,True,True,True,True
UCycuPgtpxdu_6-1nVXgzPmg,Langemann Medien,2011-10-11 13:42:33,aktivitaet_deckt_kriegsbeginn,vorkriegskanal,True,(ohne gruppe5),21,0.0,False,False,False,False,False
UCyw8Tkb44AGA2eB8K9fRioQ,Weichreite TV,,aktivitaet_deckt_kriegsbeginn,vorkriegskanal,True,Alternative Medien (mitte),537,1281353.0,True,True,True,True,False
