video_id,israel_regierung,palaestinenser_zivil,hamas,westliche_staaten
swfGxsaLgsM,0,,-1,0.5
l3eY-JpNOMI,0.5,,-1,-1
XK06hOO_7-c,0.5,,-1,
MLg1RtkXgoM,-1,,-1,1
njFFaCkLUls,-1,,,0.5
icGHiuKmNe0,0.5,,-1,0
oHKoLgxQLUk,1,,-1,
5lPT_w2Hbnw,-1,,,-1
TcWu9wpSZ7k,1.0,,-1.0,1.0
pJ0PgW-fIHw,0,,,0.5
A0aD-2WqbdM,-1,,-1,
7zAlgYVlcnI,-1,,,-0.5
GcZ21fKS74M,0,,,0
rby7EC4h1zs,,,,0.5
xFhHQp_FDow,-0.5,0.5,-1,0.5
iEw2g6Xlz-k,,,-1,
ELhyyr8rmy0,-1,0.5,,-1
ONFpIkJLSro,,,,-0.5
eBqZF9x4NnM,0,,-1,
Rqo1229sgp8,-0.5,,,0.5
FFpAfrr3Q-E,-1,,,-1
cjHHTF754uI,-0.5,,-1,
W9aD-BrA2UU,,,,
ctF65Q9nKYQ,0,,-1,
q0mxCY_p_O0,1,-1,-1,-0.5
S1O4eLatZWc,,,,
GCs-FI2ocCo,1,,-1,0.5
uAY-qrim8VY,0.5,,-1,0.5
Zy89wAWp-nA,-0.5,,,0
OJ8zZQyNBtM,-1,,,-0.5
Fq-LjVMQlNM,0.5,,,1
IFpdRfRvtRA,1,-1,-1,-1
ZKwVpLFwd_o,-0.5,,-1,0
vVqLiY9M7CE,-1,1,-1,-1
kkzpw71itwQ,-0.5,,-1,1
feXz8FvRYQY,-1,,,1
ZGQEpapnjLQ,1,-1,-1,
yc3OJhF8kfc,-1,1,,-1
caOnaP40WbA,,,,
zd8mQw1Vs0U,0,-1,-1,
f1gm2ZV9IPE,-0.5,,,
PxPVSVW_9Xo,-1,,,
qvT42u6Y8aE,0,,,-0.5
12gVgxWHjHo,-1,,-1,1
8fcHsaK33Ls,-1,,,
O0Shi-6O9jM,0,,-1,0.5
jVnUuaDQLuY,-1,1,-1,0.5
X30ketQ-4mk,-1,,,-1
_IiaQR8l0Fg,-1,,-1,
CIekD2Zkwfc,0,,-1,-0.5
86qm0BfOzj0,-1,,-1,1
PUqc-B2AC3A,0.5,,-1,0.5
HCguwcP-zvE,1,,-1,
-7CL9E1UKms,0.5,,-0.5,1
kODn13P2bto,-0.5,,-1,+1
wi1RrhPSY_o,-1,,,
XOJLpMx8vL8,,,,
eTXcz4Z9UvM,,,,
ObrhXxdx60A,-0.5,,-1,
EZ1BgPZHPHQ,0.5,,-1,1
3Z7SOZamiE8,-1,,-1,-1
Gcili8kIfqQ,,,-1,-0.5
ENuasNw_jwQ,-1,,-1,-0.5
SBMw1otvIZk,-1,,,0
yIDAXVXhYDI,-0.5,,-1,-1
bJ4jKvcdK9I,1,0,,1
KOYpqfVqAdw,-1,0.5,-1,-0.5
qf1NJd6M_N8,-1,0.5,1,
QeRH_5bpQaM,-1,,,0.5
kFbenqQie4c,-1,,,0
b-MNgfpr9fs,-1,,,
r86NCgEjreg,-1,,-0.5,
tewou50HN_g,0.5,,,0.5
f92HM1O90I4,-1,0.5,-1,-1
fk_YfZG_yhk,,,,-1
WY5LE1zFb2I,-1,1,,-0.5
bqzbj8x0Vaw,-1,,,-1
eHDZL5kV008,0,,0,
P0rzSar85E0,-1,,-1,-1
bPwcuchcWp4,-0.5,,,-0.5
HLtyaBQv044,-1,,,0.5
03rukjBdcFY,-0.5,,-1,
AIOZVoEkh_c,0.5,-0.5,-1,-1
toLTQokZyOw,0,,-1,
hNI8bgHrCXE,0.5,,-1,0.5
koq0-xbM8lo,-0.5,,-1,
BDqz0_6kp-E,0,1,-1,1
f2PL62_pODI,-1,0.5,-1,-1
myV8FNLu4jw,-0.9,,-1,-1
qJTgMryQcLI,-1,1,,-1
XC37WJtCWEY,-1,,,-1
8bebcVzPV98,1,,-1,1
3RNkGdLP6WE,-1,1,,
Mk9dD7ogna8,0,,-1,
A8jZiPJaMTc,0.5,,,-0.5
DZXD8excKpw,,,-1,1
fw5ObC-uwrw,1,,-1,
UQHg1cmRBW4,0.5,-0.5,-1,0
lljELJe6l9k,-0.5,,-1,1
AjpbcylRN6I,1,,,1
MNH-RNlaDQM,-1,,,-1
YnBV5rdUX84,,,-1,
jZ_ZqhVF_qM,,,-1,0.5
It3T71VcOns,,,-1,-1
kx3F1E_ZOkg,-1,,,-1
O8gWuAdsro8,-0.5,,-1,
HTfI2-gOyIU,-1,,,-0.5
2J60yPStBD0,-0.5,,-1,0.5
MEQkaXcARNs,0,,-1,0
_scURqy6xUM,1,,-1,
hpTLScGPI-M,0,,-1,-1
TIBSEeaBw7s,,,-1,
vG4wOWAKtAE,-1,,,-1
W4b3mL0mNEc,-1,,,-1
9fbsnyA9jDA,1,,-1,1
sYAfK0ztPEY,-1,,,-1
xT36gWfE6Uk,-1,,-1,-1
t0UA4yjGZZI,-1,1,,-1
tbr6803JnF0,-1,,,
133qY4HHT-0,-1,,-1,
KxjnXvxZL1I,-1,,,-1
wTKwZuMywzM,-1,-1,-1,-1
AEZS9rbzPZ4,-0.5,,,
6jG0n-IubYM,-1,0.5,-1,0.5
-Fb9VVL0YS4,,,,
PjE8yhMIlnc,-1,,-1,-1
RamcxGqi1dU,-0.5,-1,-1,-0.5
i8xtsOlrhbQ,-1,,-1,
kyojHO2qNaQ,0.5,,-1,
J-hakMFlJ6U,-1,,,-1
AZ5IGwAuN-s,-1,,,-1
1dLcFzCSqgA,-1,,,-1
3n5GvgqJG-w,1,,-1,1
5_aaSQoRZhI,-0.5,,-1,
hF79VEc_4rY,-1,0.5,,
CzcNKHp2p5A,-1,,-1,-0.5
TbXcHsG5sZA,,,,-1
74e_061gm-U,-1,,,-1
ZhGr0yCmjLY,1,,,-0.5
K-72T8tiUok,,,,
c0FysAAkO3I,,,,1
0lIBs949NqY,-0.5,,-0.5,
lG7bJ0oj2q0,-1,,-1,0.5
kCTtPPq29FI,-1,,-1,
Xj-Nd7jmhu0,-1,,,
7YTc9l3zTkw,,,,0.5
gh19WZXm5fQ,-0.5,,-1,1
W8GabRQK3F8,-0.5,,-1,0
Tm1iXNFSmpE,0.5,,-0.5,1
_ZQlVScLNTE,-1,,,
J00qYoqhDmk,1,,,-0.5
kiru2YHUCvE,-1,,,
6V2Hlbthfkc,-1,,-1,
iRr-5J8p_ag,-0.5,0.5,-1,-0.5
OAyc7hAcVZM,1,,-1,0.5
TOVBTE3VDt8,-0.5,,-1,
0P4KOxcu0TA,-1,,,-0.5
wtOj46NtOAw,-1,,-1,1
-gT96lq1KCY,,,,
evoK88z2yJU,,,,
TcX8reC64Ww,-1,,,
iqicsSCbvw0,,,-1,-1
lTWxmHW5-gY,-1,0.5,-1,0.5
eB97abszFvw,-1,,0,-1
GSva4hZX8R8,-1,,,0.5
el6PoH_zCS0,-1,,-1,0.5
H5cONu7tGWw,,,,
JjDr9gBnDgw,-1,,,-1
3rai_o-NPAI,-0.5,,-1,-0.5
oc2YHwo-sbU,-1,,-1,1
kTikFNbspiw,-1,,-1,-1
C_ehUvoMeTU,-0.5,-0.5,-1,-0.5
3WwQKNSN6N4,1,-1,-1,-1
_mPXqP43Odk,-1,,,-1
myUjPtJL-XU,-1,,-1,
Gss_2c45THA,-0.5,,-1,0.5
yfd61GEyO-Q,-0.5,-1,-1,
bQBDRYYteW8,0,,-1,0.5
1V_mZH86Z8Y,-1,,,
Lyv5QbDNUQI,-0.5,,,-1
s532YsryoWM,-1,,,
CAs5ECQz8ec,-1,,,1
KmuXJfZ-yF4,0.5,,,1
yTAn7peXO1k,-0.5,,-1,0.5
V347AbzFaQM,-1,,-1,-0.5
B6G6ifAoXvo,0,,,
NymJ1Pr_SV8,-0.5,,,-1
-vLHKxzjyIY,-0.5,,-1,
9WNeYraavY8,-0.5,,-1,0
hdoLTijqUME,-1,,-0.5,0.5
Xty3Z4ciYzc,-0.5,,-1,0.5
PIlQrSt5onU,,,-1,1
TUqsza2vNkA,-0.5,,-1,-1
_JKhOniHGVk,-1,,-1,0.5
KIy_MGSZHAU,-1,,,-1
4F2JH7seN7E,-1,,-1,0.5
U17o4PhRHZk,,,-1,
Zv4xQ-EGFAs,1,,-1,1
g_3UwkjTSjc,-1,,,1
Zg-e96bzrrs,-1,,,-1
5lQB0IUFUVA,-1,,,-0.5
LCzpx70g6zQ,-1,,,
IcX2NKUpZkQ,-0.5,,,-0.5
TdArRt3aLNQ,-1,1,,-1
O_ZrY_MRUe0,0,,-1,
Mj2E0OSlIDM,-1,,-1,-0.5
DlMKkejy8vs,0,,-1,-0.5
rby5ehbwkIs,0.5,-0.5,-1,1
wRwvJcIzhrA,-0.5,,-1,0.5
M9wTB92Hb2Y,-1,,,-1
g-V80SD4dMA,1,,,1
y4rVwSm5baI,0.5,,-1,0.5
wEJRgU2nKG4,,,,1
UrwTy9N_y7s,,,,0
SsMMUZJ7aiw,+1,null,-1,-0.5
_Q_cyr2r044,-1,,,
2VMLlM34-No,,,-1,-0.5
rU2lgdKZu2A,,,,
1YEOb9yaxE0,-0.5,,,
Z6ndeiNDzUE,-1,0,-1,-0.5
9BOEtolfZ20,-1,,,-1
B-C59nlQ17U,-1,,-1,
gfzhqk2kUKU,-0.5,,-1,0.5
LHS33D6NqBM,0,,,
tNY-fpOqFQA,,1,,-1
NzObpWsheYU,0.5,,,-1
nUW4esuGt2k,1,,-1,
vOAwarZ6plw,-1,,,
b3CRSGvjGwE,1,,-1,1
F-3nPlZiQx0,0,,-1,1
Bpl7QPOg2SE,,,,-0.5
npHaJbheitI,1,,-1,1
I7_C-T7AnhU,1,,,0.5
5ed8DyrxHdM,,,,
xNxnm8IZvZE,-1,,,0.5
Jpn4U2nhUHU,-0.5,,-1,
GBnRbNplM1o,,,-1,
iOjG2ZO07Bg,-1,,,-1
yTLoydblRyY,-1,0.5,-1,-0.5
6kDBJFe1cys,1,0.5,-1,0.5
kGieolsCbw8,-1,0.5,,-1
DE9MHwXT0e4,-1,,,-1
Z10LuCDmay4,1,,,-0.5
yDihN78xOrU,,,-1,
fUkrKHCquWE,0.5,,-1,-1
WpKu1QIf18w,-1,,,
PUBWVpG7cIg,-1,0.5,0,
IbNXjC3mSVw,,-1,,
UJ-IU4zQpHk,,,,
gP_f_L-8Sqs,-1,,,-1
bJPpfw9BUVo,-1,,,-1
IEFiowucalc,-0.5,,-1,
TbgsZv4nJJo,-1,,-0.5,0.5
TAApRad1r8k,1,,-1,-1
y4qn9HL_zi8,-0.5,,,
8tvTAXBOJ7s,1,-1,,
6jECz4RmQcI,0,,-1,
gMSB_ERb9Ik,-1,,,-0.5
_IyimapRzPo,-0.5,,,
UaVEG92dGTw,1,,-1,0.5
WlWcAnMyUiU,1,,-1,1
6eOSKxBBvn8,,,,-1
CFQmtInQlqk,-1,,-1,0
ZQ4LCSz0W0U,1,,-1,-1
bXDd3Ts5QU4,0.5,,,-0.5
9B1AMMvi53c,-0.5,,-1,
5pHt-SVJWmI,0.5,,-1,
7UH7MjqnK30,-0.5,0,-1,0.5
ztBrY7ZN6Jc,0,,-1,0
TYf4mCQfEJI,-0.5,,,-0.5
EGzGaozEpt0,-1,,,-1
37D2LkuXKh8,,,,
CFrQ53kbDQo,-0.8,0,-1,0.5
WEBcdLcgeVk,-1,,-1,-1
WckcVTD8bRE,1,,-1,1
CYPOyhntAPQ,-0.5,0.5,-1,-1
YWzO_-uXriU,-0.5,,,-0.5
T8yybjRip68,1,,-1,
yT_pIX7YUQc,-0.5,,-1,-0.5
KJ5iyMya8Ao,-0.5,,-1,
GA5QXxc05sg,-1,,,-0.5
dY03yhFtF88,-1,,,-1
vGR6m8xsKlY,0,,,
pP7tvRDw0MU,-0.5,0,-1,-0.5
xrzI9DTqzMU,0.5,,-1,1
Hj8S5rn0_J8,-1,1,,
yPcvg4jawvQ,1,,-1,
K2VTZn99hzs,,-1,-1,-1
ghOthAmQkxU,-1,,,
XGb83-lPNdA,-1,,,
ZPxIUzmS2Es,1,,,-1
xXJ2170OltI,1,0.5,-1,0.5
fjmTqGdLFIg,1,,-1,-1
Gq_lKnNuwhQ,,,,-1
uikJRRMFtHM,-1,,-0.5,-0.5
YDYHlFWc1fQ,-0.5,,,-0.5
BIdD95euZD0,,,-1,
Hl467SXlUOM,-0.5,,-1,0.5
Hc0IJFjFIxE,0.5,,,0.5
Gxf4JtAoEsA,-1,,-1,-1
F9pHEIED5eE,1,,-1,0.5
piOeIWZA0ow,-0.5,,-1,0.5
B3PG_8rbytg,-1,1,,
p0fH2--0TbM,-1,,,-0.5
q4SIbfHX9hQ,-0.5,,,
9p-0PGdp3GA,1,,-1,1
8w3i35zMipo,-1,1,,
HzcU2KRmKrg,0,,,0.5
zjFWqTEry1w,0,,-1,
WZdpY6M2owg,0,,,0
7yc7hUoIF2w,0.5,,-1,0.5
2eKm-moVoYE,-1,,,-1
-l6CcuqULxY,1,,-1,
F2aMkC3AKZw,0,,-1,
TXBOAJ4TkeI,0.5,,-1,-0.5
jKIaUT1znp4,1,1,-1,1
a7O_c95U8rk,-0.5,,-1,
xm9vF5rAvb8,-1,,,-1
WMXzPI6n8Ag,-0.5,,-1,0
rrFSwKP06fI,,,,
moNXfSQNY7g,-0.5,,,0
ioZJZSUJCyo,-0.5,,-1,0
vuDYvHCXP2E,-1,,,0.5
L91F8dNCnUw,1,,-1,
Y-7W3OrVStE,0.5,,-1,
_5zDy40mRy4,-1,,,-1
2xMv-9pnUzI,,,,-1
DAd_SwiwH04,-0.5,,-1,0.5
CezZo8PeF4E,-0.5,,-1,
qgBv1_7gpqQ,-0.5,,-1,
hcMcWrnPZsc,-0.5,,-1,0
0FnANuplxDg,-0.5,,,0.5
PQn22z1vUNY,,,-1,-0.5
tconVsGchzo,1,,-1,1
kZxfAK2BsXY,+1,,-1,
XhDMhV5U9kU,,,,
vwGtaBqn52M,-1,,,-1
IwpsXaKtGaI,1,,-1,-0.5
UV75M3EP938,,,-1,
aPXtE55_4LY,,,-1,
TqhYyNCkcTw,1,-1,-1,-1
w4boQXr67Vg,,,,0.5
sPNG2OotOrQ,-1,,,-1
diZC-GpzqPM,-0.5,,,0.5
YsIRg-84WOo,-0.5,,-1,0.5
3o9FglKB340,,,-1,0.5
DTFjV_BY5_8,-0.5,,-1,
c-tdvtCwlTw,0.5,-0.5,-1,
MtT5m6GDMRc,0.5,,-1,-1
BAYNAe8AJX4,-1,,,
ARyEC5jZLM0,1,,-1,1
pbvCJ-4qMzc,-0.5,,,-0.5
yZ3BjCPXfxs,-0.5,,-1,0.5
1DS6AeMxX78,,,,
X586tOq2qGs,-0.5,,-1,-0.5
JcTEGO5Q95s,0.5,,-1,-0.5
nWpZSQaofOA,-1,,,-1
MuM6vkFLeSs,-1,1,,
zDNCbrSrey0,0,,0,0
6zF7jw05vQw,1,,-1,-1
KXxVMsxxysY,-0.5,,,0
vVU6b_jcDTs,0.5,,-1,0.5
w2BNLeeVNrI,-1,,,-0.5
VoMtNDOOKHw,,,,-1
dHyPt-t1PZQ,-0.5,,,-0.5
LbHGUPyarsg,,,-1,1
eSQXnDHKrfA,1,,,1
CeYD7zQEstY,1,-1,-1,
jTekXc1NDwA,-1,,,-0.5
mu7ng_ipobQ,-1.0,-0.5,-1.0,-0.5
Uj4kwq7nZhs,1,-1,-1,-1
K2aMYMo4UN4,-1,,,-0.5
qRtfbn6pJe0,,,-0.5,0.5
txQmNj6YyUM,1,,-1,0.5
QBQL5342B_4,1,,-1,0
4Fum1WfrMls,-0.5,,-1,0.5
Hq58YkYJ2qk,1,,-1,1
56uHvCMVRKI,-1,,,0.5
zxJTtqdrOa4,-0.5,,-1,1
SFsro6-MJjA,,,,-0.5
gEXoQlXnrvM,,,,
oKffObJ3dNo,-1,,,
6udhE5F-Yrw,,,,-1
GSGR6m-baSE,-1,0.5,-0.5,-0.5
GDqQ4KMmmcI,-0.5,,,
iHeTiqg7bq0,0.5,,-1,0.5
MV8SbrLyDZw,-1,,,
lquTkPTOyTw,-1,,,-1
0qdyrD0sytw,0,,-1,0.5
dWpXA8G0G5I,,,,
NRx1yhzEgBI,0,,-1,
_AMkCxp5PTI,-0.5,,-1,1
sBrR1r9tYIY,-1,,-1,-1
s9yb28B72O4,-0.5,,-1,
YVtQttSubZ4,-0.5,-1,-1,-1
mv415K6f8xs,-1,1,0.5,-1
xqDqaehJ3VM,,,-1,0.5
1GulU9mUadg,-0.5,-1,-1,1
Wg8NfiSZ55U,-1,,,0.5
ehJFr945uYk,0,,,1
_8sn5LDEf3U,-0.5,,,
uYgMyg7QNOY,0,,0,
TWOkybnnZow,-1,,,
Pt-cKlNlhrY,-1,,-1,
Cm5CAsOtgs8,-1,0.5,-1,0.5
XaavOLb5jWg,1,,,
EMqoHI5xbJg,-1,,-1,-1
269bMUxwBzc,,,,1
CpL80TTkgaQ,,,,-1
U2tz-kS_ofI,-1,,,
Q-wxr_XiyNE,,,,
4FrGa7bkZvM,-1,,0.5,-1
pAME25wqgPk,-1,,,
HiIYIx4gtUg,-0.5,1,-1,-1
p5dgslNi388,1,,,
bitzOXx_sfA,-1,,,-0.5
WKL4VfA_M44,-0.5,1,-1,
zGTn0Yv2SV0,1,,,1
B3Z4iPw-Kr0,,-1,,-0.5
HW7xCmX-fPU,-1,1,,-1
dMM9fqIsI8E,1,-1,-0.5,1
MdiQv4t2Bqw,1,,-1,1
EeKXIdSDTso,,,-1,
UJZxkpiYPCg,-1,0.5,,-1
4PHLY8MbSio,-1,,,-1
huKf_NJrtKs,-0.5,,-1,
JPzI5m4t35I,0.5,-0.5,-1,-0.5
J3yWKywYC2E,-1,1,-1,-1
gzfWA4L_LCs,0,,,
Muy1PgBP4jw,-1,,-1,-1
WQYQNiAL4VY,-1,1,,-1
mrvmK7p7yyk,-1,,,
pveGcuITVYo,-0.5,,,0.5
d_wmwYnKL0Q,0.5,,-1,1
Cfnm4KDqyTw,0,,,
6kEI9iPn_Uw,-1,1,-1,-1
IQAousl_CCM,,,,
bkOylUJoVVo,-0.5,,,0.5
xuzYEsUVKQ8,1,-1,-1,
uCihgYC5NmI,1,,,
0LJkuHvDlqk,0.5,,-1,1
VKUKkWNRs9Q,1,,-1,-0.5
cu2SuIyy1XA,,,,
mmoXU0tRBtA,-1,,-1,
NR0Cg5HUT2Y,-1,,,
sGCdveD0zeI,-1,1,,-1
DHUZLCgrWAs,-0.5,,,0.5
kACQDkvgc9o,,,-1,
vju5peVMKGE,1,,-1,
do9fk2SHimI,-0.5,,-1,1
W40Q3jtiHNI,0.5,1,-1,
sjOUZkQpXiQ,1,,-1,1
ohAOsD6J34A,0.5,1,-1,0
Cf2MJfi9RBY,,,,-1
yQxulXKk3Ok,-1,1,,
DiqCYpB3_hk,0.5,,-1,1
EUE6lQ0Zx5Q,0.5,,-1,1
QFAW4H3Vcb0,,,,
LQ3fBjmMCVI,-1,,,
f_2QDy0Gw0o,0,,0,0.5
R4XxKM6IcBM,,,-1,-1
jNebaQnNWt4,-0.5,,,
cnf7SMdfskQ,1,-0.5,,-1
PHRrM1jZu60,-1,,-0.5,
iD_rOxpbUeE,1,,-1,0.5
MR5zP1-HkK8,-1,0.5,-1,-1
0660_muyc9g,-0.5,0.5,-1,0
5SAAk4OMbqY,,,-1,-1
q4NMDcOYP9Q,-1,,,-1
O08XLTz4wHk,-0.5,,-1,0
d1809LLb2a4,-1,,,-0.5
cRNoMmlR-0k,-1,,-1,-1
gWVgB5Fc5Zg,-0.5,,-1,+1
vwPOQBrLow4,-0.5,,,0.5
PyeJbfjFEhw,,,,
Q34LtIvcL-c,0,,-1,
KWHauBcJHJQ,-1,,,0.5
yqB2PVNk_gg,-0.5,,,
I2s0kEw7UGQ,1,-1,-1,-1
zzr5kxb0TbM,-0.5,0.5,-1,-0.5
XV5pjEo6UXA,-1,,-1,0.5
rh2HNkd-oFE,-1,,-0.5,-1
oKuWzaSdaEw,-1,1,,-1
mRuJp70P060,,,,0.5
lcFOvPHkZxk,1,,-1,
k37fzy81ykY,-1,,-1,
ljyCBg9Wlqc,,,,0
hbopILZKqHg,1,,,1
kHOSeHkl1GI,-1,,,-1
9QUa_8baJFo,-0.5,,,-0.5
Dxrys8xm1aw,0,,,0
WfFtmqjCHd0,0.5,,,0.5
xVZEsQFBKNs,1,,,1
6B5UOxOG2Uo,,,-1,
beZwJh6xKHA,0.5,,-1,0.5
8vCxZy70ZiY,-1,,0,-1
XuQKP_6jrxI,-1,,-1,-0.5
vgO_bFmzsj4,,,,
Wl0tobxqXeQ,-1,,,
90pPJq1v09c,-1,,-1,-1
1fK5XKiVwiQ,,,,
z6p3BO_JxDY,-0.5,,-1,1
NLWY_pIohgk,,+0.5,-1,+0.5
vXm4noih1cY,-1,,,
QC1Yzqgqo-k,-0.5,,-1,1
t-ULXypOZWE,-1,,,1
wGksxPRO1u8,1,-1,-1,-0.5
wny17vIEZPg,,,-1,-1
9UVhSPgk9DY,-0.5,,-1,
O3aLBkflF7I,1,,-1,-0.5
DLlrCpGWbhw,-1,1,-1,-1
45GXeEqPk40,-0.5,,,0.5
0Cxdnn4ZquM,-1,,,
leWHrRKdWlI,0.5,,,-0.5
ya36apZnVyw,,,,0.5
YZiWtaMa2oM,-1,,,1
CD5Hg_athgU,-1,0.5,-1,-1
jzgB5owp7Is,-1,,-0.5,-1
HYxNyxlc_J8,-0.5,,,-1
alx07Du5Rhc,-1,,-1,
QOWelx6uHhU,-1,,-1,0.5
9sap1LmoQdM,0,1,0,1
pJkU3lUdO3U,-1,,,-1
dDRULVVWXy4,-1,,0.5,-0.5
6vx0jCjk3Qw,,,,
Msn3HvwHSCM,,,,
9UeLEmD2RVQ,,1,,
N7yfUb2w9Xs,-0.5,,-1,0
ROrHt-x7zVY,0,,,-0.5
-8nbOfNWrtU,0.5,,-1,1
axOWlyHkvkA,0.5,,-1,-1
eAEGORpwaDc,,,,
74IjmUlLVM8,0,,,-1
joQTKux1KgU,-0.5,,-0.5,1
qTMPWZAJR94,-1,1,-1,1
JBe8CtWs9iU,0.5,-0.5,-1,-0.5
ZDtlrzCF5LE,-0.5,,-1,1
ZVa-Vn6l8lU,-1,,-1,
V4F3NMLFiMs,0.5,,-1,0.5
3elQC1Dm7oE,-1,,,1
Pv5Uezr0RxI,,,,0.5
JCoAY-F-nxE,-0.5,,-1,
dZGQU8nlU6U,,1,,
yz3sAMUI4rM,0.5,,-1,
wawHtH0I33w,1,,-1,
UBQkF3aV87I,-0.5,,-1,-0.5
ep4G86QiURc,0,,-1,
qytxiEEPOEA,1,,-1,1
f8wN9siR6Mk,-1,1,,-1
rcgvMHxKn7E,-0.5,,,
Joq3DfYBHdk,-1,,,0
RCKd4CzJ9U0,-1,,-1,
FRmXg92xQp0,0.5,1,-1,-0.5
WaJgJfSwilo,-1,0.5,,-1
VDaAOyAU8_E,-1,,-1,-1
GlQRLz046VI,1,-0.5,-1,-0.5
BFMxmdcNfTs,,,-1,
Zmg69YLB428,-1,1,,-1
5b_i9kl4k6U,-1,,0.5,-0.5
q5ObXD81QZ8,1,-1,-1,-0.5
1iNwAWeQs5I,1,,-1,1
vqaqoGgP6RI,-1,,,-0.5
eEyU-OBAzfI,-1,,-1,0.5
7I0uhXIJ_OY,+0.5,,,-0.5
RGJvPlVzULw,-1,,-1,-1
2YqrEffKQAE,,,,
oDx3xhaHyDo,+0.5,,-1,
G1e7qy51IiA,,,,
U1eSvhBAnTQ,0.5,,-1,0.5
SKV-SA7xiRA,0,,-1,-0.5
ht8E_DT3y_o,-1,,,-0.5
UJ6dFCQaiVQ,-0.5,,-1,-0.5
D3PBX2ZxIYk,-1,,,0
dIzf_tUBxhE,-1,,,
rTxlc_Te6xI,-1,,,
RkDPYyJFmF8,,0,,0
xzIXDe5T5AQ,0.5,,-1,
N8N-mV7_uWk,0.5,,-1,-1
4tMdq9Ryyn0,1,,-1,
cIhWEvmf-Gs,1,,-1,-1
OY3IRjIHTsA,-1,0.5,,-1
dpkZir_TNeI,+0.5,,,-1
kqg0X1ck6r4,-1,,,
_MFPu0NH6ZY,-0.5,,-1,0.5
f-Xezp6CKE0,0,0.5,-1,-1
65NkLbJydOM,1,,-1,-1
Y9cJWMr1deE,-1,,-1,-1
r3pEKFcyWjU,1,,-1,1
I9BP8zVLkFA,-1,,-1,
eNjfjRjuG1o,,,-1,
4SJxzBu8n-A,-0.5,,-1,1
57NmWsx5Wuo,,,,-1
qCZGNlwPbgE,1,,,1
KI6C_8NNcJc,-0.5,,,-1
aVw6D4bbVzg,0,,,-1
SPnN1DG_6gk,1,,-1,-1
nNdGOz1OllI,-0.5,,,0.5
-jLXKOQ0Mw8,0.5,,,0.5
7yL8D1HDd0U,-0.5,,,1
44jIsEq6fBo,-1,,-1,1
YdG1Lv0cfiw,1,,-1,1
XJ3f3VuxCTo,-1,,,
iMgKQrEgPN8,-1,,-1,-1
eofClC-1kaw,-0.5,,-1,-0.5
Ku7hW4B43vE,0,,,-1
Cr4aa4jKwBc,-1,1,,-1
bIzAec5SqW8,-1,,,-1
T16W2zFXgN4,-0.5,,,
yMyVW14jPbM,-1,,-1,-0.5
v0ryOoCo5Cc,,,-1,
XfZHw4Zvan4,-1,1,,-1
rVSv7qw3BAU,-1,,,0.5
tT1Uz3trheo,-1,,-1,-0.5
2SbEnFvaG0c,0,,,
Og9p9NeM3qI,-0.5,,-0.5,
X3PAtjzKQG0,-1,1,,-1
LmrFZtmkqrI,-1,,,-0.5
7w4eF9_Rpco,-1,1,,-1
dpsbBcq_5fY,1,,,-1
H49KPxW8Mh4,-0.5,,-1,-0.5
_yZBRFpkjRE,,,,
fOI-JaHbnTI,-1,,-1,-0.5
VK3Z7I6Bmbs,,,,-1
4nEpdrdetKQ,-1,0.5,-1,-0.5
BVJDsm5ABwA,-1,0.8,-1,0.8
1PgxpREs-y4,-1,,,0.5
4U-RsyeYJzw,-1,,-1,0.5
ApAZy9z-30k,1,-1,-1,-1
cY3KKITRY5s,1,,-1,-1
xIcbZFcr-0k,,,,
fo5DUR4tobk,0.5,,,
KdsVjIc30NY,-1,,-0.5,1
E0o_CjMY_Z8,0.5,,,0.5
Rzc4vMWGua0,-1,0,-1,-1
KWzRKLqsJkg,-0.5,,,
DbhVvKuDtTg,1,,-1,1
F2cVwMxj3Ms,0.5,,-1,0.5
FuXgVt6pNHo,-0.5,,-0.5,-1
Rx_hypsFVqc,-1,,,-0.5
px8BH99cKPY,,,,-1
C__0HxDldEU,0,,,0.5
Oxn3gjPHWz0,-1,,,-0.5
xn8yk53o_dY,-1,,,-0.5
8sayUC_VqoQ,-0.5,,,-1
4CDG63Wg8bA,,,-1,0.5
EZzQtfrF4Sg,1,-0.5,-1,-0.5
s-30_Q4th2Y,,,-1,0.5
iVxoCUIuXrQ,-1,,,
mJSgxs1K4xo,-0.5,,-1,-0.5
wKf3L515TYc,0.5,,-1,
RoOI7UJ9VYA,0.5,0,-1,-1
wjoVUXv80Cs,1,,-1,
Wov0mSIMtus,0.5,,-1,1
v1f4gGjpQnM,-1,,,-0.5
YPX3XPHMDV8,-1,,,1
dmLQq9l5Hmg,-1,,,
8rL2JmqyNhk,-1,,-1,0.5
dndtbrNJozg,1,,-1,1
OTs1h7bDDnw,-0.5,,-0.5,-1
OhN7eYZJOUs,-1,,0,-0.5
PPr3qLCkRyE,,,-1,
CU-eXIOI69s,-1,0.5,-1,
YNIcFMYwI4U,-1,,0,-1
7zmb64YIjnA,-1,,,
X3ePMxv1LIE,-1,,,-1
r3vcoocEvFE,,,,-1
a4SoOLD_QOA,-0.5,,,
MXfRTN5ZDSE,1,,,0.5
mgcK7P3swBE,0,,-1,0
T0UOxucCc7c,0,,-1,
sVBPepScYb8,-1,,,1
5R6S03XlHak,1,0,-1,1
P00ORoUIysE,-1,,,-1
FhZFt_Wsfy8,0.5,,-1,-0.5
2TpkeMZfWaE,,,-1,1
fiFBiXXfa5E,-1,,,-1
3UxMtJS0bco,-1,,,
tpBnds_47fQ,-1,1,,-1
Iht8YWk-iT0,,,,-1
c00u011BrpQ,1,,,
SgvB4xS4GEY,-0.5,0,-1,
UUOIfUaBFEM,,,-1,
HYt_naVFv_Q,0,,-1,
GHP5vgtB5n0,-1,,,-1
Rvf1HX2jmds,-1,,,-0.5
Q7QV4Cbngxw,,-1,-1,1
jJ05lPOMNh0,0,,,
95bUIGJAfns,-1,,,-1
9bJSbv4OqOA,0.5,-0.5,-1,0.5
QHtf0hX5Dwc,-1,,-1,-1
v3wSldTHrmk,1,-1,-1,0.5
AdW6NlXv-4A,-1,,-1,-1
lXtPgZ7MXiA,-0.5,-1,-1,-1
K9rqCXXv4w8,-0.5,0.5,,
PnZEIpuUHZU,-1,,,0.5
2YW-VyCVIjU,-1,,-1,1
PC2-C__K2LQ,-0.5,,-1,0.5
62Es3mwUxn0,1,-0.5,,0.5
eJt0noRiKUs,-0.5,,,-0.5
km2O0mlH2BQ,1,,,
T9-EHV1Bavc,-1,,,-0.5
Mm5LnSpHzvo,0.5,,-1,0.5
HfgKjGSigGE,-0.5,,,
UglgfD8xC_U,-0.5,,-1,
C-qs-rkVVWM,-1,,,0.5
DLe2X6U7Qyg,-0.5,,,
G73VbyQ30RA,0.5,,-1,-0.5
Aphf2cflsYs,1,,-1,1
BufBTDvjQJA,-1,,,
RyxdW-ql9eo,0,-1,-1,-1
ISlZ_E49R7c,-1,,-1,1
u8inKrinhPE,0.5,,-1,-1
zIXiCmxJWkY,-1,,-1,
9t1ObHnaFTE,-1,,-1,
NRmNGuCSQtY,-1,,,
WegB8DjR28w,-1,,,-1
KQHH5I6bgso,-1,,,0.5
gB20J2UThYE,,-1,-1,
jZoBRKvO5nE,-1,0.5,-1,0.5
sQKKl2Uv7PE,1,,-1,1
wbNYiPmeMCA,0,,,
Xi-OL4SNIl4,-1,1,0,-1
Leh2VJd7DEc,0,,,0.5
nnwlmKnMfpI,-1,,-1,-0.5
B-cZQR8_Ce4,-1,,-1,
2e1CAJRBkaU,1,,-1,-0.5
tVtjclDUrlQ,0,-0.5,-1,-1
vJcNS2p3YyI,-0.5,,,-1
CjyeuZ4GJYw,,,,
4QYfdwOrVg0,0,,-1,
VuDpPAFKrmU,-0.5,,,-0.5
MnmkSY-_jjc,,,,-0.5
5PCDqiLtDz0,-1,,,-0.5
SiaHg6PyFEo,0,,-1,
qPaYY_F7qtk,-0.5,0.5,-1.0,-0.5
aPE-0K8vfJI,-0.5,,-1,0.5
Ry8CsjRIOcg,-1,,,-1
8jcuwSLY-Is,,,-1,1
cnsftn6LjoM,-0.5,,,-0.5
iDGu5Iy8_fo,,-1,-1,
Z2jpRe2ISng,-0.5,,-1,0.5
UMm-IL0Ch4I,-1,1,-1,-1
Ii_kyKgk8r8,0.5,-0.5,-1,
cmNVzhHNW-s,-0.5,,,0.5
QuFNvmGqjbA,-1,,,
-VzoWE1m-80,-0.5,0,-1,0.5
iCuIZ8ZNwjM,-0.5,,-1,
qogJjZaAf3Y,1,,-1,-1
ADXnOq2ES44,,,,
i9-Y3xlPv7w,0.5,0.5,-1,0
0zrYWaZhfHY,-1,,,-1
qF3hNRODJT4,,,,-1
oswucx2mZ0c,-0.5,,-1,0.5
4iYt0E5ZE4g,1,,-1,-1
HRxDJVCAO48,-1,,-1,1
7iu6fZpPogM,-0.5,,,
jOaYEOIMGvU,,,-1,
HeDdhcp2a4k,1,,-1,
q-wvrCYrcfI,-0.5,,,
yHFMVNojcMU,-1,0.5,,-0.5
dyEzKQijmA8,0,,,0.5
H51BVWqa2iw,0,,-1,
qQj1aEa_C6A,1,,-0.5,
3LSbOX64nKQ,-0.5,,-1,0
H_SPZMtjPak,1,,-1,-1
Lcg5Rr83TDs,,,,-0.5
nTxQ_zmUwws,-1,1,,1
71k51iGxyGg,-1,,-1,0.5
TtQ1m6IoeKI,-1,,-1,1
U4DJMLDrHlc,-0.5,,-1,
O_6GCdd125Q,-1,,-1,1
SorQ_Q85ly8,,,,
hUlsdxJO1a0,,,,0.5
XVdh6tIt8I4,-1,,-1,-0.5
ofU1hATwLoc,1,,-1,1
3DRuwp5iovU,,-0.5,-1,-1
Cd0K3rCgAXg,-0.5,,,0.5
N6uoXRItv3U,-1,,,-1
sOQ1NcolTFc,,,-1,
1sU9uq8rG9k,-0.5,,-1,0.5
Uj0ggxnb3rs,-1,,,-1
CcQzxE5fe9Y,-1,,0.5,-1
9QrFxUA8SNw,-1,1,,-1
nZpwUE0KdFA,1,,-1,
f6C6M-oYSHQ,,,,
90efJwa-yQI,0.5,,-1,1
qL-oY9Vg_m4,,,,
4H6LJ3FOs1k,0.5,,-1,0.5
2dnDckqp_D4,0,,-1,
mLFBYDZu2e0,-1,,,-1
hlyvlwQ7Kyw,-1,1,,-1
zLwIxAZaQTA,,,-1,
LNs5uC8tQbc,-1,0.5,,
rPWzfRlJB4U,1,,,1
9IlUmPHQvSU,-1,,,-1
ZJLQT4RYGiM,0.5,,-1,
FrZx7T2dAJU,-1,,,-1
sa8yL05hRDE,-1,,0.5,-1
snjMqUaJf3g,-0.5,,,-0.5
21wxH_p1hzk,-0.5,0.5,-1,-0.5
TAeDOLdjwhI,1,,,-1
48JpapINHNQ,0,,-1,0.5
_U0SocXsBMs,-1,,-1,
FnlrQqwiXF4,-0.5,,-1,
CoARLcA0ht4,0.5,0,-1,-0.5
lNxZwG9oGkk,-0.5,,-1,
33YKz6s37xw,-1,,,
kIoQkNzFi8U,-1,0.5,-1,-0.5
BHifBYzIwho,0.5,,-1,1
PzsoqZjmdrs,-1,,,-0.5
093UKOTIPYc,-1,,-1,-1
g4skp6JGIeY,-1,,,-0.5
rjoYPI0hSDk,-0.5,0,-1,0
5g9mzwqaiWs,,,,
JvG6lf9Usws,-1,,-1,
algfDUkpUpY,0.5,0.5,-1,
GHdLgBCBZqw,-1,,-1,
-suSYFN0bIA,1,-1,-1,0.5
XgGD6xZlnmU,,,-1,
hhB3W36O-UY,,,-1,
KQ0heH-_z7U,0.5,,,
CkVZAye_XGc,1,,-1,-0.5
Fy9jZEVDHAs,0.5,,-1,0.5
4mQae6etzYk,0.5,,-1,
ggwAI-YGxsA,0,,-1,
XvkL8Guf2tM,-1,,-1,-1
v1bqaQWKKlg,,,,-1
hmF8YH2gz5Y,-1,,0.5,1
WhQzdR78dh8,-1,0.5,,
EXMdxaYI9fo,0.5,,-1,0.5
71Ae70tkLeU,,,,0.5
Aj4_CDdJJiA,,,,
jNl_c0uZIFk,-0.5,,,-0.5
_9Pyd41RdEc,0.5,,-1,0.5
YEybKhOmly4,0.5,,-1,0.5
hr-2GnWqc90,,,-1,
jcD-xCkJn80,-1,,,-0.5
1-JHu3Ufpu0,-1,-1,-1,-1
dC18fdnsuG8,0,,-1,
99ofedmJBiM,-1,,,-1
Yhhd8b4aTLo,-0.5,,,0.5
vi2g6RPQGM4,,+0.5,,-0.5
ABBifVngwtU,0.5,,-1,0
VWPdLuXxRpM,,,,-1
9CIxMkaNSDY,-1,,,-0.5
hEk349_5pu4,-1,1,,-1
MzKIpFpPrVw,-1,,-1,0.5
P0yeOu6JXPA,,,-1,-0.5
HRshxSZIMCY,-0.5,-0.5,-1,0.5
30IW9VQtTmE,,,-1,0.5
sWZkfmkFLlM,-0.5,,-1,-0.5
UasRQLNBIRg,-0.5,,-1,0.5
8iOpzlcREVU,-0.5,,,0
YMRL8dwoEKc,-1,,,-1
fK9QMaGyzBY,-1,,,
AeZZIsjIVBY,-1,0.5,-1,0
QQGkPVtpW_Q,-0.5,,-1,
-Y89n7v3vKw,-0.5,,-1,-1
QFDByNUXXK8,-1,,-1,
hhYnM9Vo7w4,-1.0,,-1.0,-0.5
2-kkmvdwqGs,-1,,,-1
1hUe9Y2dcts,0,,,0.5
2coTIk2YH1c,1,-1,-1,-1
nXBfwrUW56A,0.5,,-1,-1
X0Nkte0YhRY,-0.5,,-1,0.5
qncjAWjMr_0,1,0.5,-1,-1
l6L6gcUZIw4,,,,
5HQ6XUCLKGA,-1,,-1,0.5
dWTS8dvQ5cM,0.5,,-1,1
35uxtKmFewI,,,-1,0
QsN0PAdaXis,-1,,,
riMa9mXMRIg,-1,0.5,-1,0.5
ytHbNBPqrfo,-0.5,,-1,1
pEM42a5vlrE,-1,,,-0.5
ZszI3_x6q80,0,,,0
meQgyD5I37Q,-1,,-1,-0.5
ZpMWjKL5nsg,,,-1,
jKCJfXnbeLs,,,,0
3XkKljvw99k,-1,,,-1
L6TBKv4s0no,-1,,,-1
UOwsFMy-eZE,-0.5,,,-0.5
1oqxj0pHdDM,-0.5,-1,-1,-1
USc0xN3hlKI,-1,,,-1
B3fHg3WtRp0,1,,-1,
KlDUz6KTA4g,-1,,-1,-0.5
Eqh4PEqriTc,0.5,,-1,-1
EsvO3zLzngs,0,,-1,0
TKY-4pXcEsU,1,,-1,-0.5
qpp56jJmbas,1,,-1,1
CgHSqIaacRg,,,-1,-1
pIL4QLMv2n0,1,,-1,-1
kSeoaJFfvo8,-1,0.5,-1,
b1-ROarbKPA,,,,
Mf4MO-Wn2-U,,,,
eER9kmebxjQ,-0.5,,-1,-1
747g-vTtgm4,-1,1,,-1
HgSM_LegsH8,-1,,-1,0
eusFk8FLdEg,-1,1,,-1
Yqny2B2gQKM,,,-1,
O7vauzg3pDw,-0.5,0,-1,-0.5
pybsfEYLlkA,0.5,,-1,1
QcNPwHYcACM,1,,,0.5
Xtl-9USAtcg,,,,-0.5
ANjtxSkb_PA,,,-1,
y9AuisP8mLk,0,0,-1,
qnB7yzd1-OQ,-1,1,-1,-1
wJQoDVDMz08,-1,,,
CjcovpF0TAo,-1,,-1,
70jguTIrYtA,-1,,-1,0.5
GUbb_YP2JQk,-1,,,
QOPmDIQJmjo,-1,,-1,
59-6ctBKzL8,-1,,,
bmfqYQTjpeM,-1,1,,-1
DPrLiQjx0AE,-0.5,null,-0.5,+0.5
H8afiwguOXE,,-1,-1,1
pzivMXNeN84,-1,,,-1
AVBp_A0S3Oc,-0.5,,,0.5
EyxqHgrfcfY,,,-1,
suQmWfLm_DI,,,,-0.5
0ce6a8sgLX8,,,,
ov7ym3sYW7Y,-0.5,,-1,
Vfas-jjZjl4,-0.5,,-0.5,1
qK2nS4Cwi-g,0,,0,
9zj5qDAFPBk,0,,-1,
FfP-Bfq6Hpw,-1,,-1,-1
5em67iHNAg4,-1,,,
soCelgOroWQ,,,-1,1
QP4OMH3L9WQ,0,,-1,1
VQgzqJ3ktPM,1,,-1,1
3sPcLlB0EAI,-0.5,,-1,-0.5
hq-IMWAp0kE,1,1,-1,0.5
yZ9r9ddXRSQ,1,,-1,-0.5
PfQyr55SArw,-1,,,
n3WHplH0wCQ,,,,0
09jY0zBTmwU,-1,1,-1,-0.5
_263s26RcX4,0.5,,-1,0.5
lxZ5iQwJRn8,,1,-1,-0.5
oeRhSU1Kje8,,,,
wOH63BbmNxY,0.5,-0.5,-1,
ji7O0oCrJ3U,,,,-1
-HLXsgvutA8,-1,,,0.5
wgEBkXbHj1M,-1,,-1,-0.5
RiZzw6vQs_M,-1,,,
TQomd2k0bwE,0.5,,-1,0.5
Ew17JNzXOmA,-1,,,0.5
Z4fB8RnjZHk,-0.5,,0.5,
x55s8CypAaQ,,-0.5,-1,1
A8ck1l0pQz0,-1,,,0.5
lKmb3FM6fSk,-1,,,-1
FMv8cZ8XQws,,,,
yEZctat7q30,-1,0.5,,1
vN4MsFyLndU,-1,,0.5,-1
Mf4OTEjt6sc,-1,,,-1
wVl4283nLmc,,,,
3d6iBoHQbz4,1,-1,-1,1
qn5QyiAY-SM,0.5,,-1,0.5
OMCMTN1UWtA,0.5,,-1,0.5
1-2SpLMaeo4,0,,,
lHpcBlYSwyk,+1,,-1,0
IJgS_V9Zhpc,1,,-1,1
vWSMqZ3JZQk,-1,,,1
1w5NHey3lzc,-1,,,0.5
AoWus3gKvqk,-0.5,,-1,-0.5
GDbWbr8GE_8,-0.5,,-1,0.5
8ND94ZXDKPA,-0.5,,-1,-0.5
BTc3wj4WyIU,-1,,-1,
J5ykt5Xwe8s,0.5,,,0.5
UkMFVgpnTwY,,,-1,
auvatNtOSSI,,,,
R-u0z2kglis,0.5,,,0.5
sj6GeDrQ09Y,-1,0.5,-1,0.5
9lFdV9d3BMw,-1,1,,-0.5
V2RQMf6asVg,1,0,-1,-0.5
zZGeo6a-uxk,-0.5,,,
wNZhZrTrpbg,0.5,,-1,-0.5
D5DU7yA1xyk,1,,-1,-1
7XYy_9EbpjQ,-0.5,,,-0.5
DgCqdIZB2KQ,-0.5,,-0.5,-1
ladcmJQxgiQ,0.5,,-1,1
_HRGV2m-BTY,0.5,,-1,0.5
H2z7j5W7a_0,-1,0.5,,
ogRqlb6hHMQ,-1,,,-1
gBYaFbYj4NY,-0.5,,-1,
oXx_PKAcY3Y,,,,1
yv_Gdh0Zpbc,1,-1,-1,-1
qxwpAbH4OCQ,-1,,,
_BJZFtUoZwo,-0.5,,-1,
mRvhFzOq2eA,-0.5,,,0.5
CBiNyw1d2Pg,-1,,-1,
Dj0RHhKUA2s,-1,,,
WhuHcMofLzg,-1,,,-1
WO73H1_Ktus,-1,,-1,-1
LCIQplTxQY4,0.5,,,0.5
kVfl7GyGYfM,0,,-0.5,
3PXXdM-mJqE,-1,0.5,,
crt7R9MnKP0,-0.5,,-1,-1
AoAFiF7JvcM,-1,,,-1
sHywwfBG8nA,1,,-1,0.5
rjEh1SRVv_Q,-1,,0,
KHnvi3M_yoo,1,,-1,
x51aUm-Hd6o,-1,,-1,0
ABOhFGIGrh8,1,,,1
KkfzWa0_6N8,-1,,,0.5
iOjlJbVv89s,0.5,,,0.5
kdCLt3BYyNY,-0.5,,,0.5
yX22Y0BhScU,0.5,,-1,-0.5
NxZ3szJdy80,,-0.5,,-1
ZykGloO0Tyw,-1,,-1,0.5
0RAxXYVyBvA,0.5,-0.5,-1,
UDW3XPKlZUc,-0.5,1,-1,-1
Z5zuUCHunBo,1,-0.5,-1,
bhY-gojvpWI,0.5,-0.5,-1,-1
94gZzhzq_T4,-1,,-1,0.5
kKJ-GcF4jBY,0,,-1,
Ygnpw54E2pw,0.5,,-1,0.5
fkatKreDhp8,,,-1,-1
gGJB2PfzdNA,-1,-0.5,-1,-1
jK7na4lLm7A,0,,,0
euVLzPY5Fjw,-0.5,,,
C454vzoWQRo,1,,-1,
itoRkb_nwLs,1,,-1,
y4Z-9VWtvqM,1,,,
Z4iGiFTbrKQ,0.5,,,0.5
_8a13oWq00A,1,,-1,1
UAhAD7vXrdo,-1,,-1,-1
q761LhU42aY,1,-1,-1,-0.5
dqRik8BK16g,-1,,,
Hz_aU9-lc28,1,,-1,
CocGUZQ080I,-0.5,,,
AGxleLrQkxw,-0.5,,,0
2HQWcnivfeM,,,,
_Ap6SHbu33g,-1,,,-1
jmnLCi6fSwM,-0.5,,-1,
rNul6qtJvsA,-1,,,0
DwRxG2EY5MQ,-1,1,-1,-1
x9p3ZwKtbFw,0.5,,,-0.5
Fe976dzGbvE,-1,,,-1
-DSXx5z6y0A,,-1,-1,-1
rra7Hw2XIEc,,,,
PQrxvVstjjM,0,,,0
NI9PjaMbzOU,,,,-1
y0w1kr2O_x8,-0.5,,,1
R1tS5nXPuis,0.5,,-1,0.5
EfFWcGi357E,1,-0.5,-1,-1
tZvAn5EjYFc,-0.5,-1,-1,-1
h6l4HCTU5RM,-0.5,,-1,-0.5
qb4udXPtvIY,0,-1,-1,-0.5
rusl4w5UPJc,0.5,,,0.5
2iJlmNetaxU,-1,,-1,0.5
MdZUkFCiDa8,0,,-1,-1
aT6NKQHRfPU,-1,,,1
1299xbb3e_Q,,,-1,-1
OV28MH9o9ak,0.5,,,1
kxYKOervlU4,-0.5,,,
72mGLlNO3u0,0,0.5,-1,1
14NMogI3iNY,-1,,-1,-1
ulK88vcgaB8,-1,,,-1
jJTu3NKPLho,0.5,,-1,0.5
ZIJcpaqoll8,0,,-0.5,
9hfZB_TURR4,-1,,-1,-1
dU2IVRKr5CA,1,,-0.5,-1
kP7v52nn3UI,-1,1,,-1
UMmF34OMiSE,0,,-1,0.5
FPvXDYjXQU0,0.5,,-1,0.5
RuvQ9M24N7A,,0.5,-1,0.5
aG_syluVZ2M,1,,,-0.5
K9BzbHz-U0c,-1,0.5,,-0.5
av2xR_DUPEU,-0.5,,,-0.5
d9N43SiFc78,,,-1,-1
inFZWP77eU0,0.5,,,0
Su_O_Yc8vPo,-1,,,
J51jM4O9jbI,-0.5,,-1,-1
LfrBIfXgLl4,0.5,,,
T8ww1NLv5PU,1,-0.5,-1,-0.5
KUyMBqS1H3I,-1,,-1,-1
63ZOD2aKHfE,-0.5,,-1,
N7rjSb9Vai8,0.5,,,0.5
nmEsbam-EgY,-1,0.5,-1,
igm6Av3Kj4w,-1,,,
GYmDayvifWI,-0.5,,-1,0.5
pkzLLVDl6HU,-0.5,,-1,0.5
npKdAAQPstY,-0.5,,-1,-1
Mu8pOmCPQcA,-0.5,,,-1
lPWqXhxhBT0,-0.5,,-1,
UyNtcrtBQaY,-1,,-1,
0o4T7SzXBiw,1,,-1,0.5
J0jlyUvLH44,-0.5,,,-0.5
3q67eJKmiv4,-0.5,,,-1
WAEXr5J_G6E,-0.5,,,
dwqFmV3puBQ,0.5,,,0.5
UtZZsVyoN6E,0.5,,-1,-0.5
QAVfuwou9IE,0,,,
b9FwdhXQEvo,0.5,0.5,-1,1
uPShMaurKos,-0.5,1,-1,1
GMFaPd-EOwg,-1,1,,-1
zvfhQE_MbeI,0,,-1,-0.5
DBp9nKECTLI,1,,-1,1
ni7KhNYql5o,-1,-0.5,-1,-1
NQQRpthbhZw,0.5,,-1,1
lsp-I29a8uA,0.5,,,
WU7faWfPLo4,+0.5,,-1,0
mKubLRqvkbc,-0.5,,,
VCZgwrXn1mc,0,0,-1,
v82Ge-8YqQE,0.5,,0.5,
bz8yROTCV0k,-1,,,0
UDj9IYBBDW8,0.5,,-1,1
sw3UjIkQOKI,0,,,
6kuoV-oSPpY,0,,-1,
3bnm-4MKYaY,-1,,-1,-0.5
eryEA-_yEho,0,1,-1,
AKbR9lvSl1Y,0.5,-1,-1,-0.5
0h0RdRKxm9w,1,,-1,-1
O-d0dsJHXbE,-0.5,,,
lFu_LgFQGTw,-0.5,,,-1
BdsdXMa-k1M,-0.5,,,-1
chvb8Pwud18,,,-1,1
ycJMGpvcsEg,-1,,-1,0.5
Py2iEmWj2uA,,,-1,
7-6YQsf_xco,-1,,,-1
-b2MhD3CxbU,0.5,,-1,
7ldZFLTPkuM,,,,-1
pDwzAp5C6dM,-1,,,0.5
oOrIENJ2UTs,1,,,-0.5
nGKZrsCWYgU,-0.5,,-1,1
4tanUUiusd0,,,,-1
pxPdW1T4Lx4,-1,,,-1
hi1koDT0ljo,,,,
RsZEJcBD0j8,,,,-1
KzyEZkHf2Pk,0.5,null,-1,-1
CGm69S36ioQ,-1,,,-1
evbrQmVXeJg,1,,-1,-0.5
AdOSYbuPQds,-1,,-1,-1
qBj1-4VnpmI,0,,,-0.5
Hju_Xko885k,-1,1,0.5,-1
5N9AEazNgZA,0.5,,-1,
b_plYnB8-8I,0.5,,,
tZ9ItOVokFw,-1,,,
BZj6YxUeAsA,-1,1,,-1
oLY_i7emJzA,-1,,-1,
tsYiP9s1J2E,-1,,-1,0.5
ZjQlnGQ0n4c,-1,,,
1-gMKVpvXLQ,-1,,0,-1
O4SYwvj6s-0,0.5,,-1,0.5
nov8WH98GxU,1,,,0
g7SAq0s6AjM,1,-1,-1,-0.5
vOau7-FpM_Y,0,0,0,-0.5
9sevu9JJiWY,1,,,
0IMJuLu--vw,0.5,,,0
H5orjg72h14,-1,1,-0.5,-1
_qOPLUS_9XU,-1,,-1,0
HNHRR6UFnww,-0.5,,-1,0
m01FmZIpIMU,1,-0.5,-1,-0.5
dsRQ78G-t9A,-0.5,,-1,0.5
OyCefUYfz58,0,,-1,-1
wC03YlsiyyA,-1,,,0.5
aY0H23EeeLE,,,-1,
8VlLvA6p008,-0.5,,-1,1
cOb4YuJhCQg,0,,-1,
_q6iGE3YAsY,0.5,,-1,0.5
ej6vbSWBzho,-1,0.5,-1,-0.5
V_h6Gvty7mo,-0.5,,0,0
HrQImXIWjNc,,,-1,0.5
o-aU2IM-Lr8,-0.5,,-1,-1
_GPbVcBDZao,,,-1,
FaWvURLc1eM,-1,0.5,,-0.5
5x_Kd2eWpYA,-1,,,0
BiqirApeosw,-1,,,-1
pbox7LVhtsA,1,,,0.5
mW7XY1BrO0o,,,,
P58QVyf5WIU,-0.5,,,-1
Gls2qp-LYtk,,,-1,1
BE_cUyngAy0,1,,,
FEY2y3W4GFQ,0.5,,-1,
dUmm0yZ30Z0,,,,
NhakZp2AqL0,-1,0.5,-1,
7N2JR8-qsRM,,,,
bDIUjO_l0dg,-1,,,-1
58oA-hCiQ2s,0,,-1,
IoxzSnAv050,-0.5,,-1,0.5
H7iTXatR4L0,-1,,-1,0.5
EC7hIJcU_tU,0,,-1,1
snv1_tmKyeU,,,,
PbAXGLv9HZg,-1,,-0.5,0.5
4kIi3klbo1Y,-0.5,,-1,1
yBpr8tpmPOo,0.5,-0.5,-1,-0.5
VIORMz1QKGY,,,,-1
eWVeU18g19o,0.5,,-1,0.5
AAq0udoquBU,-1,,-1,-0.5
CSZK6gtkADI,-1,,,-1
ZOzp0By1Bmg,,,,
rTy_9IxxXqo,0.5,,-1,-0.5
eQlfJivGGZA,0.5,,-1,0.5
oyQxs5c-KoQ,,-1,,0.5
070rJdNNZaU,-1,,,
3aVTCqKIt_c,-0.5,,-1,
hWSU1xWrtkw,1,-0.5,-1,-1
NIA_zY_2538,-1,,1,0.5
jjpMC-9CC6Y,,,,
u966ZDGddb4,,,-1,1
G8qVISe5kG4,0.5,,-0.5,0.5
R701b1rUAMM,-0.5,,,0.5
RaRfevqXuUo,-0.5,,-1,1
85_3XBq87GA,,,,-1
u6nY8sfx_yA,,,,-1
JXk_eEQlU-I,,,-1,
RqnoqybPxpo,-1,0,-1,-1
ge5pBR6_5G8,0,,-1,
BKgGi2x4CiY,-0.5,,,0
UCVGBO5jhq0,-0.5,,,-0.5
19lqhzQind0,-1,1,-1,-0.5
l8nD94bb-Rs,1,,0,-1
I0AEjOMzI88,-1,0,-1,
30iysUV5MUE,1,,-1,1
lVwdQih8Msw,-1,-1,,-1
N5mtJY7GJVY,-1,,-1,-1
qtoYMSANJHE,-1,1,,-0.5
xOZSaOLEpL4,-1,,,1
34tNt2oFnf4,,,,
DMRu77LX-qs,0.5,,-1,0.5
OXsuBU8tC8g,-1,,,-1
Xfz9gFr3BtU,-0.5,,-1,-0.5
qgSHrF4nKK8,-1,,0,
7jc2anEmLn0,-1,,,0
zeInZ-MRTn8,,,,-1
bE_L6joN_oo,,,,
NvQYNcHhj7c,1,,-1,1
D3R4VbgFawM,-0.5,,-1,1
ikb7jAN3Phk,-1,1,1,-1
ix93ojZfVCI,,,,-1
MUP2waBES30,-0.5,,-1,0.5
ihq79iHsYSg,,,,
E0hPyRGo1gs,-1,,-1,-1
cXTwWSOtd0Q,-1,,-1,0.5
rDZDh9dbljQ,-1,,,-0.5
Z3VeYvFLGsU,-1,,-1,
yWcATc_-hFc,-1,,-0.5,-1
hnAxNlDFiAQ,,-1,-1,-1
eO2IRIE01s4,0,,,-1
XuRde-_opVo,-1,,,
wTrgmy69ZaM,-0.5,,-1,
zdxQW1y2kCs,-0.5,,-1,-0.5
2pcKCpHr3qg,-0.5,,0,
ycHC9Agax-I,+1,,,
aPBB6C231UU,-1,,-1,
vwoCR1Szy0g,-1,,-0.5,-1
IfBOzePpOhs,,,-1,
CPMRKxReVcQ,-0.5,,-1,0.5
hC4tLsG1ufU,-0.5,1,-1,1
asEdQcPLisQ,-0.5,,-1,1
dnhJ5Ixk800,0,,-1,0
6MzhhOpi_2s,-1,0.5,0.5,-0.5
o--SHaW0Pkg,-1,,,
VINHUpZkajQ,-1,0.5,-1,-1
-aWOAWkzFos,-1,,,-1
JKQLGrEvwiE,-1,,,0.5
Lfud-POYxq8,-1,,-1,-0.5
NMS1kpp-OEw,1,,-1,-0.5
vZSwrEQayXE,-0.5,,,0
RL-D0k0XPz4,-1,,-1,-1
qGlS3oKx5Gw,0,,-1,1
EhBmPwy0CQk,-1,0,-1,-0.5
SrRorBWr000,-1,0.5,,1
KTpmmcjc_WQ,,,-1,1
PNPAhiGX2H0,1,,-1,0.5
d4KYVYDIB4I,0,,-1,
80ugWF1n948,-0.5,-0.5,-1,
ebHhdhF7C1A,-1,,,-0.5
ddLoOuVrEnc,-1,0.5,,-1
sYicv-HtneY,1,,-1,-1
Vk56V_8w0U0,-1,,,-1
tM6AR8PIZ-k,-1,,,
kOtyZCYbuUM,1,,-1,-1
ea95mGnM2CA,0.5,,,0
k4VDhTkk9bI,-1,,-1,-1
4E_hj_zlyNo,-1,-1,0,-0.5
VRU4WvnwSHc,-0.5,,,1
tyhr4bHFv-k,,,,
sxxJdLxG2cA,-0.5,,-1,0.5
dPu6aAtkO5I,0,,-1,
0AXJwuNID_w,,,-1,-1
CzgrdeqS00Y,0.5,,-1,
mD5Qj3BhVAo,-0.5,,,0
RCb6uRHC1aQ,,,,-0.5
FY9HObhKcm0,-1,,,-1
iG5qk7wWNvs,,,,-0.5
smJRY4pmvOE,-1,0.5,,
rPtYDjPLwi4,-1,,,-1
hYl1YYxfBGQ,-1,,,0.5
ARKt9VndsLk,-1,,-1,1
idEatEtkU4o,0,,-1,
7wf-J1SC5dc,1,-1,-1,-1
rvPmh3OU2V0,-1,1,,-1
1a1-1LdSd7M,-0.5,,,
K75p1ZdrPes,1,,-1,
1yXihfpYVRE,-1,,-1,1
ieavrkpGq7o,-0.5,,,-1
tBXSDTjNgEQ,-1,,-1,-0.5
M6HGmjRt5zU,0.5,,-1,
QUtKZb7d_SY,-1,,,
SqB5WXT8SSQ,-0.5,,,0.5
gmPqZkpM2wo,,,,
HQ4Yfo1IMAg,-0.5,,-1,0.5
B9d5v--n47c,-0.5,,-1,0.5
adq3Jfm6K6A,0.5,,,-0.5
eoqRnbnuQx8,-0.5,,,-0.5
OPrOhC-P0tM,,,-1,-0.5
ggeMP1rA3Bo,-1,,-1,-1
dEpG4tdFHdg,-0.5,1,-1,0.5
cXL4KVc-lec,0.5,,-1,1
eOdsYgJRahk,-1,,-1,1
2SO0jx5Wt3U,-1,0.5,0.5,-1
Hkh8knoAmtg,1,,-1,-0.5
W2W-55InlRI,-0.5,,-1,
I-eiJ91jifo,,,,-1
3eSy7ZN8ImU,-0.5,1,-1,0.5
6FlPHpCEwL8,-0.5,,,-0.5
UHP2o2LUU1Y,-1,,,-1
ThWhd0ZZ58E,-1,,-1,-0.5
VOeg6EziXmw,,,-1,
uPKGjGfCjII,-1,,-1,1
aw8Afmu533Y,-1,1,,-0.5
gnyyeXYTszY,-1,,,
mkBuvZGPWW4,-1,,-1,0.5
aqFQo7kScqo,,0.5,-1,0.5
l5Hr5Vvpqww,1,,-1,1
aIOetwJnPsc,-1,1,,-1
Dyj2FRh1NG4,-0.5,,,-1
1kUXrqKQ8Qc,-0.5,1,,
swsy3CiIPIU,-1,,0.5,-0.5
7mdReP_6dIU,,,,-1
hrhI0VwZXfM,0.5,,0.5,0.5
g_-1sowQFsg,,,,1
TAMgSeJUXXc,-0.5,,,-1
ZAZ0rMfRbiM,,,,
qcY5MhOLY6E,,,-1,1
FhBHY8M31aM,0,-0.5,,
xzvqo2wcPCY,1,,-1,-1
wsxVFa2g0u0,0.5,,,-1
q9QEv34_x-k,-1,,-1,-0.5
aiMJGc2t4BI,-1,,-1,-1
lkNJULarRRc,-1,,-1,
1ysi54wSvfU,-0.5,-1,-1,1
Vsdpao689Wc,1,,-1,1
ISD5Q2hBXts,-1,,-1,0
197HF0aSPA0,-1,,,0
V_zoVqlPkPQ,-1,,,-1
sXLDy2d1Bko,-0.5,,-1,0.5
HrIjZCnpqIA,0,,,
Z8vWOPTpUmM,1,,,
9ReVHDk6nrY,,,-1,0.5
jUvCLpsx-yc,-1,-0.5,,
U19pNuDPCTs,0.5,,,
GcrgK2e0OV4,-1,,,-1
g77Rz9Ktkys,1,,-1,0.5
K6-B7JBLN_I,1,,-1,-1
vn6_rR-drHU,-1,,,
KmTiTWRyUQ8,,,,
G4mItWj6mD4,0.5,,-1,0.5
mX0YlDFSbw8,-1,,,-1
1JsIKZ71QUs,-0.5,,-1,1
Ltns8mQ3Jho,,,,-1
MtrZI6AEUQE,1,,-1,-1
PE3lhpYdLpQ,-0.5,,,
LjdScb9iEqY,-1,1,-1,-1
ZqIC9LdRNG8,0.5,,,-1
pgiCXdTPqKY,,,,-0.5
1J0AnFrJ_N8,-0.5,,0.5,
RxoSfe-x1vc,-1,,-1,
w5-FcvcId9s,-1,,,-1
xpciPgUd15Y,-0.5,,,
R94hUD2d89c,-1,,,-1
22Yf4ri5Cm0,-1,,,-1
H0l68zQu-iU,-1,,,
cuzLihkJc-0,0.5,,,-1
42aCQnlUGnI,0,,,-0.5
tyS1fisETes,0.5,,-1,0.5
1qTXgv7RVFE,0,,-1,1
_P655wWft6g,,,,
6i_YkU_w1K4,-1,,-1,
ZZzH7NEq_Ro,,,,-0.5
mJj4f9u_HrM,1,,-1,-0.5
cvTW31Dw_tc,-1,,,-1
wJNOK1z6Z1g,-1,,-0.5,-1
Xv2iv3SpqHI,-1,,,0.5
rOchLMLQ_V0,-1,,,-1
Y6kql_Q7h4g,-0.5,,,0
_AatKRNyno4,,,-0.5,
7A1QRhwT77Y,-1,,,-1
7o_i3Yt3VdU,-1,,,0.5
_GN5J6mJHak,-1,,-1,
bX8r-y5OLS0,1,,,-0.5
K95DhMbnMts,-0.5,-1,-1,-1
QtYTS1XvMIw,-0.5,,-1,-0.5
3EGhkCfjVpg,-1,,,-0.5
OQKZ6sRFbjA,-0.5,0.5,-1,-0.5
FFC0zDzc51c,-1,null,null,-1
tY3o6_NMxPc,-0.5,,-1,
BDp_KoQMJVU,-1,0.5,1,-1
65kLG_HiXlY,1,,-1,0.5
ikwQ12ua6qg,0.5,-1,-1,-0.5
93IH_TYcA9c,-1,,,-1
jG8sLBuXf40,,,,
rW6zOtgLW3Y,0.5,0.5,-1,
XpiVHSU3hZc,1,,-1,-0.5
8s2H7l_IpUA,1,,-1,1
Re2mM75ESMA,-0.5,,-1,1
Wcptm7iCybE,0.5,,-1,0.5
wpGz8SBuXUw,,,,0.5
GVqVV_iC_A8,0,,-1,
Wm3xY5kvU54,-1,,,
V5ajMn2D6Ps,,,-1,
a3_PWXeQuns,-1,,,-1
sy0dnpeB-z4,-0.5,,-1,0.5
Gqe56WylKjU,-0.5,,,-1
7dq8dlG9ZBg,1,,,-1
7uUHwnxgi8I,-1,,,-1
c18UKV0kf2Y,1,,-1,0
UECJGUdT5qo,,,,+0.5
M82VbE6hvwA,-1,,,-1
eK8o_-9P48o,0.5,,-1,-1
P2wzPDlquGA,-1,,,0.5
f-EKze5Uuyc,,,,0
tqDrkdiFyS4,0.5,,,0.5
dEIAsin6mq8,-1,,,-1
X4HXXN5mDmI,-0.5,,-1,0
6ngns_xxQN0,1,,-1,-1
R5bT46zXTQo,,,,+0.5
rgeOd0s9Ok8,-0.5,,-1,
5a_Sj-8AuQs,-1,,,-0.5
HHO3WkAbwmQ,-0.5,1,-1,-0.5
Ngcp5_4_UIU,-1,1,,-1
BHXSLckx-Q0,,,,-1
Fc_vwR7yLiQ,,,-1,-0.5
EoJ2FCxv0M0,-1,,,-1
GzOLIaQMIPQ,,,,0
tRoN6Fia5nM,1,,-1,-1
5Xz4w3Pl0xc,0.5,,-1,-1
EPOWCVJ5Ss8,-1,1,-1,
uXvm1xwXUrg,-1,,-0.5,-0.5
IXwtWNln9ro,-0.5,,,-0.5
tZcUUgz31Hc,1,,-1,0.5
MY9oC_ag_q8,-0.5,,-1,
hpubnFWAhsU,-1,,,-1
uMuKXBhowrU,0,,-1,1
xFO53j-rjlg,-1,,-1,0
3VRqAXRVt-c,1,,,0
-uPakOZyq9M,,,,+1
zJW0rYltrBg,1,,-1,
CrmKYaBg_AI,-1,,,-1
itB2Aw0UUCg,-0.5,,-1,-1
bc2ZpNDl-JM,-1,0.5,-1,0
-gb6k99u2LU,-0.5,,-1,0.5
HsqoUamh-0c,,,,
pEmAwuCVFbo,-1,,-1,0.5
46K5OA3Ix6A,,,,
yaL6D6euzOk,-1,,,0.5
E1aIcTsw1Ek,-0.5,0.5,-1.0,-0.5
D3bt-toIDJ8,1,,,1
kpeeaVLlZL8,,,,-1
sryYRvaCMJw,0,,-1,0.5
6Meh1-Eabts,0,,,-0.5
BRzK_co8IZo,-0.5,,-1,0
9LGG-F5weNE,-1,,,-0.5
NoQeijXMG84,-0.5,,-1,0.5
yZKe_JwPPTI,0,,-1,0
InGpV-xqVbs,,,,
tlLXyzIVenw,-1,,-1,-0.5
uZdt1qyRzUs,-1,,,-1
AtSEptTmApU,-0.5,,-1,0
W-9YidLDSh8,-1,,,0.5
RUj-ltRmgoM,,,,-1
KPtDB-SM-GE,-0.5,,,-1
l-E0aBiHXr4,,,,
rMItBYWeRgE,0.5,1,,-1
X8AvBzwUK9w,-1,,,-0.5
Rdhni8JGDJY,,,,-1
j5cFyjnj0NU,,,,-1
osZYlOby2KM,0.5,,,
Hunkbg24MSU,0.5,,-1,
ItHwnP2sOaA,-1,,-1,-1
qxFj-jIXcus,,,,-1
99m19wyNr88,-1,1,-1,-0.5
GyrYEubFvF0,-1,,,-0.5
AALMgYG-I-w,1,-1,-1,
7T5bjF2B_mM,-1,,,
0W5d4tm2LNs,0,,-1,0.5
LDcMsoMvLRU,,,,-0.5
zABi_JG6KWk,-1,,,
4CQ1M3G6-Ok,1,-1,-1,
6ybD-JsTBeA,0,,-1,1
-zbjC3PE6zs,0,,,-0.5
Atbrpl8VWcg,-1,,-1,0.5
0nPWTLK6yyE,,,,
jBN924zCgSE,1,,-1,-1
fvMbJHASc5o,0,,,-0.5
znvD8nBN9Uw,-1,,-1,
dtYZ_92UijU,-1,,,-1
piSkhBrI4VE,-1,,-1,-0.5
9WKP3oxpJGY,0.5,,,0.5
wD5fcbVvoxg,1,,-1,0
PI0YIZLs7JY,,,,
xkGpiNcdop0,-1,0.5,-1,-0.5
veoRT52RZcI,-1,,,-0.5
dkyTQy6WSsU,,,-1,-1
xY3skqmoeXg,-1,,-1,
_j-x1mOKr9M,,,,
KV22UAimJd0,0,,-1,-0.5
rd6H0gLCKyo,-1,-0.5,-1,-0.5
toiXzehimbY,-1,,-0.5,-1
HHpbaHVl5rY,-1,,,-1
OvS4qszk9jU,-1,,,-1
oxLMSvOaZhw,-1,,,
-KWIN_nmJeU,-1,,-1,-0.5
vurT-aC0To4,-0.5,0.5,-1,-0.5
9FoRaXjK-vw,-1,,-1,1
kqSjc6dzMtI,0.5,-1,-1,-1
4x6VUugD1p4,0.5,,,0.5
r7C857anczQ,,,,-0.5
Zbs7LVtVbOA,-0.5,,-1,0.5
_jMjeqMrzAk,0,,,
yNbB2aQFM7M,-1,,-1,0.5
6TTFo5Gs9wU,-1,,-1,1
HP72dE-7o0g,-0.5,,,
EUQpnrc9_C0,-1,,,0.5
heUnikbP_hQ,0.5,,-1,1
FEaIc-rAcXs,-1,,-1,
Xwcuzq_uUl0,0,,-1,
YdUPcWP34lw,1,,-1,
-Fkt7oZ-KL8,-0.5,,-1,0
WJIu3h7k_7M,-0.5,,,-1
LVG8wZ3y5Pk,-0.5,,,0.5
VljNWn_lns4,-0.5,,-1,
v3ZNQxNLUzk,-1,1,,
uN3gZmjUxLU,,,-1,
5qdTDOzAZQk,0,,-1,
-nZG0O4OAP8,-0.5,,,-1
bHVWuIUfCXg,0,,-1,
VDqowDLsjog,,,-1,1
vc3y85NNnKM,0,,-1,
9VlNqBG8UzQ,-0.5,,-1,
xvVXDxy6dkA,-0.5,,,-1
yAYlc41veyc,-1,,,-1
v9AshREhH-U,,,-1,1
ipkt47KrNuI,0.5,,,1
_gVcsj8206g,-1,,,-0.5
TLEZBg8hPAQ,1,,-1,0.5
yDejoyz5fdw,-1,,,-1
TxGuSeGoHyM,-1,,-1,-1
ztjIWrvmF5s,0,,-1,1
tI-_iGOfivM,,,-1,
2mAqfecyacI,-0.5,,,0
9GhL8gBSiN0,-1,,,-1
716hGx4a06Y,,-1,-1,-1
sgSfkrZO6fM,1,-0.5,-1,-1
zBLli-nn9io,0,,-1,-0.5
SB19jjV4iGE,,,,
cviW0ORtIGU,1,,-1,-1
g3tV2d5fRRY,-0.5,,-1,
EWgvEj0Zw8Y,0,,0.5,0.5
pRvJhD2NA6A,-1,,,
GhwMFV-lllE,-1,0.5,-1,-1
h9ZF0f3ucZk,0,,-0.5,
l5RirFvYuyY,,,,0
b2j9gOxakpc,-1,,,-1
TuIoQYIQiMQ,,,,
Od0poAaD3Xg,-1,,,-1
v9OdNwIb_Lo,-0.5,,-1,-0.5
qe85g177GP8,,,,-1
wExOKxK4fiY,-1,,,-1
b764wfKuLJc,-1.0,0.5,-1.0,-1.0
dvOx2dfIwzY,-1,,,
NpLuUkGIJlQ,-1,,,
OnVX4kbriR4,-1,1,,1
QaNdi8suYW4,-1,,,-1
AOYDfZO-aCo,-1,,,-1
-lduw6ed1_o,1,,,1
Ri1JVcA9t7Y,1,,-1,1
T-E0elJmTek,-1,,,
rC_AXm_ZRLI,-1,1,-1,-1
aR1fMq74lsM,,,,
YXxQRFdawj0,-1,,,0.5
X6wZHbRhXRI,,,-1,-1
hKT6aWwer9s,-0.5,,,0.5
3xsa3IJPVao,-1,,-1,0.5
zuaxb-URvQU,0.5,1,-1,1
6XLQcCIZFAA,-0.5,,-1,0.5
yDqMg8nav8A,,,-1,1
IW4z9vHoWmQ,-0.5,,,0.5
H_F0jMxX7ZQ,-1,,,-1
WISaQ01izWo,0,,-0.5,0
ICXZzc7GkI8,0.5,,,-1
0NVqMaBr0Zs,-1,,,-1
k6e3UKzM73I,-1,,-1,0.5
i2xdYWmzkpU,-1,,,
WYsCCtPh4WA,-1,,,-1
Apodrpagcfs,-0.5,,,-0.5
1lEm1WUJi78,1,,,-1
o_JdzS2ysPE,-1,,-1,
BPs2dwAbM9M,-0.5,,,-1
XHXZagTkdnE,-1,,,-0.5
i319wwUR46s,-1,,,1
yGkTTx_UJV0,1,,,
uevHqBm8yws,,,,
Nl4FNEphloA,-1,,-0.5,
nHnTL0WHUN4,,,-1,
eUnIpcO7d94,,,,
9yif4pLxwcg,-1,,,-1
oqHAhqhLorM,-1,,,-1
Rk06noyG59M,-1,,,-1
aDS3ES_i6gY,,,,-1
o2mfCI6FSac,-1,,-0.5,0.5
8glhnj-l7TQ,-1,,,
p5cqO5jYJSg,-1,,-1,-1
EQWBTeqRntU,0,,,
xc1xIOm9Ymc,-1,,-1,-1
xfKkFRYA0a8,,,,-0.5
keYg9iLwjOA,0,,-1,1
32qsdiSt0_Q,-1,,,
2RNE53aPAFo,,,,1
Evc1BcLzo1c,-0.5,,,-0.5
U-rwpHWkzyg,0.5,,,-0.5
TFh6_wbX8f0,,,,
IWMiWaqN9NY,-0.5,,,-1
rIIT6Ztdkqs,,,-1,-1
-bXKvjrszvA,-1,,,0.5
KcWHfz8GI9s,1,,-1,-0.5
Hi700a9T_3E,0.5,,,1
FqR2BdeBMZ8,0,,0,
1VVnuAxMMFM,-1,,-1,0.5
eAIPsyS_I8g,,1,-1,-1
2WnwHi9BZWs,1,,-1,1
4O50nfHM0Es,,,,-0.5
CIT8nYGV1io,,,,
7gdsvzBV-IY,-0.5,,-1,0.5
Y6cnvN0t2_0,0,0,,0.5
zpggfxl91V4,-1,,-1,-0.5
_wU0-qDo0ws,0.5,,,0.5
nOiUtUkrAjI,-0.5,,,
IUmwYk8JZSE,-1,,-1,-1
ewhWb9DD0ww,-1,0.5,-1,-0.5
MOIPEDfrs9o,0,,-1,0.5
SOm5mxqGrSM,-1,0.5,-1,-1
5t5r9ORNFVo,,,-1,1
HiOX92uD0Is,,,,
facUUuYSoJo,1,,-1,-0.5
BEgN2JJKMTs,,,-1,-1
RcEjRbsAfQA,0.5,,-1,
AUlcYSpZjAs,-1,0.5,-1,0
ltIOi1T7NcU,0,,0,1
UArhfJxYJJ4,-1,,-0.5,0
-snwBJLqjSk,,,-1,
2dyS5dFLk4Y,-0.5,,-1,1
xemUEKy_1eY,0,,0,1
G171Dfmw9Qc,0,,,1
YAiUkIlkJEQ,1,,-1,
1pIiIKl41qk,1,,,0.5
v4ji-ZSPVrE,,,-1,0.5
ClrSmqBjzeg,-1,0.5,,-0.5
IZ3cV8A2ffo,-1,,-0.5,-1
WukRwgM58Qg,-0.5,,-1,
QAYdUZXrjhI,,,-1,1
0sVuuF-Rfa8,-0.5,,-1,
IlOxt20jGpo,0,,-1,
dfKo5v42VuU,-1,,-1,0.5
nvwzjwZLo_g,0.5,,-1,
w_8oIxJP_cM,-0.5,-0.5,-1,0.5
TaqFoQqbHXI,,+1,,-1
80BqfUKqCtk,0,,-1,
Hwzt47nBW5s,,-0.5,,
NUbugXPr_zY,-1,0.5,-1,-0.5
Uq3BzymFLqI,-1,,-1,
Rlw5OkfHzXI,-1,,-1,0.5
0j1hxAtlFIk,-0.5,,-1,
PMmhoL91OSY,,,,1
U9cE8hVQQNc,-0.5,,,0
_k7qbEYSJzU,-1,0.5,-1,-1
f-Y69qj6XZ0,1,,-1,-1
1l69XY5_QX8,1,,-1,-0.5
v7FmdYkrZ6E,-1,,-1,
twmGZf4SAOk,1,,-1,0.5
R4grht8yEiw,-1,1,,-1
PjDppbyV2Kg,1,-0.5,-1,-0.5
xA_Oi021YZU,-1,,-0.5,
uqYabDSMDC4,,,,0.5
4qxmutsahAQ,0,,-1,
549a4cL4__E,-1,,,-1
9lhlhCTd4CU,-0.5,,-1,
O3ZnQc89520,0.5,,-1,0
yCyoNdhqpRg,1,-0.5,-1,-0.5
24boMdLs2y8,-1,,0,
3HVacJftJpU,,,,1
9pqrvRb2Bn8,0.5,,-1,0.5
vvOJ6JXehmw,-0.5,,-1,
O_bn2Tef6yM,,,-1,
FtWs3Vy9YIQ,1,,,1
CLoRmmNYNss,-1,,-1,-1
4ZrPnN0Inng,,,,
e-pADRRq7hw,-1,,,0.5
rp0sYG4u7bE,1,,-1,-0.5
dLOUWC5cBXk,1,,-1,0.5
Ztw5Zz571Jo,-1,,,
XjGj24wLJKA,0,,-1,1
NvDZH-tlzHE,-1,,-1,-0.5
iIxlxgZAsJc,-1,-0.5,-1,0.5
ZpcOOIehM4M,0,,-0.5,
t7Q83fvrhoc,,,,
9SVxeXotHMY,,,,-1
bQu6jB7KRl4,-0.5,,-1,0.5
3kNBTzsbDEI,0.5,-0.5,-1,-0.5
eg6IFsqRGZ0,0,,-1,0.5
TWW4AKG7azI,0,,,-1
sukigyHK9zI,-1,,,-1
gKexIG7S97U,-0.5,,,1
-0hj32UU0Vo,,,,0
odDhDedv7v4,-1,,,-1
AN5wA4vJAzA,-1,0.5,-1,-0.5
Kw7d5Xvx9F0,0,,-1,
COG-qupeYSA,,,,
4a_K29VOvX4,0.5,,,1
zM0JZ2TLfaA,0.5,,-1,
UJcfWSopprI,0.5,1,-1,0.5
nvvf3AXtpU4,-0.5,,-1,
WMp-my8tbzY,-1,1,-1,-0.5
TUKNR5wGE1A,0.5,,-1,
_5wKOnmTTBg,0.5,,-1,-0.5
88tRvS0FnPA,-1,,-1,1
kPctB2oebn0,-0.5,,,-0.5
WXB2MhXKbes,1,,-1,-0.5
eRsHuxiWYqw,-1,,-0.5,-1
fBN6238dxpc,-0.5,,-1,0.5
VLNggSwpgcA,1,,-1,
kUP39wAj_yk,0.5,,,1
6gijpIUezRg,-1,,,
jWuLdPrKk5w,-1,1,,-1
ybkMvLw6rbI,0,,-1,
yoh4DyAG4DU,-1,,-1,0.5
H9KC05nlLhM,1,,-1,0
LJZkYs741W0,-0.5,,-0.5,
hQZG_QfSjU0,-1,,,-1
95p2bJIE1F4,0,,0,0.5
Cjs6Fo9Wb4s,,,-1,
cay1vfT1jlM,1,,-1,1
IpWY2pjdTf8,-1,,-0.5,-1
xBmk-L7iGn0,,,,-1
oM0MYj3GQtE,,,,-0.5
ngap487oBIE,-1,,-1,0.5
3Et0ulanUOo,-1,,,
uLMQmpbgCWE,-1,,,1
yrvOfzuKWVc,1,,-1,-0.5
vDATgF3qlwM,-1,,,
QC29StiX_KM,-0.5,,,
7_uFn30a13k,-0.5,,-1,-0.5
p7BTnYYWySs,,,,0
cCcRtzuEGpM,-0.5,,-1,-1
MtxStfDegBk,-1,,-1,
a8VDAsyG2nM,-1,,-1,0.5
hRDzg-gDnqE,0.5,,,-0.5
ioHtjU8hPEA,,,-1,
fe8FKGTpciQ,-0.5,,-1,
gKqUrta3SCQ,,-0.5,-1,
Xvg4HTJC_tA,,,-1,
LWRXZtj3z2g,-1,,0.5,-1
Gko3IYWzYh4,1,,-1,0
0KoZ3HRtFmA,-0.5,+0.5,-0.5,-0.5
_MSn9VA_CyY,-1,1,,-1
SVivL8gDn_Q,-1,1,,
8SLQQwK2K18,-0.5,0.5,-1,-0.5
XK-dhsLMOXQ,-1,,-1,0.5
x3u8niwagzQ,-0.5,,-1,1
xuQ_hhmWjz4,-1,,,-1
58wDNEIf0VQ,0.5,,-1,-0.5
z6XbIhKUkwc,0.5,,-1,
gqKh7bBlyPA,0,,0,0.5
E9MEpjEZPrY,1,,-1,
Q5eg6OiG8ck,0,,-1,
mRD37w7Bolo,-0.5,,,
3PDfv3zHWbE,-0.5,,-1,1
MNeBxxB9guw,0.5,,-1,0.5
IxD9FS6kD_E,1,,-1,-1
eQ1S--V__7k,-1,,-1,-1
qz8SmotG-PA,-1,,,
_G_291Uof1Q,-1,,,-1
ONR4JDJKCZk,-1,,,0.5
YE8uKdm88tQ,-1,,,-0.5
ZdVMceFHNsE,0,,-1,-1
_F7l4e01IJ8,-0.5,,,-1
qqg_iFEgwIk,,,,
-PrcrWzxzEg,-0.5,,-1,-1
iuUlu1I8Alg,-0.5,,-1,0.5
cPwRPnIhXr4,,1,-1,
1ix6nI7ZS7c,-0.5,,,
mS3SMmax3n4,-1,1,,
LcZnjyXNKcI,0,,-1,
VJNALpoOKfM,-0.5,,-1,1
7h1ocp1-coY,0.5,,-1,0.5
hKjiUnuVWAg,-1,,,-1
5UvrXLzjIg4,-0.5,,-1,0.5
A2V5GwgnI94,-1,,,
L2vyik-XSjg,-1,1,0.5,-1
_ID0uSwCksE,1,,-1,1
putthFzq4R4,1,,,-1
6URHBsYwadU,-1,,-0.5,-1
hvUa9-figug,-1,,,-0.5
jDOCqcLILRg,-1,,-1,-1
GTQ7QSzT1D8,,,-1,
OjuOUbUAZOo,0.5,,-1,0.5
U4uml0LaHfk,-1,,-1,-1
6CUWRUq5IJI,,,-1,-1
oENNmDl8Cvo,-0.5,,,0.5
u7OQy0Suy5c,-1,,-1,-1
CfrDPKa6O4U,-1,,,-1
92tDdRyK6lk,-1,0.5,,
I0RKVohgMT8,-1,,-1,-0.5
9iViDURaxLA,1,,-1,-0.5
ynK7dsvl_Fw,-1,1,0.5,-1
oInlSNIpwBw,-1,null,null,null
gBx0__GiaWc,-1,,-1,
L7M8w_-EQc8,-1,,,
Gut-Tho2vlI,0,,,0
zzllZLFaHfg,1,,-1,-1
hp0gOpDD9mA,0.5,,-1,1
1FPpCKmLZq0,,,,
4Qw7W4fUPt0,,,,
Pekb8DrqHv0,-0.5,,0,0
T4x1apWLfX0,-1,,,-1
oIEEsXVc-tc,0.5,0.5,-1,0.5
AAlQ8QxCRsg,-1,,,1
gagGYg4tEX0,,,,1
PkPNENWMIEQ,,,,1
L-ESdLA5U3s,0.5,,,0.5
7dRQD0ehSMU,-1,,,
BeM_scLK1ps,-1,-1,-1,
7iRKPLy62_c,-1,,-1,1
3sArfJ_4skU,-1,,,-1
P3QVqJrFV3M,+0.5,-1,-1,-1
opGEDztY54I,,,-1,1
wab1OOgVr8Y,-0.5,,-1,-1
5qHEpWlyPPM,1,,-1,
EaeRWf9fZJA,-1,,-1,
ktzLLjtBYKY,-1,,,-1
zpiWKjNZHt8,-1,1,,-1
U6K3FeE48b0,-0.5,,,-0.5
Do7by1SZ0mI,1,,,
0hZweZjCP10,-0.5,0.5,-1,-0.5
yreiojlt9YU,,,,-1
eEWlPRVmwuY,1,,-1,1
A44MjQtSKi0,0.5,,-1,0.5
aNGB5lEjnL8,-1,,-1,1
yjoQx5WpNVU,0.5,,-1,1
taKUU5l5uDY,1,,-1,-1
P43T9XhCph8,-0.5,0,,-1
YMGEugfPs9U,1,,-1,-0.5
oqrPdGyjWn4,-0.5,,,0.5
ROQRVubaJ4c,0,,,-0.5
-d65VDOrork,0,,-1,0.5
moX9uINDwW8,-1,,,1
fsz8Aa2LIX4,1,,-1,-0.5
UHczX5ve2V4,,,,
T37cM2Vocn4,1,,-1,0.5
DBXesIS4aP8,0,,,0
Ei11XASN1aQ,-1,,-1,-1
7Q3-0mMtOjk,0.5,-1,-1,-0.5
o9kAO6nE1QA,,,-1,1
5W6FFKQHtqg,0.5,,-1,
dFwDK6id_ag,1,,-1,
uVfCPIlzgZ4,1,,,-0.5
Vw8EYbdJY6Q,-1,0.5,,-0.5
nuPfec0NcP8,0.5,0.5,-1,-0.5
Zc70iRemjIg,0.5,,,
Q2Bj92H6pO8,,,,
333rt6aUVnE,-1,0.5,-0.5,-0.5
mL99ktyD-nI,-1,,-1,-1
GFFVbSihc-U,0,,-1,
_z_TimETC1I,-1,,,0.5
3f7UyK0NBYA,1,,-1,-1
DTj9lLpBWwA,-0.5,,,-1
iV36b2CJrQE,-0.5,,,-0.5
SpMD1CtlVbM,,,,
6l4pA0VC0tQ,1,,-1,0
rr8andncrAY,0.5,,,-0.5
dulOGcXo3Ls,,,-1,
2680ybw-1NU,1,,-1,-1
jihf2XIUpc4,,,-1,
n4g8C7Fjs88,,,-1,
0H3lQCJys8A,-1,,-1,1
TQ_0eHyHT4o,-1,,-0.5,-1
_UwZfdO2KLo,,,-1,
TMCDhsrRBgk,-0.5,,,0
WR9cxYGOzqw,,,-1,-1
qwku3xD6VY8,-1,,,-1
CoOrQLSLoyo,-1,,-1,1
o4ysS0SRWLI,-1,1,,-1
04XvCimsfdw,1,-1,-1,0.5
k4UilzW-lNU,-0.5,0,-1,-1
KJ7V0rmR2d0,0.5,,-1,0.5
yRlrzQOx1V0,1,,,
qmL3wYsktSo,0.5,,,-0.5
-xzyTP_vETE,-0.5,,-1,
dNi-0E75cN8,-0.5,,,
SnfxHhJ78mU,0.5,,-1,1
VqHafdSQerw,-1,,,0.5
vZZJebmdqZE,1,0.5,-1,-0.5
AOP6hxXmHWY,,,,
oH48GIiBmx4,-1,,-1,-1
lM1eQsIcOoA,0.5,0.5,-1,-0.5
r0S5On5d3XE,,-0.5,,0
rGTh9WMKyN4,-1,1,,-1
3D8a1YnSyjc,-1,,-1,-1
cf_w1-Wo07o,-0.5,0,-1,0.5
4-P-tFK0tJQ,-1,,,-1
KWIsYDLvNFE,-1,,-1,0.5
MrTUmfCphGk,1,,-1,1
NMtTU5wKY-I,0.5,,0.5,0.5
EqqNsczsRHI,0.5,,-1,-1
vGQZSCovBSo,,0.5,-1,1
OpC3u3H38TQ,1,1,-1,
2ESsFRyiiXw,-1,0.5,,1
BUPAZJxRsWI,-1,,,-1
aL98aj5maFQ,0,,-1,
23AleEEQZEw,0,0,-1,0.5
ImV68KctfeI,-1,,,-1
kPkkSPxCZYY,-0.5,,-1,
9SoPatFkpfY,,,-1,-0.5
MYgHQhXxvWs,-1,,,
4IHr527JnWk,0,,,-0.5
pXNifvCE1ng,0,,,0
ugqGPu86kgk,0.5,,-1,0
C5y3vPIrz0w,0.5,,-1,-1
WMkRZ0C5WUw,-0.5,,,
O_cYZYQdUIw,-0.5,1,-1,1
m0340yo_ImU,,,,
RqmkG-mWACM,1,,,0.5
tgwqZYi_JNI,-1,,-1,0.5
W_m6WMlHE5Y,0,,,0
Sil70KljpkA,-1,,,-1
9fBhpupPqqs,-0.5,,,0
2A77GINezrE,-0.5,,-1,
wJBsxbfRIRo,0,,-1,
HT4H8NumHCk,1,,-1,-1
Big9TdlamFg,1,,,0
6Gpfe9fGiqc,-1,,,-1
2d3z5CKd_BI,0.5,-0.5,-1,0.5
DtXtz2wqAIQ,-0.5,0.5,-1,
W7VX5hyGrNI,-0.5,-1,-1,-1
mjt2soXkOIU,-1,,,
X7n1g49_cm4,0.5,,,0
k9Xiq6uFTRg,0,,-1,
gbCx3EmQPCk,-0.5,,-1,0.5
sf_8AvflaHU,-0.5,,-1,-0.5
qnPy7thQrYE,-1,,-1,-1
MyHYXO0dr8o,0,,,0
1yfq7xGMKhI,-1,0,,-1
nOPnVTwEgxA,-0.5,,,1
ApJFTnKtYe8,-1,1,-1,0.5
4NnRj0ArOL8,,,,-0.5
P9APUvHsSFk,+0.5,null,null,-1
FgwWe2I7gis,-0.5,0,-1,-0.5
SCFXDBiYTWw,,,-1,1
ee5P4xJing0,1,-1,-1,-0.5
aRGnH0m99Oo,1,-1,-1,0
8NHir9VpAlk,,,-1,-1
gom6po69ZDM,-1,,-0.5,-0.5
Z7k7tLPkpRA,0,,-1,0
_U4nMpaVJGI,-1,,,
wsAospey8Pg,,,,
8ye0LEyDo2E,-1,,,
-l_efmBo7Rc,0.5,-0.5,-1,0.5
XrbpRANGqMY,-1,,-1,-1
OmEvdpN6MkE,-1,0.5,-1,1
122KkcUzn2w,0.5,,-1,-1
rxhxhn1WLVM,0.5,,-1,1
OuM2eJiZ6ho,1,,-1,1
BaRX3o3sl2E,,,,
S9UHD7lBPxg,-1,,,0.5
HHLOmrW64wE,,,-1,0.5
tLN8B-aZXlU,-1,1,-1,-1
DluUlYsQUy0,-1,,-1,
_4nVsDXu5nI,,,,
cVPnZMEPqT8,-0.5,,-1,
IlZ85QBWqCI,0.5,-0.5,-1,-1
_ClRqhS_K7I,0.5,,,-0.5
wpFqEv0XJlM,0,,-0.5,0.5
Kb9vdlaIOgk,0,,,0
oJO9LyZm__Y,-1,,-1,
mYuDeBU4UN0,,,-1,-1
0rdwCZuWkos,-1,0.5,-1,-1
jYvhE0u1kPg,0.5,-1,-1,1
j_DHXCjowP8,1,,-1,-1
zRqMmUtgPIw,0.5,,-1,
5_orYTtcouI,,,,
WHPNOaLbYXw,0,,-1,0.5
l5N3EdXYNFU,0,,-1,
cYj1oRDl9kQ,-0.5,,-1,1
zJzkEnnNGNs,-1,0,,-0.5
8beQKPZKsXk,,,,-1
txTBks0oe68,-0.5,0.5,-1,-1
nIANekb3dgk,-0.5,,-1,0
FQHyqYQCEJ0,-1,,,-0.5
_3OahpOYzB4,-1,,-1,
9Fg9OzCnZK8,1,,-1,0.5
LMqSsTHoWNI,-1,,,
_T8k2v77qv0,-1,0.5,,-1
G0GIWaqvdxc,0.5,,0.5,0.5
VrjXj2trWng,0,,-1,0.5
-J76h5sOE_o,0,,,-0.5
37UcrdlEHXY,0.5,,-1,0.5
R3bJ59Y81jo,0,,-1,
Kkm--fVzthM,-1,,-1,
B8QZmXIKNyE,-1,,,-1
-tx7jedTITc,,,,
0clg89yfRpc,-1,1,,-1
A5EgB26IYYw,-1,,-0.5,-0.5
8PO3EoD8d-g,1,-1,-1,-0.5
nLuWMLQol24,1,,-1,0.5
nzp6uAcycO4,,,,0.5
V-L4SUt5XUU,1,0.5,-1,1
Xyivk-rnq0I,1,,,1
l6hu2e5JTAQ,-1,,,-1
Pbq4ukDNv8w,-1,1,-0.5,-1
MIfDb4cVPr8,,1,,
hcVgnIxJmYU,1,,-1,
f2SKL0M4SG4,,,,-0.5
QTUATAlIRgs,,,,1
oskEVTyIjbc,-0.5,,-1,-0.5
RJSQTnYjReU,1,,,0.5
Hb_oFfV2aio,,,,
AwwxWxnXK-k,-1,,,-0.5
MO2HFl8cQFo,,,-1,
O0Isqb74fDs,-1,,,
t7uZIQTu9jQ,,1,,
AiiRCuwvc2I,-1,,,0
GVqMUosNfQw,-0.5,,-1,1
EkKSeFTfp6w,-0.5,,,-1
zUitQIvMX_0,1,,,-1
RFyrejOhuXQ,,,-1,1
tk8pDAM82ao,-1,,,-0.5
GRfOgqBdIao,0,,,
UkHS-OZ7glQ,-0.5,,,-0.5
55deKPchSeg,0,,-1,
09abmLr3unU,-0.5,,0.5,
iw4_9fNWf4k,0,,0,
Jd6ShQKtvLY,-1,,,-1
1o_QpdSX25w,0,,,0
BpmHIh-xLXk,-1,1,-1,-1
nbLfC3rb1LM,0.5,,-1,1
30ntMWoTQ9I,0.5,,-1,
5wmQnUZbkpc,1,,-1,1
pBck5lvJgpY,,,,-1
ItEYkRwc3kk,1,,-1,-0.5
-neomJz-dNo,-1,,,-1
lr_pnURyrgg,,,,
45ILACXBbUc,-1,1,-1,-0.5
bgtsJukrSiA,-1,,,-1
PGGvrB_9bGY,-1,,-1,
Nej6RrZY4FI,,,-1,1
Dc3jP6NpWdA,-1,,,-1
cdgYvftw1Nw,-1,,-1,-0.5
iJi000UbG_I,,,,0
zRt3oSMCQNI,1,,,-0.5
qhqNOuDy1C4,-0.5,,-1,1
BGKTe3X15MQ,-1,,,
hA2CiNDjmck,,,-1,1
AbvECwfA5Xg,,,-1,
MQRZ97RXZgw,,,,-0.5
qFj7aZ3j7K4,,0.5,,
5AUxYKChttw,-1,1,-1,-1
IWYe2ELePe4,,,,-0.5
BfbRubYef8U,-1,,,
SLJ9ZEB1Vcg,,,,
lmnqfRPR8GA,0.5,,-1,0.5
TdmlTbyaVUU,-1,,,-1
ut5FgxdkX2Q,-0.5,,-1,-0.5
nQw7aunOsCM,-1,0.5,-1,-1
Yt8VIv3L1gA,-0.5,,,
gRbQe80z4mU,-1,,-1,0.5
ZMZcu6l5h3s,,,,
3Pi6vqtzaog,0,,0,
i0NikE1W2vY,-0.5,,-0.5,
lviwSLIheY4,-1,1,0.5,-1
gLtEkzCYQfk,-1,,-1,-1
KX-Q-dmxBkM,-1,,-1,-1
JBHTiy91SyY,0.5,,-0.5,1
kxFCDXacMLY,,,,1
nwhKcwUD54g,0.5,,-1,-1
1t9-qi714m4,-1,,,-1
SPHCKr4vcac,0.5,0.5,-1,
cQLmizVbPEc,-1,,0.5,-1
5mgCyjir-N0,-1,,-1,
Brpt5sLfIo4,-0.5,,,0
pYmUQgLuw3o,,,,0.5
_AasRgfdvgU,-0.5,,-1,
ZvUSu-0Qke0,0.5,,-1,-1
wd6H10gbh6Q,,,-1,0.5
vMSC60Uff5g,0.5,,,
bLVOcvpXGiA,0.5,,-1,
IqxZqTbnB_s,-1,1,,-1
OwzqLemLYMQ,-1,,,
1K-OW1P9mTM,-1,,0,
xs0MXU5sIQY,1,-1,,
2IzZ-2Omp8o,-1,,-1,
-EB5jhMm7F4,-1,,-1,-1
PEeR9NF1MwY,1,,-1,1
LAJoeqR_m2s,0.5,,,-0.5
D86gohHjlPM,,,-1,-1
ovdG4TSk_0M,0.5,,-1,-0.5
IGNIHxD_1Yk,1,,,-0.5
QqEUM9Wba1E,,,,-0.5
92ocG94FZI4,-0.5,,-1,0.5
f4Dnix6eiYE,0.5,,-1,0.5
LWcR8HWpqx0,-1,1,,-1
iCgzW0eRIS4,-0.5,,-1,
am2AOYbX-1Y,0.5,,-1,0.5
clN3H39oZI8,,,-1,
BQg4ttnrLi0,1,,,1
HbZb_HzLUFE,-1,,0,-1
eU4d6xgJ8Dk,-1,,-1,
XKssqScaoVw,0,0.5,-1,1
Ng9eppnEMao,-1,,-1,-0.5
d_hxQ7J_a1s,,,,
3GzLYl00QU0,0.5,,,-1
j8CFGlm3iu8,0.5,0.5,-1,0.5
Y_GgcDpmz1I,0.5,,-1,-0.5
kggxCFu8od4,0,,-1,
jhRlcsBVB2k,-0.5,1,-1,
Z9-bfoLl2Fk,-1,1,-1,-1
C1ck1tE7XwI,0.5,,-1,
jtQ63RqrCD4,1,,-1,-1
noyBltvc_Qo,,,,-0.5
0fpavuX5vuQ,-0.5,,-1,
LdsxhK9VT8w,1,,,1
4nn0S_nVEro,-1,,,-0.5
MuqStdCXgXQ,-0.5,,-1,
fwoXNCGr3i0,1,,,-0.5
zYZSr65V-Ms,,,-1,
AOezVQy_uqs,0,,,-0.5
DtCS7vxuhyQ,-1,0,-1,-1
BHFLbjsFnzA,-1,,,0.5
tYxHQ5Ea-yA,,,,
LxyRLecGTCw,-1,1,,-1
_pBEn_A8F5M,-0.5,,-1,
8AR7B8HjRPQ,-1,,-1,-0.5
DmdKJLe9oME,-1,,,-1
h9nmzqipXN4,,,,
qyrhbX51pZs,0.5,,-1,0.5
sh2ZTO5TMIQ,0,,-0.5,+1
v7Li2vETe0U,-0.5,,,0.5
WpH6AzOaQaU,,,,1
Z-MTpJk2JD8,0,,-1,
grYLnddEDmE,-0.5,,,
TE9IJQn-_7g,-1,,-1,
OQcLkjoRK1c,1,,,
tqAqBGx6-8Y,-1,,-1,-0.5
zXJeMfKT77E,1,,-1,
wz4LUUxYV24,1,,-1,1
_5byzLr7JT4,0.5,,-0.5,0.5
4DaFW8udPsg,-1,,,0
CdczbXpfp48,-0.5,,-1,
4Ienxh3BUls,-1,,,0
tjWhBS3YVd8,-1,,-1,
XCmIRFGaOgY,0.5,,,-1
6wM0CRH6Vn8,-1,0,,
sP4cObYuilU,-1,,,0.5
qbFFafgaMgo,1,,-1,0.5
QoSuz6TCN8E,-0.5,0,-1,
1VmBCUUnaVY,,,,
y6Lx5dSAtjY,-1,,-1,
fG4mW5r8biM,-0.5,,-1,1
gXY5PYJeEXM,-1,-0.5,-1,-0.5
U-q454-pG-Y,-1,1,,
FXmDBk57aQc,1,,-1,-1
EjDAeOhzAK8,-1,,-1,
ZAGPMJ88xgQ,-1,,-1,
iBxrJCHlfgI,,,,
0ww_8MAoaag,-0.5,,,0
eU3QoPU5p4o,,,,
_ptGZdTFp1Y,-1,,-1,-1
--rstlWpmYM,,,-1,1
GcRaLyYq3DQ,-1,,,-1
DViswttrAhQ,0,,,
CCSnMDidcs4,-1,,-1,-0.5
kOe8-N-obSQ,0.5,,,1
7QtY-Oi7NV4,-1,,-1,0.5
LVvKpB1HwE8,,,-1,-1
9Rn2ulNp04c,-0.5,,-1,0.5
aTLzE9qsJWE,0.5,,-1,
V0BnUGmAk4w,,,-1,-1
VHQzNOobyNU,-0.5,,-1,0.5
EbBzYiUtfBI,1,,-1,1
i0CxMBNTIfw,-0.5,,-1,-0.5
dJTmmJnKh6g,0.5,,,0.5
Yy8qBmKlSuY,-1,-0.5,-1,0.5
dLcbWq09pBQ,-1,,-1,0.5
ibw3XGa4LEk,-1,,,-1
NpE1wXUw8tY,-0.5,,,-1
AfRVSqbay_M,0,,-1,
e-R0XZNWvMk,-1,,,-1
IG-wzhh5R4A,,,,
-uQudYApQtI,-1,,,-1
Smt_VR9ZkVY,1,,,1
IKoPASc3p50,0,,,
2gXo67FR3M4,1,,-1,0.5
tXMZkCM2ROc,-1,,-1,-1
qC64EgGykPI,0.5,,-1,-0.5
NZeDf4XErgo,1,,-1,1
39kEfzrhYYA,0.5,,-1,-1
51LCEjD-rYM,-1,0.5,,1
XQGrGol-vUQ,-0.5,,-1,
9IwxbP0ueZI,-0.5,,-1,0.5
3rRYDbhXYmo,,+0.5,-1,
DNOPokoP39Y,0.5,,0.5,0.5
jfo2n3jCCfg,,,,
7OfitZxTWGk,0,,,
LYVWUPoMDu4,,,,0
ZJk4Wchxkfg,0.5,,,0.5
LktRjx4dmpE,1,,-1,-1
5iucBGW7x0k,0.5,,,0.5
UT9Pw45QUFM,0,,,
UghsCmOaFm0,-1,,-1,0.5
QInKMk2JwPc,-1,,-1,
Vu-F6bfiw2E,,,,
ZCvN7QoYD2w,0.5,,,-0.5
OMJy7Zm_0BE,,,,-1
8SI5s3AoDMY,-0.5,,,-1
8ahAvCyYnHM,-0.5,,-1,-0.5
K5ArDGdY84s,-0.5,,-1,-1
6E0Idzw7kGc,-1,,,
r020yJg4OKQ,0.5,,,
Do5PgHEf6aU,1,,-1,
FbQWtOOm2rw,-0.5,,-1,
vaEyWMiFblQ,-0.5,,-1,1
-Y1eZCg2YNg,-1,,-1,-0.5
2bnw0IHskIg,0,,,
FfnZ5vJCvlE,0,,,0
JQ-7u5fhkMk,-1,,-1,-1
gibOifxHHtQ,0,,,
Ctz_FmqKWiA,-1,,,0.5
4Homb8WQ3DQ,-1,,,-1
yOM96WOb_-Y,0.5,,-1,-0.5
JRvXvFho9MA,0.5,-0.5,-1,-1
Nbk2eRcsoYM,0,,-1,
dJZqbIDT2Jc,,,,0.5
dr5P1fJqLKo,-1,0.5,-1,-0.5
oDngtTPkIdQ,-1,,,
I8Stq1f2a1M,1,,,1
t8JU3ASeAG0,,,-1,-0.5
s30TtZ7vemQ,,,-1,0.5
li-nudkFezE,1,,-1,1
WnXr02OfFvo,0.5,,-1,-0.5
ff4ov2fcZL0,+0.5,,,0
yjWUm_NwqQ0,-1,,-1,
mO7_5e5RWn8,-1,,-0.5,-1
pl7_Tx3V1a4,1,-1,-1,-1
Hx0D6slCI04,-0.5,,-1,0
GQPT17xIfPI,,,-1,0
hDL7gGpfkU8,0,,-1,
4HS-r0kRyNI,0,,,-1
AwgBeykQOt8,-1,,-1,0.5
gBTD5e93K84,0.5,0.5,-1,0.5
Z0ZrByF7eCM,-1,0.5,,-0.5
-ert3xNZ4Y0,-1,,-0.5,-1
YejEGzc69VI,1,,,-0.5
UJ9nnq2-nyY,-1,,,-1
GcUM3IElTkU,0,0.5,-1,
w1b6UzCC0gw,0.5,,-1,-1
70_FKyHuheY,,,-1,
A2mX0I5ZYZ0,1,,-1,1
WD4dH7JzVGM,1,,-1,0.5
AbVyRU8426o,-0.5,,-1,-1
yGM3oY0vJwU,1,,-1,0.5
ZfZ7-Rlchgw,,,,
wSeR3BWKNdI,,,1,1
JpLhwKsBx_I,-1,,,-1
eSPSGLmOnq8,-0.5,,,1
6FLBG78xAzs,-1,0.5,-1,
7FS3gz0FsuY,1,,-1,1
_zxA2KmVrJw,,,,
5FSzjL8owQA,-0.5,,-1,0.5
KtoSZtfXfBQ,-1,,,-1
5-JRPQmMk3o,-0.5,,-1,-0.5
ikEN6jdHnsY,-1,,-1,
0cbsMZNw5CM,-0.5,,-1,-0.5
FqoleL9C0EU,0,,-1,
wzap-uSkQYE,0,,,-0.5
yFLcVO9m374,1,,,0.5
BqZy4dKX7Yw,-1,,,-1
oceLYg3ufBk,-1,,-0.5,0.5
fUa6TXuypo0,-1,,,
U8kWUrNB-DA,1,-1,-1,-1
S7_Fybt-n6M,-0.5,,-1,
dvld_vXGeUA,1,-0.5,-1,-1
ANg7GPLCVfE,1,,-1,-0.5
6G14i_znrbA,1,,-1,
Oq4gNVr35w8,-1,,-1,0.5
bFKM-RiEWPA,-1,1,,-1
vtcArfA-OYU,-0.5,,-1,
8ADrC5a46h4,1,,-1,-1
2xQuR3mBiXg,0,,-1,0
rx0K0cb9AMM,0.5,,,0.5
GrI-QeFAjC4,,,,
nhqgOw-_x0c,-1,1,1,-0.5
bvOzK324eGI,0.5,,-1,0.5
qelmGXSUQv8,-0.5,,,
dmcXm837qis,,,,
G-6Fum-EsM8,-1,,,
-Y0jcBWM48Y,,,,-1
0FNxDDnZtMg,-1,,-1,-1
LnbVUksCZXs,-1,,,-1
_yskAIfgBJg,0.5,,0,
7WA7884TMuo,,,,
kiXQjbDaFlM,-1,1,,-1
E3J-rWiJKAQ,-0.5,,-1,1
HetjEQQjX3I,0.5,,-1,-1
HHx5dOaXY8Q,0.5,,-0.5,
Ku6KrG1Nf_c,-0.5,,-1,0.5
COKr7zXk7o8,-0.5,,-1,
oiR4KWqlOf4,-1,,-1,
wgO4hcOVUqU,-1,,,
waiJX3mEb9Y,-1,,,-1
J2w06FYgHj0,1,,,-0.5
eljpWVgPtb4,-1,0.5,,-1
rXAyGWJ2Ucw,1,,-1,0
p_N0yeP2KhY,-0.5,,,
-D4yoCrPu-M,-1,,-1,
lBNPApdW3nU,-0.5,,-1,
mDKeO1m8tq0,,,,0.5
-P4Td7Q3auE,0,,-1,+0.5
ICVf1VMM1Ao,-1,,-1,-1
YhZMNDFGeKg,-1,,,-1
tsucyGmgN38,-1,,,-1
YsRJV_SXEMI,-0.5,,,
vS8a2SjpkpQ,-0.5,,,1
RNZXZXkHEEM,-1,1,-1,-0.5
rr42eQYYjbQ,1,-1,,-1
iM1YbDEecOE,-1,,,-1
aQVTZCnQleE,-1,0.5,-1,0.5
P4ebP49YFn4,-1,,-1,-0.5
wRQlrH78akw,1,,-1,
5hIoY0bpvAI,,,-1,0.5
BLnyPwH1Ob0,-0.5,,-1,1
2vn7gdoZkuQ,1,,,
s6vA-5exnjQ,,,,
llq87TYFFyg,0,,,
gAT5zaF6NZs,1,,-1,1
fxlo4aMBy74,1,,-1,
IBo_pEbDXCs,-1,,,-1
uL0MzCh5458,0,,,-0.5
WeywoL-mbhI,,,,-0.5
CjM-sTq9RVw,1,,,0.5
vGwtLYkuKtw,-0.5,,-1,0.5
lW2b8GrqWBs,1,,-1,-1
QxGWAe6EpdM,0.5,,-1,1
HYoGeuI3ycw,-1,1,-1,-1
gnguzEZCF-M,0.5,,-1,-0.5
f7x-y7ijqh4,-1,0.5,-1,-1
pq6k1KV8WDE,,,,-0.5
i1gtda8xBHc,-1,,-1,
dOufapH3vd8,-1,,-1,0.5
5fY5H9lCFGo,,1,,-1
CocCGkvQBXY,0,0.5,-1,0.5
XKQ-4kbGvM4,0,,-1,
sijeMlCyI_g,-1,-0.5,,-1
Soq7PUsImoE,-1,,-1,
dqfzAg5Au4U,,,,1
1hxGKewXWTo,,,-1,1
F6R92jFkaok,-0.5,,-1,0
ltD1bWhnS6Y,-0.5,-0.5,-1,1
-QOHZrXLdpU,0.5,,,0.5
OFKbAL7A3mM,1,,-1,0.5
lP__d0u5Wy4,-1,,-1,0.5
MoPYqgyxGg4,-1,0.5,-1,-0.5
SiTu3CgYzAI,,,,-1
Awpcd6q9Ddo,-1,-0.5,-1,0.5
QxgqNvRRTPY,-1,,,-1
RRxZHjN4KF8,-0.5,,,-0.5
lXUJV7MLMGc,,,,
Ky4tQD-NhuM,1,,-1,
gSa0PUeisi8,-0.5,,,-1
zZEPfdEDGqc,-1,0,-1,1
xtNSjhKGI_8,-0.5,,-1,
Gu7LtX3RRZ0,-1,1,0,-1
hwsbnT-rk8o,-1,,,-1
_bpjWFM0Vf0,-1,1,-1,-1
8Qf7-cdprYQ,-1,,-0.5,
QpxVyyH4zIs,,,-1,-0.5
RnizSViOwsc,0,,-1,
ktuo-yYH3oI,0.5,-0.5,-1,-0.5
yonOhh-uzX8,0.5,-0.5,-1,0
2wh1FvHITZY,-1,,,-1
66Sp1Z9ED5E,-1,,,-1
WBM5oEoQG1A,,,-0.5,
_boEuPC8PuY,,,,
CabIj9E-YWM,-1,,-1,
4LGPEZxgt9k,0,,,0
DgnYiHdS_tk,,,,
8pMZUWmUqZo,-1,,,-1
Ek81zkuWL4w,-1,,,-1
eMRf5n2uCdM,-1,0.5,1,-1
068X9r7blKQ,-1,,0,-1
mqWwwzAhjKs,-1,,-1,-0.5
Qfe2urcp9SY,-1,,,-1
JgwlFjuWe0M,0.5,0,-1,1
Rzqh2yi9MXU,-0.5,,-1,-0.5
uAfdFVF5fFA,-0.5,,,0.5
clFetFaytZA,-1,,,-1
tib-jrUT1lA,1,-1,-1,-0.5
IVLfq3WfrJg,1,,-1,0
tUCwfEnroVE,0.5,,-1,-1
s8isd3sXRhU,0.5,,,1
X6RJXXaCKvk,0.5,,,
RuiRAkm7gGc,-1,,-1,-1
15nM67IIV_8,0.5,,,0.5
TdcLk-e1CWg,-0.5,,,-0.5
lIjo14JPp0g,-0.5,,,
MQK3CZwcMn8,1,,,
38lzGtpO0EU,-1,,,
Mo3HvWm2sSk,1,,-1,-1
T_oMRGmAgaY,-0.5,,-1,-0.5
Yz2NpoVDWE4,1,,-1,-0.5
pSNTTMGtn_s,1,,-1,-1
bnrQFOdunIw,1,,-1,-0.5
wUWa8ZzRa4w,-0.5,,-1,
_y0EnX-BTNM,-0.5,,-1,-0.5
67PXkiVQKhI,-1,,,
0fg5LzGCU-0,-1,,-1,-1
zNZzCrCcubI,,,,1
yngYQosjjOY,0,,-1,
IRdG628ojiE,-1,,-1,-0.5
r540mYrRl88,-0.5,,,1
PzdffPtX-_I,-0.5,0.5,,
CfPw1O3C9-g,,,,-0.5
HbwY9yrlLz4,0.5,,-1,
j8bsmztK0Kc,-1,,,
dOPZDsmphpw,-0.5,,-1,0
LqRCLtShSX4,-1,,,0.5
w2Lvyi5Nr8c,,,-1,-1
fuiDd7yPkMM,1,,-1,-1
sGlBbP0ZfiI,1,,-1,1
AGkW0AooTK4,-1,,,-1
pJn3vaTW9yI,1,,-1,0.5
oRgTFyXkEaE,0,,,
FX6W0w0YA_I,-1,,-1,-1
U2GoDtgldLE,-1,,-1,1
DDdySAWiTeI,-0.5,,,
vV_gIrHJtPI,-1,,,
ZMMelKeTCVs,,,-1,1
b222wtYAWP8,,,,-1
fwaa1tmiHjE,1,,-1,-1
R1R_XqKHUms,-1,,-1,1
6IKGOzg4UO4,,,-1,-1
FFF8CG0C_uk,-1,,,-1
HI1HKxF3BmU,-1,1,,
XgTCU-7dp4Y,-0.5,0.5,-1,0
llYotCSBqvE,,,,-1
siXBFvMmn7A,-1,1,0,-1
KqrDJhk50Aw,-0.5,,-1,0
VRD6ssWkr5U,-1,,-1,1
ejolUgPHBBE,0.5,,-1,-0.5
eF2jJp1ajG4,-1,,,1
XrMVpMSngSE,-1,1,0.5,-1
dzXtaPQS8SM,,,,
03W_ybcYr1c,,,,
vzDbZAYRM-g,,,-1,1
bDacO8VE2dc,-1,,,0.5
KhVMsshWILg,-1,,,-1
eiiKf4D16Zo,,,,
4U05xY9aI3Q,1,,-1,-1
PpQNA7BjPNg,-1,1,-1,-0.5
RVeSA3LjyEk,-0.5,,-1,0.5
Rf7oe7bi5pQ,0,,,
op_6ztt1zTg,-1,,-1,
h-lAQa44kR0,1,-1,-1,-1
XTU2H72MMaY,,,,0
5Xb73Ga6CY4,,,,
BkulK4KtXIA,0.5,,-1,0.5
BVg8znRDnzo,-1,,,-0.5
sgMboeOK1QQ,0.5,,0,0
3XDS0cndjGU,0,,-1,0.5
sMh6UDOHXY8,-0.5,-0.5,-1,1
dRlMIlesieo,0.5,0.5,-1,0.5
wblxekCPDOQ,-1,,,-0.5
Aa3ZEULOxc8,-0.5,,-1,1
YgjIukCt950,-0.5,,-1,0.5
zM1s508A0ec,-0.5,,,-1
4YE36z4c51M,-0.5,,-1,
pF2FnrKxtIw,,,-1,
UL6dOto-yQM,,-0.5,,0.5
MRfLCtbYiPg,-1,,,-0.5
uoXHh94QmrA,,,,+1
irmNKqhuNbE,1,-0.5,-1,-1
zsPofq_O-rk,-1,,-1,-0.5
0N9qiLS-xHs,-1,,,-1
LeoQaylldUc,-1,,,
gbEUBxOPf9Y,1,,-1,1
2nyFSTbsCW8,1,,,1
x_21rAOhpJk,-1,1,-1,-1
8pSDllweK-A,-1,,-1,-0.5
JCRBuEcY2oc,-1,1,-1,-1
cMLNZjZMNDo,-0.5,,,0
ATLspAoPpPU,-1,,,0
HrOkqyva0m8,-1,1,,-1
-wTQu15_p1A,,,,-1
c0nonfyMZRA,-1,,-0.5,-0.5
tDZ-4xpHSUY,-1,,,
LFoaORUxVmc,1,,-1,-1
xmITUyQCFxM,-0.5,,,-0.5
2_yCV9BLWP4,1,,,1
db9taRWVXlM,-1,,,-1
k5WCXAeYGv8,1,,-1,1
weveE_Tw024,1,,-1,1
jZ1PAfu8YmE,-1,,-1,-1
wd6040FB8do,1,-1,-1,-0.5
vXjELGYbRHU,-0.5,,,-1
0Gjrq60g19c,-1,,-1,
Tt0I0XWlw7Y,,,,
R8q8a7kStfk,-1,,,
4afpt0rRurw,0.5,,-1,1
xxZ-CbCP_Q4,-1,,-0.5,
olBtZsEg55M,-0.5,,-1,1
Jlkfe6lI7k8,-1,,,1
gf2xtOPqt-o,,,,
v3eNTrRtxjQ,-1,,,
8Hh6jw6vN1g,-0.5,,-1,1
v4bQzPofTA8,-1,,,0.5
yCU84ILRnoQ,,,,1
VVYvnfwB1pQ,,,-1,
K13Vu_NJkMg,1,,-1,-1
6ZrspYdgCNQ,-1,,,-1
9SpLINoda80,1,,,1
fK6LWX4fc_4,,0.5,-1,
oRuPEy6ODwo,-1,,-1,1
GQ6Iee6V8ss,1,-1,-1,0.5
aSKzlCG2f6Y,-1,0.5,,
SvtnsYnLJxM,1,,,
aa17fiiI-4w,-1,1,-1,-1
DWqvpi7NItQ,-0.5,,,-0.5
PNzQ43yJYBw,1,,-1,1
TZbq72eHkVA,-1,,-1,1
ugHXEWeOEbg,,,,
-TNB_Ceu8Jo,-1,,-1,-1
zQobSXiyXu4,-1,,,-1
sGf0dwoVzmA,,,,
YEMF4jcp6n8,1,,-1,-1
MPG_pev_pSo,-0.5,,-1,0.5
Uqam4xpzMEk,0.5,,,
i1V1e1CCQEQ,-1,,,-1
r2aHLXFzbr8,,,,-0.5
fTJUfTCG6Oc,-0.5,,,1
71R5LiINyls,-1,,,-1
PRPcupIyYVk,-1,,,-1
47OrNxRhLyo,,,,
6_rIPqATKBM,-0.5,0.5,-1,1
BtVCkcQfij0,,,-1,1
2wayh5Syl8Y,0.5,,-1,-1
cskhfwwOtVY,-1,,-1,-0.5
TjW7984WBgA,0.5,,,
Ey5kddw00Co,-1.0,,-1.0,1.0
GEIZx3LeHX4,1,1,-1,-0.5
8Fa7Mysi6NM,0,,,1
XCgjUqE_m38,0.5,,-1,1
s4pUqpwANFo,0.5,,-1,-0.5
5W9S9CxwIZc,-1,,,-1
mIoW2f8RFbQ,-1,0,-1,-1
KImq1bH23ks,1,-1,-1,-1
T3ycONvTZUU,-1,,,0.5
geldJB5IozM,,,,
pn24wp95-Qs,-0.5,0.5,-1,0
_SYQErxSAjg,-1,,-1,
jPFI3kDyQEw,-1,,-1,-0.5
z12F5h5qQgo,1,,-1,-0.5
6euTBU_RteQ,-1,1,,-1
ulel2q551z8,0.5,,,0.5
7cvAid7bUbc,-0.5,,-1,
WAuD2aFGX88,-1,,,-1
Bq4-clgPBlc,-1,1,-1,-0.5
FdNG1PJaUU0,-1,,-1,0.5
ByfJfC_68go,,,,-0.5
eXz_nrk7jYE,-0.5,,-1,1
zLfb7FlgD1M,,,,-1
x-VZMeVVun8,-0.5,0.5,-1,-0.5
d1RXwUhNoVw,,,-1,
hIbsQqAiC_U,-1,,,
puvpEn9YoE0,,,,0
yFzB38Usnsc,1,,-1,-1
Zp-PfC_6TEk,-1,0.5,-1,0.5
nP7LeucFnJ0,0,,-0.5,
TMJJEBW0kH0,-0.5,,,-0.5
kKJQv1KcUXM,,,-1,
cMbf0MiFwTs,-1,0.5,-1,-0.5
QotBcO-0Lpk,,+1,-1,+1
EBKt8fTwUic,1,,,-0.5
hSJwEDHehyQ,-0.5,,,1
CFYZcVKMewU,-1,,,0
IxR7XhK65O4,-1,,,-1
byALZasX2Fg,1,,,-0.5
HqGbBqQvgaE,-1,,,-1
BIb9EadDIiw,0,,-1,
Xb1JE7PRch0,0.5,-0.5,-1,-0.5
sxvuDjaJong,0,,,-0.5
LMo95ZmcKc4,-1,,,-1
bUGF_1lVdpg,0.5,,-1,1
CrohEFkdtRk,0,,-1,0
M2iJuM_oe7Q,-0.5,,-1,1
vdB6jrdZJdM,,,,
o8IpQFU-yUI,1,-1,-1,-1
2SqCJ3mh1E4,-0.5,,-1,-0.5
D2Sj291Xz3M,0,-1,-1,-1
_uqYWuOQVS4,1,,,
-tJuSRLZdRA,0,,0,-0.5
ic2nT_-59qE,-0.5,,-1,0.5
Le_pj9_Rwc0,-1,,-1,
HU4IgmSNla0,0,,-1,
DoDB7gPkxdE,-1,0.5,,-1
uSb6GRi-TWs,0.9,0,-1,-0.5
qGDvKzwvpb4,-1,1,-1,-0.5
wxPMKNWq4oI,-0.5,,-1,0.5
xV-MoiQoyck,1,,-1,1
Qsht4NQdIIg,-1,,-1,1
beQRd-4rJyA,0.5,,-1,0.5
HE1t5lAdWLg,-1,,-1,0.5
8_0JmB5279w,1,-1,-1,-1
Hd4pbMwUvzY,0,,-1,
6F3_iR4OvB4,-1,0.5,,-0.5
cx5s2GGPUc4,-1,,,0.5
JtY9DBQPRGk,-1,,,-1
1QPom3cLlBs,-1,,-1,-0.5
s5_xhCndzyA,,,,0.5
zKojj9_ifyM,+0.5,-0.5,-1,-0.5
mmTqB4NO-Vc,-1,,,-1
QWGJlc4nVV0,1,,-1,0.5
wZoFY-TW-C0,-1,,-0.5,
BvspdzUmv34,-1,,-1,-0.5
lJekmn19SsY,,,,
5CmKxzRNt4c,,,-1,0
ibazgMsP3zk,-0.5,,-0.5,0.5
0JUsXc_-_fA,-1,,,0.5
UWDdktXgaeU,-1,,-1,
kXj0r0sViao,,,,
GV7bpY4Bs1I,-1,,,-1
qo-S7TcTTaQ,0,,-1,0
8E3dvFiR8VA,-1,,,-1
teZ6RQ9Iwb0,0,0,-1,0.5
IDv1RH9k5UI,,,,
RVB-UvEfLRA,0.5,,-1,0.5
tTpXiEoEGt4,-0.5,,,0
1afVfAlpkhc,-1,,-1,0
KfUt7htPKe0,-1,,,
2_V00acYVZ4,0.5,,-1,0
x4lJsTZFYlA,1,,-0.5,
KLYWKPF-BlI,0.5,,,-0.5
lLAeYZvoQdc,-1,0.5,-1,-0.5
EuTrB7YjO3E,,,,
0vForW-ZrXY,0.5,,,1
F4wtuvrBWVw,1,,-1,
dpQTbf1bgBA,0.5,,0.5,
jCgrcYtUjh4,1,,-1,1
arMDeYnr9d8,1,-1,-1,
h4fj4BKBgUs,,-1,-1,-1
UELFMTN_zso,-1,,-1,-0.5
hUUMuNWRtVM,0.5,,,0.5
NA6so6sfSCA,,,,
gT-_QY4q_Q0,-1,,-1,
yocj2bmoBto,,,,
OJZwZDm6p_Y,+0.5,,-1,
ghy7MxGvrUg,-0.5,,,
T_Z6ILST9wo,-1,,,1
JuBt4QfBmwk,-1,0.5,,
fB1e3_aGaDE,0.5,,-1,0.5
z-e9hSGdfzE,-0.5,,,-1
v5V0J6wv9xk,,,,
-HtCnGws4ns,,,-1,-0.5
w0uO_BW9WOQ,,,-1,1
ncClhlsbNjc,,,,1
FVPvGaqJBIQ,-1,,,0
CPWQPjfFoP0,-0.5,,-1,
XRYTiUqUwBU,0,,,1
fhNBRCRJeYE,-0.5,,,0
gHytSUe4-n8,0,,-1,
R_pbQ84qaTI,-1,1,,-1
3hpPFN_gwTQ,-1,,,-1
lxwxk6r5Oi8,-1,1,,-1
Md7X9hnC7U4,-1,,-1,-1
OPNkIn4jxKM,1,,,-1
yJcxRht9xfE,,,,-0.5
ZWOEI-0DNvw,-0.5,-1,-1,
-r-vfy1vcMc,1,,-1,1
J6b7NLKc3dQ,1,,-1,1
jbDBzBimQ1s,-0.5,,,-0.5
l7GYJACLslE,0.5,,-1,
bFUT-Lxhbg8,,,-1,
vaGNJQ7FfFg,-1,,-1,
38p9wYc1Eug,0,,,0.5
BzmdeH68G-k,-1,,,-1
dFREOqyionI,-0.5,,-1,1
V5N47iGHJL4,-0.5,,-1,1
TTlEIFZmpjU,0.5,-0.5,-1,-0.5
Lm2ER-sElaY,0.5,,-1,
UXrLh1fEedM,+0.5,,,+0.5
YWL6T6HCt4o,-0.5,,-1,1
C05AgKbVQ1I,0.5,,-1,1
xMmeqlby9go,1,,-1,1
tDPr99MAKH4,-1,,,-0.5
qicd5FrCgkE,-1,0,-1,-1
RGQmL_zjH1Q,-1,,,1
vtJcWC7GRqI,,,,-1
92FcGNzUuGI,,,,
yvanYYvBdrA,-1,,-1,-1
4ozvoUUsQNE,-1,,-1,0
F120UQSoNzw,-1,0.5,-1,0.5
I3xCBiXhR9w,-0.5,,-1,1
fLF7UqrKqi0,-1,,-1,-0.5
Ub5W56udBdo,1,,,-1
3oPSnL4wz1w,-1,0.5,-1,-0.5
MiEDlqbJ1b8,-1,,-0.5,
NcpRGrQJIU4,-1,,-1,0
BUij9nceI18,-1,,,
1vlJBWnNwqs,-0.5,,-1,-0.5
qNNIQcq8ZKg,0,,,0
IKMslumKzXw,-1,,,0.5
gyJElVKxVfU,,,,
ECUu7c3oDVI,-1,,-1,-0.5
sCnbX1cafXc,-1,0.5,-1,
trzBbjKMf0M,-1,,,-1
inocw1i9ZW8,0.5,,-1,0.5
m0lDL_dmhjQ,-1,1,,
mymw1wYJwWI,-0.5,,-1,-1
F-us3vMYlik,,,-1,
05Q1sGx3KuM,-1,0.5,,-1
BlriNz9woQ8,-0.5,,,
BGSEUoiyrQQ,,,,
_B4e8JD53lE,,,,
jNGG1NY9FMU,-1,,-1,0
tPRb-r7IvsQ,0.5,,,
HNbpyTqaCNk,-1,,-1,-1
wFUImIW_Z7s,-1,,,-1
OGubIb0PD5Q,0,,-1,
PSjNrYF5icQ,-0.5,,-1,1
qQzuEm-zN8c,-1,,,
cqYp23scRPM,-0.5,,,
aclYQDGncqM,-1,,,
xN-Hm_3EUfg,0,,,-1
X1y3fIqoksI,0.5,,-1,
WLySRFx23j0,-0.5,,-1,
Zd7Fcqcmmxg,-1,,,-1
uwtEM3_B_Bo,-0.5,,,0
AWBM0bjSDpw,,,,0.5
G7PDA0QgQBY,0.5,,-1,1
BhmtSu052VA,,,,
AcaYKF77Sdo,1,,-1,1
o1m-bkQL-Ys,-0.5,,,0
6LNz12Q0or0,0.5,,-1,
IkgWxgW4iEM,1,,-1,1
YAtaMoFZh8E,-1,0,,1
o76nNOAfVKQ,-0.5,,-1,0
pxs68D-J-_A,-1,,-0.5,
ffqSfsXt_5U,0.5,,-1,0.5
-vv-wf2i9oY,-1,1,,-1
Mc4-WSPtljA,-1,,-1,-1
jymhpjY2UsI,-1,,-1,-0.5
6LnzTCMH_Ag,-1,,-1,
nCdRjQZOIy0,-1,,,-1
-_-uIpDG4sw,-1,,,-1
N9zeo30aUXY,0,,,
s68BronfMXU,1,,-1,-1
gEFUC80IqZo,-1,,-0.5,0.5
bw73TEu25zI,1,,-1,-1
OyHH5Z4N4hE,-1,1,,
1NzjtdmgDGQ,-1,,-1,
4nBrn4kkj0I,-0.5,0.5,-1,0.5
pdF3DKdrcsQ,-1,,-1,-1
T7FIxxpC0Qw,-1,,,
J8ttmLikxho,-1,,,
Tddb2MHfwTA,-1,,,-0.5
Ewz7knWQ3Vw,-0.5,,,
9BdpxBzZ-qo,0.5,,-1,0.5
hPRLmfV9ukg,,,,1
RLvAtBVreTY,-1,,,-1
xRvRyVGm08g,,,,-0.5
vOUMPML6RKM,0,,-1,-0.5
rJiTUX9ElWY,0,,,0.5
MZsQCHdtKV8,-1,,-0.5,0.5
dO9I5US76QA,-1,,-1,-1
D1fSmrB2ing,-1,1,,-1
Baw445X8B18,,,,
bXCHdEuvZ3E,-1,,,-1
CueTe6CXMec,-1,,-1,0.5
VHrKtMd9xr4,0.5,,-1,0.5
ZxvK3jJ8Q24,-1,0,,-1
KvdNgx4kZus,1,,-1,0.5
UnX7DB5ro2I,-1,,-1,-1
TGMLRwfv-UA,,,,
pwA6ZLDaNBg,0,,,0
7T4vn6fNyCw,0.5,,,
-qIotzdARDA,0.5,,-1,-0.5
h8gVhqwSoCc,-0.5,,-1,
f64ej4HPoOo,-0.5,,-1,-1
HBvTHYOFHek,-1,,,-1
pSJKggvPTj4,0.5,,,
k1y67RkdneQ,-1,,,0.5
yILQQ9VDxAY,0.5,,-1,0
2rK0A08myK4,-1,,-1,-1
udzcxO0-mCY,,,,-1
kLULgjxdpsc,-1,,,-1
t3I7PrrVY30,1,,,-1
jFchN6O3Uik,-1,,,-0.5
gPtGSR-jZeI,0,,,
C-0mSz6wSDA,1,,-1,0.5
cQdtIwUMUVw,-1,,,
C9W32cLA2DA,1,,,0.5
e_3pZGuOVG0,,,,-1
gyLUMPx6TKw,-1,,-1,1
OtUkCTZo-G0,,,,-0.5
5Bp2969OVn4,1,-0.5,-1,-1
YStnaLg97HA,0,,,
hRTTMExoG38,1,,,1
lt-HXYdapUw,,,,1
8OAoV93uodc,-1,,,
wkvL-ZMK-Kg,-1,,-0.5,
KWDOaLgwuiM,-1,,-1,1
-nU0PIgNOHU,,,-1,1
FBY0MCy5l_o,-1,0.5,,-1
mMSGZqWMq04,-1,0.5,-1,-0.5
_7lWcWYTTTE,-0.5,,-1,1
i3d55C-mjsk,1,-0.5,-1,-0.5
YCOmD1VQrwI,,,-1,1
lz4xPzGLOwE,1,,,
6E0Usft_MNw,-1,,,
ryiXH694R44,,,,
LeLzMaGDqmw,1,1,-1,1
yafXklkSCl0,1,,-1,1
IVg1QT9V9Fc,1,-0.5,-1,-0.5
Mchtkt24YEk,,,,-1
3KKgOcDjC0I,,,-1,1
HkpuYmgPnqo,1,-1,-1,1
qlom-kE_nmA,0.5,,-1,-1
fav3tVN1oCQ,-1,,,0.5
D1vMessBoGU,-0.5,0.5,-1,-0.5
I7ZarYbxcE8,-0.5,,,0.5
tBuFp62ENq0,-1,,-1,-1
_PwpRKbLGdg,-0.5,-1,,-1
6wbz-B5wueg,-1,0.5,,
9yYHqjQxEXY,-0.5,,-1,0.5
4kC6D39foaw,1,-1,-1,-0.5
7fA-5QRAKmY,1,,,1
TM7SFfbBHEE,-1,,,
qiotZ83yMnE,,1,-1,0.5
vdD602tOqEs,,,-1,1
oirCCFDYKOc,0,,-1,
Qp-HrnNaYw0,-1,,-0.5,1
i4ttYBttqSU,-1,,0.5,-1
OWKKqy_C2yE,-0.5,,,-1
qe_e2ihgQos,-0.5,,-1,0.5
AsFqExWAmXw,0.5,,,0.5
jicR4NgonuA,1,-0.5,-1,0.5
YxFu3UzW7K0,-1,,,
Yd0SRIBybZ0,,,-1,1
tO0FZqqQHUo,0,,-1,
5h10hxIOvco,1,1,-1,0.5
Lcf76bQugXw,-1,,-1,-1
FmlkYNi1Qww,,,,
HEN19NzBBxc,,,,-0.5
6rne1AHxykU,-0.5,,-1,
77giSceFcN4,0,,,0
bsnup1F6Avo,-1,,-1,1
Amu5cvlDEuM,1,,,-1
d6B2oqF_pKU,-0.5,,-1,0.5
OwCxtwxTd7A,,,-1,-0.5
BsFz514iZTU,,,-1,-1
xGEH1tzyO8k,0.5,,-1,1
MaP62DGMWUE,,,,0
aoWSKgaGCDc,-1,,-0.5,-0.5
TJ_67mkyt68,,,,
Ny5-deAU51k,0.5,,-1,1
aWmT7LfHTvo,-0.5,,-1,-0.5
Y6GMIeR1mAk,0.5,,-1,
qUW2-w7ehSQ,-0.5,0.5,,-0.5
5ysQKWL4K8k,-1,,-1,
9RnPgHiyh6k,0.5,0.5,-1,1
1qbgDLvAPtA,-0.5,,,0
3uW7wdp1ytU,-0.5,,-1,
Wq--i2pvFlc,1,,,1
gnEsyEJGcQM,-1,1,,-1
Y82jYXRrHEw,-0.5,,,0.5
hFyf0mwyeRw,0.5,,-1,0.5
MUtLCe5LLvg,-0.5,,,
F-ILWxkhZzs,,,-1,0.5
BHuR7iUyhB0,-1,,-1,0.5
U407NY3mdu4,-1,,-1,
EmVQzvZdN4s,-1,0.5,-1,
pIIvnS_8Sdk,0.5,1,-1,0.5
kpOJgfvxyxY,-1,,-1,-1
L6EUhnjesJ8,0,,-1,
F15RLpQei6o,0,,,
AF4QSkFG1qw,-1,,,-1
wwESkz8QF9M,-1,,-1,-1
7jZwhBVL81o,1,,-1,-1
oucFbROAyLo,0.5,,-1,-1
x6qwvaxDYl0,1,,,
AIH-RJ45mSk,-1,,,-0.5
7sIXiaw_DlM,0.5,0,-1,
zB6KhzEbKG8,0,,,
nKgW20pgIYE,0.5,,,0.5
aInSfrqea_o,1,-0.5,-1,1
0-8JNuFsZ34,-1,,-1,-0.5
uIjSb50--10,-0.5,,-1,
dkUF3gLJ05E,-1,,,-1
NgC0KI-v2ss,,,,0.5
Pnj2Yca0eDc,-0.5,,,-0.5
7cqzaHOF1aU,-0.5,,,
pH4xb5V6NK8,-1,,,-1
QhcTNthUemQ,-1,,-1,-0.5
o4scwkk7vcM,0,,-1,
G08gdATct7U,-1,,,0.5
orosqgabvnI,1,,-0.5,-1
TRT9ZdviTA4,,,,
knRrPycxhFg,,,-1,1
s4ggqzOuj1c,-0.5,,,-0.5
AzblCBr1yRs,1,,-1,-1
va-rXnlZ0Jg,0.5,,-1,1
wtRzqy_xllw,0.5,,-1,0.5
cjoss5Kkv8M,-1,,-1,-0.5
HjAlsENa1LI,1,,-1,-1
LQNibZcRZH0,-0.5,,,
mVf3A-admVk,,-1,,
06EppeXJbjc,-1,,-1,-0.5
6dSgG59eU_U,-0.5,,-1,
W5Y6FX530xI,-1,,,-1
yD_EvIJ3Np0,-1,,,
e5mbMS389O0,0.5,,-1,0
ko6HMTMwz2A,-0.5,,-1,
UT0QleWVvtI,-1,1,,-0.5
ZEOxfqlaW-0,1,,,0.5
Ja1UDUnhm9A,0.5,,0.5,1
JARW3PYexeo,1,,,
0LjUjkxtBVQ,-0.5,,,-1
g9BqJwkPzLs,-1,,,-0.5
UP_tLeoA7bE,-1,,,
06l2yefXsoA,1,,-1,
BTJo0W2zzzQ,-1,,-1,-1
5enAigcYp_M,-1,,-0.5,-1
cYQHmFrCOUA,0.5,,,-0.5
t7wRxT9kDAY,-1,,,
ZccboQZd-1A,-1,,-1,
2M641Rog2gA,-0.5,,-1,
du-3GLfMML4,-1,,-1,-0.5
YxOlTiYmtUg,-1,,,-1
ByzlthOCLkU,0.5,,-1,0.5
Bc-4nmwt1GY,0,,-1,
kcYpqpi6w_A,,,,0
UjpDuAudouc,-1,,,-1
s3Rb9hzCYpY,-1,,,-1
O32sTGcvy7I,0,,-1,
dfBY4Syldqo,-1,,-1,
VhzPaOsYmbM,-1,1,0,-1
u0e5JTrjgpQ,-0.5,,-1,
K-VB_BgyTVY,-0.5,,,
YXRc97uUWS8,0.5,-0.5,-1,-1
_gx14CcxirU,-1,,,0.5
fz38i1eWp8I,0.5,,-1,0.5
AtzTgIsoEY8,0.5,1,,1
AF5iaOtLH3w,0,,0,
u0kSi72fTD8,-1,,,-0.5
DT8n5ifmh8o,-1,,,0.5
U1C5SgQwytI,0.5,,-0.5,
Iv-ak3BvHtk,,,,-1
o7dVvU0y284,1,,-1,0.5
CiH_-Y0YsGU,-0.5,,-1,0.5
JmfJ1NLAENA,-0.5,,-1,-0.5
z4xMm1US4n8,1,,-1,-1
Zf9rm_OmHog,-0.5,,-1,-0.5
1NB3bq41j20,-0.5,,-1,
Zao_b_b7cxE,-0.5,1,-1,-0.5
x9CCeTj2wfI,-1,1,,-1
fSdQJV27fqE,-1,,,-1
kJKMdvKucZM,,-1,-1,-1
InRzvwpCnNI,1,,,1
Bf20ITdECgM,1,,,-1
3NSRwoZ64uA,-1,,,
Zcqx47Am_T0,-1,1,,
qEKyScx32j8,-0.5,,-1,
5m2GLz6MSIo,-1,,-1,-0.5
ijeFTiq01vs,-0.5,0.5,-1,-0.5
YemLwhrjWHo,-0.5,,-1,1
vDBi6j_2KEE,0,,,0.5
1FQRJmdbIFc,-1,,,-1
g2chyI8Sgt8,-0.5,,,0.5
YOil2x5fDf4,,,-1,1
qiATrsyH1RU,1,,-1,-0.5
3J1vwHzl1Js,-1,,-1,0.5
jfSq-occ5FU,-0.5,0.5,-1,
0wVHj2C2n4w,0.5,,,
7AOHkKKTZlw,0.5,,-1,-1
-QWxN51kn8E,-0.5,,-1,
fKu_MdLoVk0,-1,,,-1
5DrXZ9ohts8,0,,,0
rjz-z3elBxw,-0.5,,-1,-1
VdxDTEfOhE0,1,,-1,-1
6VV5883mP_A,-1,,,-1
lMfQK90A5QA,-1,1,,-1
3FpxrLgCAOI,-1,,,0.5
_sZPlZAWCJE,,,,
H7Q2X7syqEU,-0.5,,-1,0
6F8SUuQN1oQ,-1,,,-1
s66Nx0CcPUM,-1,0.5,-1,-0.5
LPSDNCcsBOk,-1,,,0
bLl2xIZdX38,-1,,-1,-1
H8agDrztsFk,-0.5,,-1,
d1T2q86eNno,-1,,-1,
XzGZSicgKYg,-1,0,,
i61WXQ_-TlE,-1,0,-1,-0.5
5mVJx5keEJQ,-1,,-1,0
o9rJge7uPfo,-1,,,-1
BCDvYEUVUyY,-1,,-1,0.5
qH1P-B6JruM,-1,,,
c56d-BSbWbk,,,-1,1
jTCFVCGaHic,-0.5,,-1,0
a4cflBtb2A4,-1,,,
7N4RfolRbZw,-0.5,-0.5,-1,-1
T7KlIP8f9Po,0.5,-0.5,,0.5
8zynuCMvyro,0.5,,-1,1
n6ZCFetQwo0,-1,,-1,-1
98WjKTW4CYg,,,-1,
E8pMwxDFPZk,-0.5,-1,-1,
jpR0zuRV38Q,1,,-1,-0.5
tP3bixzYcYc,0,,,
Dt1akgyoekQ,0.5,,-1,1
4UAV5uzOeMg,0.5,,-1,
H3ISeEia2Dw,,,,-0.5
UEfg4hYVuUY,-1,,,0
O7ObEeQkVMQ,1,,-1,
cta6190U8ug,0.5,,,1
5Etm6ouk7fM,1,,,
TWyoz-h9YPs,0.5,,-1,
eeJSOiR3eVw,1,-1,-1,
v8eKHic8QTo,-1,,,-1
KTFfUE5tgNc,,,,
O7Qv7YinEwQ,0.5,-0.5,-1,-0.5
mxv_4s5rrN0,-0.5,,,
6dmTVFzjz8w,0,,,0.5
xF4sjMlpKQ4,0,,,
bHFP8-hER3w,-1,,-1,-0.5
97mwAuDdaDk,0.5,,-1,-0.5
SVVgz1JnQVg,0.5,,,-0.5
gPMUsh4iCcY,-1,,,-1
ZWcl0rSpkfQ,0.5,,,0.5
lqQdAIouEJ4,-0.5,,-1,
0O0u58sKs9I,-1,,,-1
dZgufFMWlXM,0,,-1,
3UMQYnnyzik,-0.5,,-1,
BSB5hhuhTdQ,-1,,-1,0.5
M94630jUDss,-1,,,-1
A6UkJ106UYE,-1,,,-1
DuZnXDSNGlQ,-0.5,,-1,-1
YciAPUNlV1E,-1,,-1,
z0YNCYdrm0k,-1,1,,-1
pLgAb97ADMU,-1,1,-1,-1
x3dtwzNmFdo,1,-1,-1,
1rpKJ8pZpmk,0,,-1,0.5
fEb1KUdhqrA,1,,-1,1
8f5JnJmFJYw,,,-1,
dVbUzazDopQ,-1,0.5,-0.5,-1
cGkzQzqm4R8,-1,0.5,,-0.5
FZfhw9qLNow,0.5,-1,-1,-0.5
8lMXoc9oK-8,-0.5,,-1,0.5
AacGbyqxvIs,,,,
JGOIxXnsxt8,0.5,,,-0.5
ws7urv1_fHI,0.5,,,
se64X-vUPp8,-0.5,0,-1,
WjhNaKzmQiI,0.5,,,
eqt2mIbt1As,-1,,-1,-0.5
GfiKZk7n5Vw,0,,-1,-0.5
UaR2WfKtVFg,,,-1,
VdPWUfJ2ans,-1,,,0
3yHUUden3SI,1,-1,-1,
ToldHp0pGyw,-1,,,-1
Tz0_URI3Ea4,1,,,-1
HCo9v4fwW4w,1,,-1,1
xkqiDYWeaeY,-1,0.5,-1,-1
_DmUZNVrAJQ,-1,,,
JnWMkpGFZoA,,,,
MsDWkUOr_vI,-1,,-1,
rWpRGH_eMHQ,0.5,,-1,0
VMy8-XwiWWg,1,,-1,-0.5
NzHS7rMsxAI,0,,,0.5
CTl_4p5jMtk,1,,-1,
Yv3ezPZSZcM,-0.5,,-1,
pwof0euMQck,-1,,-0.5,-1
ClKTxn6snT8,-1,0.5,,-0.5
XWUFVYv1Zgk,-1,,-1,0.5
V7wOymY04bY,-1,,-1,0
wwaQXK3UFAU,0.5,,,
RYdeDLhXcz4,-1,1,,-0.5
nOP3e4WWYtA,0.5,,-1,1
b64GgKxdVuM,,,,
lm_OGT53Jjw,,,,
AJI8tvU-Now,0,,,0.5
24y4bFbK73M,-1,,-1,
7tzUqbK398M,-0.5,0.5,-1,1
XvEBx1__3nk,-0.5,,,0.5
7AP_b3_lPus,-1,0.5,0,-0.5
8yXYCOZyANs,0,,-1,
Nmpw0dm0izA,-0.5,,-1,
sXd1ShNLfWA,1,,,0
1UqxdnBY7qY,0,,-1,-1
tQYVrO_5O2c,,,,
RHRIPxrmGEU,-1,,,-1
VZ-6Y4mwhUk,-1,1,-1,-1
GY4N8VJkqww,,,,+0.5
-u2Sr2mIROU,-1,,-1,0.5
7To2LBWuJeA,1,-1,-1,-0.5
QgXSQW6Ldbo,-0.5,,,
MLDihP7AjrU,-1,0.5,-0.5,0
Q2PWdNb5aUs,1,,-1,1
5WAwF9sFz-w,-0.5,-0.5,-1,0.5
Qy2ZTfC4TA8,0.5,-1,-1,
5VyJ5fFDi4Y,0,,-1,-1
aTX7Ef0L0vU,-0.5,,,1
lHRjE0SzMFI,,,,
Bkm_aPLeRis,1,-1,-1,
9tAnkaHuYjQ,-1,,-1,-1
Yi9KNRU_HW0,-0.5,,,-0.5
UHl6qo5FET0,,,,
2Ty1RvnulrE,-1,,,-1
jC3uLVA7ymM,-1,,,
ozaGheu5Cms,-1,,,
v7UCLw0bY58,-1,,,0
Fmju9RMiKEg,-1,,,-1
p4C4WoT9mXw,-1,0.5,-1,-1
wG7C-DnrfDk,,,,
SCtuGxMFNgc,1,,,
H1QTdaKDfj4,-1,,-1,-0.5
7xDphBwrsXc,0.5,,-1,
1W2VUzg78mo,0,,,
yKECtruHcpw,0.5,,,0.5
6pufXVD3pMk,-0.5,,-1,0.5
lUJyl-aHmkc,,,,
1fOrfQjOdsw,-1,,-1,1
zqL7BUoPD1o,-0.5,,-1,0.5
8Ws3NuaIk-w,-1,0.5,-0.5,-1
pcfDUv1fkpI,-1,,,-1
hjWY_L65o-s,0,,,0.5
w7mybGVbwvA,-1,,,-0.5
zii8UONMM2k,-0.5,,-1,0.5
VbIZeF2Db5k,0.5,,-1,-0.5
sKgjfUGIPmU,-1,0.5,,
Isj3GAyNTBA,0.5,,,0
n9HamXTWVug,,,,
a-7uQZ3wxzc,-0.5,,,
ZGd6ttLdlFE,-0.5,,-1,1
ON6aWpf8mv4,0.5,,-1,0.5
BUG2ZisUfq8,-0.5,,,-1
cGOyyhH-CL8,,,-1,1
wKmxQcIRd6U,-1,,,-1
XogvPdtRhog,-1,,-1,
Df0--yYFI-U,1,,,
X2Lzsz0kKsI,-1,,-1,
K06uV_M6Jbg,-0.5,0.5,-1,0.5
nCxY4mXJVU4,0,,,
emKC1yYyzM0,1,,-1,0.5
HiuOnomzaa0,-1,0.5,0.5,
Gzf8XYCX5f8,-1,,,-0.5
t2Ubj7twNRU,0.5,,-0.5,
B8qRZJrlTrs,0.5,,-1,-0.5
7HiuRSLPspo,0.5,,-1,
Ie8aHnYaAt8,-1,,,-1
ocwck2BnOkk,-1,,-1,-0.5
Mj24uoECFZk,,,-1,
cuGFyibx9Vg,-0.5,,-1,-1
j0v_CACqZzI,,,-1,
VoPSgiQ3J3g,,,,1
t_sugm2ty1A,-0.5,,-1,
Njv9mybOGVo,-1,1,,-0.5
7OGLF83R-Qw,-1,,-1,-1
nrtNF9El--0,0,,-1,
R-wYuecHyxU,1,,,0.5
ikk6S-Dz-HY,1,,-1,1
Ix2VKGejPIE,0.5,,-1,-1
0swIXZvBVSs,-1,1,,-1
J1nDEDzimEI,0.5,,-1,-1
8v_DfgPiqjY,,,-1,1
pzhyMJkLjYU,,,-1,0.5
kmEhXUMzCe8,0.5,,-1,-0.5
LtvqQRv4bdM,1,,-1,0.5
wSBneGPEAew,0,,,
8cufgGIkTVc,-1,,,0.5
QbvfqbJsrjY,1,,,1
RZRzKfBCD2Q,1,,-1,
iIReZ6HEX88,,,-1,
fHoUWXNfdv8,-0.5,0,-1,
EL8P1dfFZ-c,-1,,-1,-0.5
y8RW-vraOD8,1,,-1,-1
Z_V6Coh9kmg,-1,,,-0.5
LtdANYoLg7U,0.5,,,
AXu1uiHHhDw,,,,-0.5
VvjZO1JjO3Y,0.5,,-1,
k1xvOQMf6Mk,-1,,-1,-0.5
Q-HnznFFCEs,-0.5,0.5,,0
pRBEVryqOMQ,-1,,-1,0.5
ujnjbVZZTBc,-1,,,-1
M-BxVJ9dL8M,-0.5,,,-0.5
EnR7yPETLrU,1,,,0.5
VqyhYLamuuI,-1,,,
pqor6tDawx8,-1,0.5,-1,
5jNuACNAtO4,1,-0.5,-1,-0.5
VAz4HqyzsYQ,-1,0.5,-1,-0.5
IsIAzQPyBjc,-1,,,-0.5
KgWj8bEoEnE,0.5,,-1,0.5
G-sD6SICamE,-0.5,,-1,
R8gSf_0z3jw,,,,
M4QHjN-Sjsk,1,,,
QWw0_2t25c4,,,-1,
otNahIAUpzU,-1,0.5,,-1
JQ-b7G4YQ8o,1,,,1
OqCr47g9Q7g,,,,+1
-pQpBHW4TCE,-0.5,,,-0.5
3on11FPyYNs,,,-1,1
Ws6w56QGHh8,0.5,,0.5,
5FXNpgTd_yU,,,,-0.5
flgpOBHyqHY,,,-1,-1
spi-SPwlTZk,-1,-0.5,-1,-0.5
hQKB28x8WIM,-0.5,,-1,-0.5
gS7Vczu32OM,-1,,,-1
Aa4KNfK04NY,0,,-1,
nDbWRnKKpiA,0,,-1,-0.5
iRh908HE2_8,1,-1,-1,-0.5
z8hRZNdWuSs,,,,
Ps6ZJ56tty0,-1,,,-1
kGLxekXCTco,0.5,,-1,-0.5
dxqQ5OYQkoI,-1,1,-1,
q6826aUhZJs,-1,1,,
P2VbJqgQW_g,-1,1,-1,1
iJfmxwxgkNE,1,,-1,
ZEEl-s21HeQ,-1,,,-1
fsLfu0dUuKU,0,,-1,-1
gSTqV3ZprN8,-1,,,
1781dp1VvVQ,-1,,,-0.5
S53FSjRweJk,-0.5,,,
RkWEbQ8RmRE,,,-1,
oXNYDHaxUAg,0,,,-1
-8K4Slm7HWM,-1,,,-0.5
dWeHaa9Z64c,-1,,-1,0.5
d7Cw2_3h8Qg,-1,,-1,
EXdbSIkcaUE,-0.5,-0.5,-1,
hwE2qIVvsxM,-0.5,,,0.5
0RH7clcuroM,1,,-1,-0.5
nzuxPYM97Rg,-0.5,,,
kUSOBWu47r0,-1,,-1,-0.5
YukBrmhdmOc,1,,-1,-1
x8I808hbtbE,0,,-1,0.5
GxLSYxh1GiE,,,,-1
3CtmDADHenM,,,-1,
f8mJL1yCVnI,-0.5,,,0.5
xGHZDp04YwI,-0.5,,,-1
VPvJeqDFlRs,-0.5,,-1,0.5
Ayf8nQ0coOY,,,,-0.5
eGDKwDd2wK4,0.5,,,1
kVNpgVNRTGY,0,,,0
_ZrXuoK3iXk,,,,
sTePQnDjUS8,1,-1,-1,
fg9bNE2Hd4s,1,,,1
o0agfNzUQp4,1,,-1,1
-tqH7yoWq8A,,,,
OGMpRI-hgAA,1,-1,-1,
eLY8rs2YERk,0.5,,-1,0.5
fdQFEClrNKw,-1,,-1,-0.5
cr8T1F6hVJ8,1,,,0
Sp5OTx16zqU,-1,,,
i6FYoiXQJ-4,0,,,0.5
Z3no9bDCF8g,-0.5,,,
RxLcQqRZFgo,-1,,0.5,1
mpGZ0V7df_c,,,,-1
yznqeJq3B0c,0.5,,,
uwwhKKSlJho,-1,,-1,0.5
2CdMWBUzPOI,-1,,,0.5
-6zPl_YLU5M,-0.5,,-1,-0.5
7r9-zmTcWtU,,,-1,0.5
X21RUGFwpbY,-0.5,-1,-1,-1
Xq01JUPXkgA,-1,,,
VwDSnHblAdk,-0.5,,-1,
_xUjR1YPM1A,0.5,,,0.5
oqx_WWfjXjU,1,,-1,1
-RErLzxlKvs,1,,,1
ot6BdooEl6g,1,,-1,-1
aVchAE3zRTw,-1,,,-1
m2G5iBkW24g,0.5,,-1,-0.5
SMh2DoOJnBk,-1,,,-1
GWDVsc1sLC8,-1,,-1,-0.5
TJEHz-DMBnY,-0.5,,-1,0
FXwaumY8CEY,1,-1,-1,
2O4L-zWj0jI,,,,-1
wctmwSJHwlA,,,-1,-1
wa3nR4UpKTY,0,,,0
JmAzEH56mD4,1,,-1,1
QLMB8KmpFZU,0,,0,0
SsN_xXitX6A,0.5,1,-0.5,1
Zfohxia3r6Q,-1,,,-1
ygDx7L9_BB0,1,,-1,1
NEYSjK5yG0E,-1,,-1,-1
uDiezk8XbTo,,,-1,-1
4D1jm6CD4Po,-0.5,,-1,
I_Q6gEw8CWw,0.5,,-1,0.5
8Bj9qsWF8po,-1,,-1,-1
yHqdrvR5gPs,,,,
BGDbleyNmDw,1,0,-1,
hQw5_V52VBk,-1,0,0,-0.5
qUzTTb-hZCs,,,,
2aYgIz9c498,0.5,,-1,1
8G8GNzforH8,-1,,-1,-1
H-PrF0yKpt0,,,-1,-0.5
N0c0SnY8fHI,1,,-1,
XyA6U5_6dM0,,,,
i_eQy7_GAPI,-1,,,
n4ij6laOkGM,0,,-1,1
yd6Rr3U87_w,-0.5,,,-1
XV5avPa8xTI,,,,
vnYtY2-wTaA,0,,-1,-0.5
eRECsaTfg6E,-0.5,0.5,-1,0.5
IV5POkrTj3Q,,,,
ngnpLE7_Tsw,0,,,0
08ab0T_MRkk,+1,,,+1
oQkByKNBzQc,0.5,,0,
uZK8iChRWeQ,1,,-1,1
rxoNJ1JG3q4,,,,-1
Tqcwz8MIhvE,1,null,-1,1
xUYxUUs51WI,-0.5,,,0.5
amwyxebVLDM,-1,,,-1
EMLQ2CKMrRQ,-1,,-1,-1
07FrVwiwIL8,,,-1,0.5
pL1-1HKkJWM,-1,,,1
azfdOCG9yok,,+1,-1,
WzCvxwAeGSM,-1,-0.5,-1,-1
D6EnN-LDEl0,1,-0.5,-1,-0.5
_G-GIOhXkwY,-1,,,-0.5
E8ByU4-JIEA,-1,,-1,-0.5
6Dxw74b1RZs,-1,,0.5,
go2CVoxvxbs,1,,,-0.5
Apx6iN-NEh8,1,-0.5,-1,-1
g1lgO02F3MM,-1,0,-1,-1
Vhn7W0_hiCY,-1,,,-1
hck0ymVl43Y,-1,,,-1
PI9zL8_qRI8,0.5,,-1,
rwFLIHs85Qo,-0.5,,-1,
mgdiacdL3PU,-0.5,,,0.5
9nuP_bTtRVI,,,,-1
r17441zLl-c,-1,1,0.5,-1
EgrBAjd4_Ls,-1,1,,
mF0y-Flcq9k,-0.5,,,
WspEsCfytMw,-1,,,-1
pSyzLuy9QUs,-1,,-1,-1
MHiXdElfuYo,,,,0
sQ65DzAODXs,1,,-1,1
JYUmf8ATgQg,,,-1,-0.5
fqHm6wEzu9E,1,,-1,
KIGARIv_poA,0,,,0
QXkKk8aE6kQ,1,,-1,
eXJAneYeHU8,-0.5,,-1,
eb63j6Bfek4,0,,,1
UDPUEOVPu8Y,,,,-1
3-dAxlAMoK8,-0.5,,-1,0.5
KXM7SIYqWEk,1,,-1,-1
KxcHNTFhwQo,-1,,,-1
giL_TQwWF5Y,-1.0,,,0.5
TYFRRFL-TtM,,,,-1
Buf4UCIZzts,,-0.5,-1,
dLjupvbFKmo,,-1,-1,-1
-LzhiA0BqIU,,,,
tXGkoaKD4rE,-1,1,,-1
gzDJcJmJsdQ,,,,
TVEsuWy7WHU,,,-1,0.5
85TQXszChqo,,-0.5,-1,-1
mvMoyHtNsnc,-0.5,,-0.5,
bkW4wxuOcDI,1,,-1,-0.5
zuu_L1fwNtE,,,,
awPu8lBTbUU,-0.5,,-1,-1
iNfWximFDp0,-1,,,0.5
inh6Bhu9cIA,,,,
sx_eLWFhzuI,-0.5,,-1,
JokQ1U3OQ5Q,,,,
2p1vzAQcyJo,-1,1,-1,-1
jU1lU0c25XY,-1,,,0.5
BHWapQ382HA,0.5,,-1,
7O481_JXVqE,1,,,
z3tylvklKo4,-1,,,
YfMG-_OrSVE,0,,,0
m2Ta9LWl3Lw,-1,1,,
jxvKaG-UTEA,0.5,,-1,-0.5
oWyq7L7GCso,-1,,,
yyIAidAHsAI,-0.5,,,
3Wr7zDio3aU,-0.5,,-1,1
gBFBLe6VhXc,1,,,0
nto4a9dOC_A,0.5,,,0.5
Emi_hRa2BC4,-1,1,,
5isBnLiLaYM,-0.5,-0.5,-1,0.5
Deys9DIr754,,,-1,0.5
X65260eEJNM,-1,,-1,
6cZjYpqhEcY,,,-1,
sHlxIAN_5jM,-0.5,,-1,0
7JBQaYfxT9Y,-1,0.5,-1,0.5
81Qx5yy2BPY,,,,
-NNucIaeQKM,,-1,,0
UvleCIX-bYI,-1,0.5,,-0.5
qwJ5x_hQbK4,-1,,,-1
XzyxJgL_d10,0.5,,-1,-0.5
A4Emr1jCCkI,0.5,,-1,-0.5
cMiYekhcfT8,-0.5,,-1,0.5
o-t4l4iGS5E,-1,,,-1
fvAA8XiOqI4,0,,,0
yLDcyNRCXYk,1,,-1,0.5
mRZ0RjzBFe8,-0.5,0.5,-1,-0.5
rigXCL0k6Ag,-1,,-1,1
a0mQ2oYOs1A,-0.5,,,0.5
M8kcLlg8Lng,1,-1,,0.5
9XX2IpXRn7o,1,,,0.5
o0zdRGMDh5A,0.5,-0.5,-1,-1
irDe_mZz3vM,-1,,-1,0.5
Aoqr9rweQLM,-0.5,,-1,0
Sq4y0FPljuA,-1,,,-1
MhVVZxNtdhY,,,,+0.5
OFW-HhP8cc4,-1,0.5,,-1
gfOA2cUcVm8,-0.5,,,0.5
O1zWtAR69Sk,-0.5,,-1,0.5
_-G2MbooakI,-1,,,-1
N803pg3vndc,-1,0.5,-1,-0.5
kz0urqsfCDo,0.5,,0.5,0.5
u0K-7JTosEM,-1,,-1,-1
YmADhu5T1vc,0.5,0.5,-1,0.5
4EcgSRoVdMw,0.5,,,-0.5
C8z6wOvrj7Y,,,-1,0.5
l-cUybSZN1o,0,,,-0.5
AMIa3M4ktjY,-1,0.5,-1,
UUz2qx8Rxes,-1,0.5,,-1
eGnmdcUNyQQ,-1,1,0,
2egvYm7gw-8,-0.5,,-1,
MItWOP1CXIw,-1,1,-1,
c2qtaQhgh6w,0,,-1,
kxnR1e0uqfo,-0.5,0.5,-1,-0.5
a2Ots1ogH8k,0,,0,+0.5
RwmUqfLacs8,0,,,0
IK9reojRZEQ,-1,0,,
nZBs0teCPbY,0,0,-1,+0.5
B11lJL9jTQY,-0.5,-1,-1,0.5
1MAi8rkyZMA,-0.5,0.5,-1,0.5
spxaEkamLYU,0,0,-1,
6664r5MD918,0.5,,,-0.5
ERzN4dbDj0o,-0.5,-1,,-1
QKybneKLH7k,-1,,-1,
iDxaRxJVbUw,-1,1,,0.5
JfPeXiCmcWo,1,,-1,
dmEZaLS_ZQs,1,,-1,
QE8kyF9S6Ao,0,,-1,
kRwNSTpDiT8,-1,,,0.5
JDvGK8JqSs0,,,,1
k6UD0x1S4iA,-1,,,-1
dTtTS6dfPyw,,,,-0.5
-_DAq6aUQFo,0,,,
4rIfWSuiaQ8,1,,-1,0
MilrBlAdiSk,,,-1,1
6YQwfsEv3Q0,-1,,,-1
pibsgx5z6fo,-1,0.5,-1,-1
Eb8TEh2wSbo,1,0.5,-1,1
CHGiajlTlqY,,,,
DUj9Dt68At8,0,,,
v2TrpQqAGeA,1,,-1,-1
MBqpviKfKbE,-1,,-1,
0OfnOU_MEh0,-1,,,-0.5
MtUaQYrJvJU,-0.5,,-1,-1
grawpbxDm0g,1,,-1,
3n-cdpFBhUk,-1,,-0.5,0.5
D5LlX4JWgRE,,,-1,1
yw5mP7owdTo,,,,0.5
qOS353Z3eGk,1,,-1,1
xEsTQvVe1_4,0,,,1
dpM_Xe4K720,0,,,
fBDaMIxNuO4,1,,-1,1
p-4y74v6uSA,0.5,,-1,0.5
Othi_-bIzCY,0.5,,,
fWhUMNej9no,,,-1,-1
xI8YjQBtAG4,,,,-1
rE3Osxb9cSA,-0.5,,,0.5
8sbhBm4FuuA,1,,-1,1
zNZLoBqz2oM,0,,,-0.5
VcJ1l_eUZDQ,-1,,-1,0.5
S0-lT5sKMkw,-1,0.5,,-1
QXFz-octLwY,-1,1,,
jId7lQqSG6k,0.5,-1,-1,-1
h1-Fv9d15wU,-0.5,,,0.5
7ySjPRaV6zE,0.5,,-1,0.5
Uwm_LErl--k,,,-1,1
x2l9GCFT0DI,,,,0
zFrEE7aM5VA,,,-0.5,
ndntvFYR-Yk,-1,,,-0.5
JgABV5jX4Fw,-0.5,0.5,-1,1
EvbTnz2OoEc,-1,,-1,-1
iTtWMqnXKT8,-1,-0.5,-1,-0.5
sqVTouWzZ7o,0,,-1,
pNu8yQ__QrU,1,-1,-1,-0.5
0AkCMwfI5_g,-1,,-1,
PmENxAa8i0g,-0.5,,,-1
G4DwuzYx8_I,,,,
ryU19TV-Ax8,-1,,,-1
AViof732N8c,0,,0,0.5
ESFgwsqpJfM,-0.5,,-1,
pZNDKz489QI,-1,,-1,0.5
vDJwJhmmxSY,0.5,,,0.5
M-51Zr83uAI,1,,-1,-1
u4EcoRTXUFs,1,,-1,1
M_qq0m2RfV0,-0.5,,-1,
rHn0bTWXLt8,1,,-1,
Rq7oSGtR0Pk,-0.5,0.5,-1,0
taMmsF43SYY,-1,1,,
8W4-iQ9ioPA,,,,
eVSP_StGMCY,-1,,-0.5,-1
dCxE8apNxbk,0.5,1.0,-1.0,0.0
4E9YNEExuKM,,,,-1
ohTbyugIdhE,-1,-0.5,,0.5
12dMcVgGizg,-0.5,,-1,
d6IvkmFrDjI,-1,,-0.5,-1
wp2JRp2xp0E,0.5,,-1.0,0.5
htJbt-h4b5k,,-1,-1,
y_djXiP9G6U,-0.5,,-1.0,0.5
vbkbzicvzjM,-1,,-1,-1
swk6C3Cz5j4,,,,-1
FjYxIkjGvQE,-1,-0.5,-1,-1
klXmpG3Lf3w,-1,,,-1
mhmgMMZV2K8,1,,-1,1
HA_wt54RlsM,0.5,,-1,1
0GRVQl5B0Lg,,,,
OMrvxb2Lrss,0.5,0.5,-1,
z3z_6NBi2pU,-0.5,,,
LW-3zhpj_5E,-1,,,
3_NtsS6vywY,0,,-1,
mhW3mhe2D5o,-1,,,
A4C9T5O2bdI,1,0.5,-1,-0.5
rCF7p538jBQ,0,,-0.5,-1
VeUae9YPxLQ,,,,
DdaYcoeBFg8,-1,,,0.5
9XaOaIHvYAw,-1,,,-0.5
dMkS2xVUus0,-1,,,
XdzREEMFDw0,-1,0,-1,-1
4x-kCdecf3E,-0.5,,-1,0.5
yIbY0z9q_oU,,,,1
A8_cJ6Bx58I,0,,,-0.5
xBKoeQAssrI,-1,,,-1
RmxoTx9bkD4,-0.5,,-1,0.5
yvI-0Hod_FY,0.5,1,-1,-0.5
2-zmkLHjs7M,-1,,-1,
ZAFnRmMOs4s,1,,-1,1
L2zkkVTPb_0,-0.5,,-1,
camGywRRad4,1,,,0.5
YsTkXcl2uG4,-1,,-0.5,
uM59DvZX4mo,0,,0,1
sP4S-oreYZs,0,,0,
KqGs4XG7t-0,0,,,0
Z0wj-A68QFU,1,,-0.5,
Mj-Y773Jyf0,1,,,-1
tG0k3UffYjA,-1,0.5,-1,-1
fXn-qwJkfik,0,,0,
3CmEmSuK44o,-1,,,
IRXHch-SP74,1,-1,-1,-1
5KKShLm7ysA,-1,,-1,1
Dk8TY0QFUSo,-1,0.5,0.5,-0.5
iWqBC6PKZi4,-1,,-1,
rB_m1kaK6VU,-0.5,,-1,
HrXAhvkMK5E,,,-1,
NVO-U6tCacA,,,-1,-0.5
RV7OHw5TBr8,-1,,-1,0
h3K1r19Ahx8,-1,,,-1
tnbTSUL99zo,-1,,,
Kem1hAlxC40,-1,,,-1
SGnPjUoGqt0,0,,,0
MQqEzYwsXpw,,,,
EZ3KcHkbhF8,,,-1,
uFnszTvg2t8,1,-1,-1,
A1a2zsiNQaM,-1,,,-1
ngvG96zmalc,-1,,-1,0.5
zxzuh3kN4EA,,,-1,-1
HvuLxb_wI_g,,,-1,
mBhv_ZRrTmw,0,,0,
ijClDm3uSjU,,,,-1
h3fAHeQIAu4,1,,-1,
0QX9IIb6RUU,1,,-1,1
vCYbFKSPUHE,0.5,,,0
O6NFJZ4an6o,1,,-1,-0.5
yiu7eg8xNTM,-1,,,
Vp5B4M-cNh0,,,,-0.5
J4fP2sQ3WIY,-1,,-1,-1
jv5emsxifY4,0.5,,-1,
Zfxewbgddik,1,-1,-1,-0.5
iW_78Hu3oo8,-1,,-1,-1
iXZwKVoINik,-1,,,
eRhROQdrB_U,0,,,
PdUWU1xh-A8,,,,
WwT7VLICUzM,,1,,
NHlhwzv8WCA,0.5,,-1,-0.5
Sqy-a0gvQOY,-1,,,-1
cVkoK5bYkfw,-0.5,1,-1,1
gB4V4l-Iirc,-1,,,-1
g2YEIYTXfJQ,,,-0.5,
ThKqNJRRCLU,1,,-1,0.5
UY57MKf7qYw,-1,,,1
HHuLVX-Gsxg,-0.5,,0.5,-1
bKICLb-Wohk,-1,,-1,-1
bw_fDVr_ZSY,0.5,,,-0.5
y9CzB7vnoBU,0,,-1,+1
mGDIhzZsN3c,-1,,,0.5
qAvcYYY7KoI,0,,,-0.5
rtv223vP3KY,-0.5,,-1,0.5
YfS3eDhO8XA,-1,0.5,0.5,-1
j9RhZ2pv0EQ,-1,,-1,-1
JuCiyD7BYrc,1,,-1,-0.5
x1iw_MHuZas,0.5,,-1,0.5
ZGlfOvZ3ryM,1,,,1
0jtwLrHEKn8,1,,-1,1
wnt8ezHLfDA,-1,,-1,-1
grFFGaF9VMU,-0.5,,-0.5,1
X2f7YYUrv9w,-1,,,0.5
TJrJceqgvDs,-1,,-1,
DONPaSoLWaY,0,,,
VplgN2vQw0c,-1,,,-1
33ff8gmcIdA,,,,-1
Vcu1E98oyno,0.5,,-1,-0.5
gdw0yFXzpPE,-1,,,-0.5
JP8-Ort_J6I,-1,-1,-1,
D0bl77CJUgM,1,,,-1
lXRK3TQ_zug,-0.5,,,-1
ykKZRIJrKQc,-0.5,,-1,-0.5
tTrGSQi4YJA,0.5,,,-0.5
tN88Kpxiwmo,-1,1,,
AHGon5CQ0cE,-0.5,,,
ozP9fkWqECU,0,0.5,-1,1
jm_uK5Z0pms,-1,,,-1
5nMUhRxiBuU,-1,,-1,-1
Q-psy28iU9U,,,,
V9ozZtaskzk,0,,,-0.5
TYYvrKJLuD8,0,,-1,-0.5
hjLYdP8s7HA,1,,,-1
TOz9XqqKibo,-1,1,-1,-0.5
gbJi7IFcP_0,-1,,,1
939lUu3pXp4,-1,,,-1
5vnoErqXnq4,-0.5,,-1,
7NMsDz2tq2g,-0.5,,-1,1
9KMfVOglpWs,0,,,0.5
y2r2wQgTI9w,-1,-0.5,-1,
zbSQAOlxO5g,1,,,
ixn0Hq5P5i0,,,-1,
0vsHR50jsAI,-0.8,0.7,-1,-0.9
2YUmJekDsCY,1,,,0
ISFHCaXJMv8,0.5,,-1,0.5
_dvyApNCHsI,,,,
1rJs6xvO9HI,,-0.5,,
zcwFRQZbI7k,,,-1,
NZkXsWINkhQ,-1,0.5,,
_SNNqSYuhzk,-1,1,,-1
8OILjivp_1k,-0.5,,,-0.5
3MwO4jbnSiQ,-1,,,0
kRvE66GdWBA,,,,-1
glQZHwzzCN4,1,,-0.5,-1
zj1jf_u3VvM,,,,-1
jEncmttVFtU,0,,,0.5
W6llk9G1c_Y,-0.5,,-1,
BoFc6aIrEbM,-1,,,-1
CAPhY1Dbr5w,-1,-0.5,-1,-1
txSA1wPoou4,0.5,,-1,0.5
hWks7OekJzg,-1,,-1,
ccne7qQI7rw,0.5,,-1,
Kb-AqWlZz6s,-0.5,0.5,,1
7Yfww6fD1N4,1,,-1,1
HyFZ1wCS2kw,1,,,0
z5e-KkH5Khw,1,,-1,-0.5
cC4_6qJ8fmU,1,,-1,-1
0HX4IPRqssU,-0.5,,,1
gveoXXJGyxA,-0.5,,,0.5
SwPr60jQRY0,0.5,,-1,
taN-Lh3qQg4,0,0,-1,
drSfrNBHjqM,-1,,-1,0.5
j9dz-KRdRXE,1,,-1,1
Yb4eOTeTDcM,-1,,,-0.5
F5ZX_TdWWpM,-1,,,-1
v_oqzmgPtrc,-1,1,0.5,-1
GgdAREuGBWM,0.5,,,1
MTxf88g6W_c,-0.5,,-1,
MZtPcN1NmcM,-0.5,,,-1
ivloYXJyNNc,-0.5,,,-1
1v06n217AZU,-1,,,
j0PdSdwzCG4,-1,,-1,1
hGuTrIR2hno,-0.5,,-1,
d9-fDsKxHTE,0.5,,-1,0.5
Owt6TDhTUFE,-1,1,-1,-0.5
0XIaHLb2mLo,-1,,,0.5
Ar7xXdijJIA,-1,,,
qIzEgl_qQ8k,0.5,,,
X_u_rMGH-uE,1,,-1,
PqIG4cN8M94,,,-1,-1
MB7eA6yrfyQ,0.5,,-1,
fo-ol2dLFpw,,,,
9U-woSaVJlk,0,,-0.5,
69gNLwSEf2M,0.5,,-1,0.5
igsdK_v1tsM,-0.5,,,
6Au-rFIy4AU,,,-1,-1
SNFCknIe8Vg,-0.5,,,-1
2nWAKE_B5cQ,0,,-1,
nCo9BZQIJhE,0,,-1,0.5
nmlWxmPfDkc,-1,,,-1
_7DLzLaMQiM,-1,,-1,-0.5
pJKmtVieKyw,0.5,,,0
LXfK0Tox8ks,,,,
9OMAMVXYXuU,0,,,-0.5
AV5NHY3_C4w,0,,-1,
UWnjICHyyls,1,,-1,-0.5
IS8n64bci5U,-0.5,,-1,
7XYdxgtjSvI,,,-1,
N8_yRIOA21M,-1,,-1,
JNY8ESUmQ1A,-1,0.5,-1,0.5
9v6umzI5JYE,,,-1,-0.5
W5Y1hFuICKU,1,,-1,0.5
kd3Z3OFrBGY,-1,1,-1,-1
k3Auc9Y1nN8,1,,-1,-0.5
GzCx6wIVme0,-0.5,,,1
aQhrmo0ESh0,1,,-1,0.5
I5jpfG6fCuA,0,,,1
RPUs3q8ZS_E,0,,-1,
fIVRPPOWgOQ,-1,,,
9tmWOCpaWZU,-0.5,,,0.5
Z44oVXriQBA,-1,,,-1
F6D3jbGYRn8,,-1,-1,1
tO2rs9Amr_w,-1,1,-1,
d6YRHsj7v5k,-0.5,,-1,-0.5
nrLts6IjoA0,-0.5,,-1,1
h4WvBN44RFQ,0,,-1,-1
jBWDHsTQlBQ,-0.5,,-1,
nQDNf7HyW3c,-1,,-1,1
dt0--6QZiZo,,,,
b26_0DKijnQ,-1,,,-0.5
BNIFu1qTHRs,-1,,-1,
SNekwRN7Ua0,-1,,,
-Ap8LCaIhlQ,-1,,0.5,-0.5
aGtK9bfqZlI,,+0.5,,-1
fVgvoZpFQ8Q,0.5,,-1,-0.5
QbSjGBksAxw,1,-0.5,-1,
GuKIP0Uu2sc,-1,,,
i0T04s6Nc1g,1,,-1,-1
MWeFqK_2EC8,-1,,-1,-0.5
wNaLfcPfnlw,-1,,,0.5
p9-BGhIv87E,-1,1,-1,-1
e_nx7-rAYVo,-1,,,-1
jwt4LssgixU,1,,,
gYLLJyJmqMw,-1,1,1,-1
5KurngL6pWc,-0.5,,,
ihQnwmMBveU,1,0.5,-1,
BicVFic0DSA,-1,,-1,
HO5eP0fagiY,,,-1,
EVYK01P-7_s,-1,1,,-1
_gJ19VyRxGM,-0.5,,-1,1
YssBXKrg1Zk,0.5,,-1,0.5
91QnfDaVSf4,-0.5,,,
vI57-2_07ks,,,,
Q4CE6EIZR9k,-1,,,-1
AKGZEAonWRo,0,,,-0.5
ThIbqlGo6n4,-0.5,,,
cGpeRHI9yj0,,,,
2sgTGPQesbo,-1,,,-0.5
rdi8hcZo0Qs,-0.5,,-1,0.5
kFBzz_40w1o,0,,,0
sA40-_lZWmQ,-0.5,,-1,0.5
d7D1Q2MHBOg,-1,0.5,-1,-0.5
KmfQnLPcjNc,,,,
HuZAGniND18,-1,,,-1
XpJL1LlHcjU,,-1,-1,-1
DsbEMlmDYrQ,-1,,0.5,-1
s-0rQcZbV5E,-0.5,,,0.5
2uq6_JTDrgM,-1,1,,-1
0W28Yl0-YJI,-1,,-1,-0.5
67UffEPXhb8,-0.5,,,-1
YkexQ7eUEeI,-0.5,,-1,0
QnoFMSxhkbg,-1.0,0,-1.0,0.5
IKp2S4Yu04g,0,,,
sfUszRx5MWU,-1,,,-1
sHllHmktHZA,1,,-1,-0.5
EPLK9RiAet4,-0.5,,-1,-0.5
EgzQhinJiQc,,,-1,0.5
0YP-w8Vhbsk,-1,,,-1
Rpvhhmt2SS0,-1,,-1,0.5
V7s75pT01yM,-1,,-1,-0.5
8nzRdLYTYtg,-1,,,-1
D4J52eNwo5U,-1,0,-1,
Tj6KCVbngx0,+0.5,,,0
1h0RKNGUk8c,0.5,,-1,1
bAl04Eqlrg8,1,,-1,
2v1TlAfp21Y,-0.5,,-1,0.5
L1p83ngU46Y,,,,
NYdbG3-qXQ8,-1,,,-0.5
YB5uhxAyxVc,1,,-1,
x-K3vEWHmbI,0,,,-1
QE5J3t-JAvs,0.5,,,1
R3C3YZLSpeM,-0.5,,-1,0.5
yhn6UXgWXP0,-1,,,-1
IobNOoCitQU,1,,,1
G7jRrI1hgZ4,-1,,-1,
J9gVmXyOQVE,,,-1,0.5
OMYgDRBh3ZY,1,-1,-1,0.5
dc9t3hk_3qA,,,,-1
BFX0PmQm_XI,-1,,-1,
yU3F24ZBD0c,,,,-0.5
cfMGp3Wh4ow,,,-1,-1
iQQSomr2wq0,0.5,,-1,-1
onuEZChEhOQ,-1,,,-1
jeh16a0lOSM,-1,1,-1,
9VYcgn_-7kk,-1,,,-0.5
xH-BLePoHgY,-1,,-1,-1
XxEFEx8ib6I,0,,-1,-0.5
tLdB726fmI8,,,,-1
C4wbvrjySos,,,-1,
wVQ9IDwK7GM,-1,,-1,0.5
-sZ6ZAAS16E,-1,,,-1
31ZGvmp91d0,-1,,-1,0.5
PmTN6zsGKF8,1,,,
nX6Re_PiH9Y,-0.5,,-1,-0.5
W6daf5ouV4g,-0.5,,,-0.5
I2CK223c_6o,0,,-1,
ExlP7vl2W4I,1,,,
GEJ5vHDPftA,1,,-1,0.5
ifc791vHEbM,-1,,-1,1
nliyt9_nLIU,-0.5,,-1,0.5
tZfPfojmneE,-1,1,0,-1
7g-B8G_5nS0,,,-1,
YmhmbiAWeho,-1,,,0.5
V9pHLdcvCDE,0,,,0.5
1RC8mA_5jNw,0.5,,-1,1
zeNucsCUfaE,,,,
TI5xVMC26JM,-1,,,-0.5
BF6T0hzNhWg,+0.5,,,-0.5
LRwLvCOFyN8,-0.5,,0.5,1
4uNiJn3irF4,-1,,,
a6GKEYZh2f4,-1,0.5,-1,-0.5
TaBwQVMpe70,0,,,0.5
bH2pNYeSe_4,-1,,-1,-1
bM9MaYO5uZk,-0.5,,-1,
dtg6qZED1K8,,,,0
zJrV-jQ5l3I,-1,,-1,0.5
yfwhT7Qi08w,,,,
hTHLXlPRgXI,0,,,-1
cNSuMM8579M,-1,,,-1
nWxZF45zgGU,-1,,-1,
_mYebHEJCUI,0.5,,,
KKLguuFUpkE,1,0,-1,0.5
Qn-e6dIGpBY,-1,,-1,-1
SVMSMKF7ZtA,-1,,,-1
OR5kDPEZLaE,-1,1,-1,0.5
ABtikNQZoG4,,,-1,-0.5
BsdzXnWg3Jk,-1,,,
cruRw_W2xYQ,1,,-1,1
aMHuRzKOnPs,0.5,,,
MS0W1mvBDpE,-0.5,,-1,-0.5
S05h7dTFEBs,-1,,,
9wf-6jSA2lw,1,,-1,0.5
Flqe0bKrPeY,,-1,-1,
vHqsHYRJy8o,0,-1,,0
ZdfONq96-7U,,,-1,-1
2OS5U8N7vgY,-0.5,,-1,-1
7T5dRxhiC4o,-0.5,0.5,-1,
6rwYF-lRYzE,1,,-1,1
nwZwXilQNl4,-1,,-1,0.5
AAO0vH9P5UY,-1,,-1,-1
7zKIcKD5RhQ,-1,,,-0.5
f_r-mRgnlNY,0,,-1,0.5
r-YwimZ_0-4,-1,,,-1
7c_WiQGaO8Y,-0.5,,,0.5
SB2gw8bun4Q,,,,
dP9H-0_Czjo,1,,,0
8oCsXomQQnM,-0.5,,,
uZGehmCMdjQ,-1,,,-1
2bhpJz9vay0,,,-1,
F0r-5j8ol08,0,,-1,0.5
00Bj_4wftG4,-0.5,,-1,
gQn5nBISMIE,0.5,,-1,
qkl4fy7aVD0,-1,,,-1
Ocmtx8VQN4k,-1,,,-1
PEVbqgi23po,1,1,-1,-1
8tkDO3lPEc0,,,,-0.5
JRT93FLwCjM,0.5,,,
JBNrg74H4Q4,1,,-1,1
TWdsDPaAsEY,-1,,,-1
TKnDxwzJDEc,-0.5,,-1,0.5
tTZF2BJZxbo,1,,-1,
GMpQrzflUxE,-1,,-1,-1
_3a-w2A7XSc,-0.5,,,-1
ZTrqLRSXA4Q,-0.5,,,
KlbO8aCkgPA,1,,-1,0.5
J22uTeJCFyw,-0.5,null,null,0
1Q-GYraGwUE,-1,,-1,-1
Kl8Rlgn8Rbw,-1,,0.5,-1
8fBPgha1shE,,,,
vkixgxQPtVE,1,-1,-1,
JajVGrgHtsE,-1,1,,-1
y4hi60-s-JQ,1,,-1,-1
UQaDj4mHDe0,1,,-1,-0.5
fv-GjX_Fnfo,-1,,,
yEFaMVJ1P-0,,,-1,-1
X7p-kz4KjGw,-1,,,-1
fSNxpST4wDA,,,,-1
ocwnWkAfxZw,1,,-1,-1
_rv9xcuXeW0,-1,,0.5,1
MwBgbrWLDeY,,,,1
LflX9Kg7Rjw,,,,
TvrOz9-tFvc,-1,,,-1
omTQy3GMb6Y,-1,,-1,0
ABibiaYjPko,-0.5,,-1,-0.5
QqYYl92TzoU,-1,0,-1,
bTd2R6iKOF8,-0.5,,,-0.5
Iu8FG1XZMcg,0,,,-0.5
OUMHC8ZzbtQ,-1,1,,
jo8YxJDL__g,0.5,,,0
yCtlrazj6Yo,-0.5,,,-0.5
rTBcseE6PBI,-1,,,
b7g-g74eiKk,1,,-0.5,-1
pFmNTkx7L28,,,-1,-0.5
CSajK4ENpqA,0,,,0.5
Bwe-K4peGnk,,,,-0.5
UyjRXDquZTU,-1,,,
4l-RQ2s44Wk,0,,-1,
cMWMqAYhk54,-0.5,,-1,0
YoFVV-XE3P8,0,,,0.5
m5rJ0Cn9kIo,1,,,
8sfE9ZRtlkA,-1,,,0.5
dD41aGpmdDA,,,-1,-1
w-ivnWrmacs,0.5,,,1
6uSYPnxl678,0.5,,-1,-0.5
mpbRkL6ze0g,-1,,,-1
QyK5u73s9_0,,,,-0.5
OPEHNX87_rE,,,-1,-1
4tmXuip4490,-1,,-1,-1
eE7CtZ6No7I,-1,,,
Js2fL6g1oZQ,-1,1,-1,
eNPYhZ_hKNg,-1,,-1,-0.5
HWtnYiBDoh0,0,,,1
ptoyUOXZb50,-0.5,,,0.5
2ew_4hfB_jc,0.5,,-1,-1
1VLFwQQSsrY,-0.5,-1,-1,-0.5
dEbKFrMu8hY,0,,,
_Oh5aY1ZUiI,0.5,,-0.5,0
17ZQQSoEUGQ,1,,-1,1
voFkhgVRAw0,-1,,,0
rtXAIGlvTcQ,-0.5,,-1,0.5
cq5_rB-fZ-0,,,,
gBfUQSNoWgU,0,,-1,
gvPQebh26D4,0,,-1,
U4R9FrvJeyY,0.5,0.5,,1
y08ANzP-rQU,-0.5,,,0.5
tpyXqkIYRhU,-1,,,-1
fZ8Pu-yy0YA,-1,1,-1,
aUV5judP97g,-1,,,-1
SoTZ3CO1wZE,,,-1,0.5
R_lytr6gagE,0.5,,-1,
HpcuZhlzyFo,0.5,,-1,
rw5gDqnY8-0,,,,-1
7NXpm8fohxk,1,,-1,-1
Z4RFAsad8Bo,,,,-1
AZpcFNoGYUM,-1,,-1,
k5wxH37N3OY,-1,1,-1,-1
m5XG599TFm4,1,,,
C3EahP4pV0s,,,,-0.5
u0NSgBVdABo,,,,
KpjxGyyRrY0,1,,-1,0
wlQS6eWPKso,-1,,-1,-1
U0Uj74hZpTA,0.5,,,
edhsui_V_vE,1,,-1,-0.5
fJOeOY4yKCk,+0.5,,,0
JJKTA__2D1U,,-1,-1,-1
79JtAzvWKVU,,-1,,
qhwnzmyd7Lg,1,,-1,
ChtV476M9Pc,-1,,1,-1
qqdhJ4kQt7U,1,-1,-1,-0.5
BdrWsvL-1hc,-0.5,0.5,-1,-0.5
dnq2tk1twzY,0,,-1,
MYOdJ6DYVIk,0.5,,-1,0.5
B26D2bN2G_E,0.5,,-1,1
_LCTRLHs-m8,-1,0.5,,1
CiVceAbEv-A,-0.5,,,1
fNqdVYfHSEE,-1,,,-0.5
MjK0yQs4iYQ,1,,-1,0.5
IF3qkIawh8I,-0.5,,-1,
zmQHMd2oLrc,-0.5,,-1,-0.5
4VRGsh3-mwg,-1,0.5,-1,-0.5
MnrMzU_RxTo,-1,,-1,-0.5
KSIj7WE2DhM,1,,,1
x1E-iY_Fw2A,-1,0.5,,-1
iJvDwHnN3jk,1,,-1,
oU-82XCVd68,-0.5,-0.5,-1,0.5
rlqU4br1V-M,1,,-1,0
oWGwZM_J6Zs,0.5,,-1,0.5
VR03px_ykIA,0,,-1,1
_4Ih94ze794,-1,,,-1
uWo54rl20uo,-1,,-1,-1
maFc33rlazI,-0.5,,-1,0
adAGIzpZYGw,0.5,,-1,
nleU4LjpKiI,0.5,-1,-1,-0.5
xxlc0oEPR-g,-0.5,,,0.5
v1F0VObBwjU,-1,,,-1
O5IcQqqIY5U,0,,,
Bx4xsXyhLA8,1,,-1,-0.5
H0EltnbGm-g,-1,1,-1,
A8m8WdrWyhA,+0.5,+1,-1,
dwCH6M4GdtA,-1,,,
5w6hk9y-jk0,-0.5,,-1,0
zx4zwTc3c1o,-1,,0.5,-1
2rHywsk9EAI,0.5,,-1,
70WL9l8m-6E,0.5,-0.5,-1,-1
11LD5cvyaMA,-0.5,,,-0.5
4RYju6r9uzw,0.5,,-1,
164njOsg0vU,-1,,,-1
SZv0C5iSMe0,0.5,,,
l3xlVlo4t4U,,-0.5,-1,
ZHnSduYcZrA,0,,-1,
QfdAoOuV3XE,-1,,-1,-0.5
gVwQ9gqnCgQ,,0.5,-1,
AHi5JqUhupE,-1,,,
f1oFN0G56n0,-0.5,,-1,0.5
x4DUd1w5_QY,,,,
Av4TeF75CMo,-0.5,,,
9Ckz8Idd8rY,-0.5,0.5,,0
MPQ5ltaWuGA,-1,0.5,-1,
MXDCcLNcYCg,-1,,-0.5,
74OMVNAz1Eg,,,,0.5
2ymbQdoFUug,-1,,-1,
1hVQvv1WeWE,0.5,,-1,1
IFcHxvcFQv4,-1,,-0.5,-0.5
WkGAkMB9s1w,-1,,,-1
PrKozdh69a8,1,-1,-1,1
-nbCxQQBZ3Y,-1,,-1,-1
4t6sfT2T3A4,,,,-1
owh7fJiADZg,0.5,,-1,
PpJZ5x2asJE,-1,,,
OJSp1CKFjrE,,,-0.5,
ks_2fIgAtB0,-1,,,-1
U1xS3dHYvAU,-1,0,-0.5,-0.5
cxU9dV11sAQ,,,,1
5rN6y7DGgP8,,,,-0.5
6Z8TwolmrTI,-0.5,,,0.5
Wc5-xGxHpkA,-1,1,-1,-0.5
ZMyhZ36TRAw,1,,-1,-0.5
ST6Pou43ZdI,0,,-1,+0.5
22aDOR3ESDM,,,,
jIzJGFFr0eY,-0.5,,-1,0.5
6W2E6vNNelI,0,,-1,
dntidlR_lkw,-1,,,-1
oZ0HWkQxByw,-0.5,,-1,-0.5
yH_oOqrJw_o,-0.5,,-1,-0.5
JGX1Ureq9no,1,,,1
6VEKMUo3J4s,-1,,-1,0.5
8KMsTFtypX8,-0.5,,,-0.5
DaiMTyDWojY,-1,,,
z0OVuL3-l4E,,,,-1
NgB3PJZzPsA,-1,,,
mgMqZaU3Kcs,0,,0,0.5
NYjr3q4AkJU,-1,,,0.5
F8NBNg1z_u0,-0.5,,,
3t0vuqPaCDo,-1,,,-0.5
b4dtoGx0Y0s,-1,-0.5,,1
UTC7tsd1chQ,-1,,-1,1
VAaumeaaeEs,,,,
UhjwNe3ImxI,-0.5,0.5,-1,-0.5
fbkdENWoRKY,,,-1,1
eSg8OXCKKjM,,,,
435xoOY9O48,0,,-1,
1P3DXLPtuN0,,,,-1
BIae_hfit0w,1,-1,-1,-1
iItoacsZumk,-0.5,,,0.5
A7WeXxjmOys,0.5,-0.5,,
2dz5q55Xq-M,-0.5,,,
JhHUkw81OP0,-0.5,0.5,-1,0
oF5F2viDPv4,0.5,,-1,-0.5
OS31ZAHIzzw,-1,,-0.5,-1
gP60bOf7xO4,-0.5,,-1,1
0VF2g98nSkc,-1,,,-1
icZJdHsAkpM,-1,,,-0.5
ygvUHmBNPPY,0,,-1,0.5
M-hDtausPIE,-1,,-1,-0.5
8y5PLsaYEjA,-1,,,
C6bta7nTOI4,0.5,,,-0.5
CXTOGMVhkbs,,,,0.5
XpUdpzX1HHI,0.5,-1,-1,-0.5
xtQAAwd80i8,-0.5,,,
hcJ2hgLYZ04,-0.5,-0.5,-1,-1
NnLB-diDE28,-0.5,-0.5,-1,1
qqSvC_R-1BA,0.5,,-1,
kObP1HQDavQ,0,,-1,0.5
PquN8Woo0vo,-1,,,-1
AU9MQrNHayI,,,-1,
l3rga8jOOUg,-0.5,,,-0.5
IoYM1sa40IQ,-0.5,,,
NtecsJhWWxw,-1,,-0.5,-1
oKC1bEotAmc,-0.5,,,
xZgDciWT1Ig,-0.5,,,
sl9GDiLnxjc,-1,,-1,-1
Gquu08Bc-AI,1,-0.5,-1,-0.5
nOHdF1o4i9I,0,,-1,
moq2lOubdhQ,-0.5,,,0.5
LRJENIcBmPE,-0.5,-1,,
ta2McFw7zyM,-1,,-1,-1
E4mzi9pqY78,-0.5,1,,-1
PxylHvFnBN4,0.5,,-1,0.5
J6dCyy1xXWY,-0.5,,-1,-1
V0xBigA1bwk,-1,,,
CBm-Ikl_iuk,-1,,,1
7WJJk1TP-A0,-1,1,-1,-1
wtX9OkIdzpY,,,-1,-0.5
vneqU8vymJM,-1,,-1,1
MM3k931KH5Y,1,-1,-1,1
9Cz3J9_tk3k,0.5,,-1,0.5
pI_Y9-XzedI,-0.5,,,0
F0H-fJhFb70,-0.5,,,-1
QRMEUVkfh14,0.5,0.5,-1,0.5
f43fZ5alcpw,-0.5,,-1,-0.5
WZAEJyB1kKA,0,,,
iAfoZpHlv60,-1,1,,-1
Me6K19qz6kY,0.5,-1,-1,-0.5
lfhWfist08E,-0.5,0.5,-1,-1
vt6XZH1dyzU,-1,,,-1
4dErMg7j_XI,1,,-1,-0.5
Axe4bx683VU,1,,-1,
qeccQi6wdTk,0.5,,,1
KdwMvEE2wpw,-1,,,-1
CT4jIo-ho54,,,,
Wo5oeRaqiPg,,,,
zw8Uxn7ajC8,1,-1,-1,-1
Z1f51Ot7p_g,-1,,,-1
Dhaf5h0PbyA,0.5,,,0.5
rrr5SK8Q574,0.5,,-1,0.5
VmNN-G8zfus,-0.5,-0.5,-1,0.5
WEVewJ2cWHo,,,,
oV1v-Puc99g,-1,0.5,,-0.5
7hokJMLh3KQ,-0.5,,-1,1
0fqL5YizOhw,0.5,,-1,0.5
LPWg4MdPkuI,-1,,,
zWwWXqFm23g,-1,,,
BQKn3dzS22I,,,,
MWwczCdIyCU,-1,,,-1
yZZrWOIKC-k,-1,1,,
xvZvHLUXMjk,-1,,,0.5
1cBqBlUJ-Mw,-1,,-1,0
RCnO8wWfdq8,0.5,,,1
2aGYz9wWnig,1,,-1,
U0MKGkAc6xA,,,-0.5,
d1m3gkv8oKU,-0.5,,,0.5
GWEfuHCj-mc,-1,1,-1,-1
oCReNEoJFcM,-0.5,,,-0.5
Q1xm5mTTJ3U,0,,-1,
pMJ0H0DFbBA,0,,-1,
1ib4xrWlTfQ,,,,0
s-ul0032fZk,,1,,
mmMfYHZt580,-1,,,
1USkmSQ4nZc,0,,-1,0.5
tDTLTX-shHE,-0.5,1,-1,0.5
TOSIjjG51dE,-1,+1,,-1
RP24Y9kqIbo,-0.5,,-1,
xWKJ7YB-xqI,-1,,-1,
Ei3ZbEfC58c,0.5,,-1,0.5
wo9aN4a6D9E,-1,,-1,-0.5
8HSIotVbOO4,-0.5,,,
2D5j5cR2gQI,-1,,,-1
UJEgYyP8QwQ,-1,,-1,-1
gEf-eOkyMM0,-1,,,
H1h7eKGS1Xs,-1,,,
PinHavCqtlU,-1,,,-1
Eb0waEzErjE,0.5,1,-1,
RNTRcuDeRHI,,,-1,0.5
x8_QfTUOXs4,-0.5,0.5,,0.5
PX-V1vUf47E,,-1,,-1
uXqK8S0lUEk,-1,,,-1
HevMd_MnIhM,-1,,,-1
Bi20NaT0n3o,1,,,-0.5
VXvRKPOr3z8,,,-0.5,-0.5
O52s4eqA_pw,,,,-1
3CVBJCujUCE,-1,,-1,-1
01IqrI9zhO4,-1,,,
4GlqT6vHWOw,-0.5,,-1,-0.5
aNK11EiB0X4,0.5,,-1,1
qRIc9q593Uo,-0.5,,-1,0.5
VL_UpCyPNeI,-1,,,
U53impPyoSI,-1,,,
aWQUGjduWGA,-0.5,1,-1,0
Gyh3WjA9BEI,0,,,0
uioEHjlsSWE,-1,,,1
8OuQGSnxLis,0,,,
XLSNB3mftao,0,,-1,
EblIi_R4GAs,-1,1,,
POrS8F3Y6Zg,1,,,
agbTPpG0y0I,-1,,,-0.5
ZlL0ZKed-Uo,,,,
SsyANrwbsnw,-1,,-1,
RyoZNHlnCSY,-1,,,
W6vX8WZYVoY,-0.5,,,
A_ewOKwPhoM,1,,-1,
DYppISzNj10,-0.5,,,0.5
wExsbX9qXrM,-1,,,0
RoGQ2UzmJ9I,-0.5,,-1,1
kpTRV9YVswk,-1,,,-0.5
0LG9yifVqLg,,,,+0.5
pf6mUwam4DE,-0.5,,,
LsI0jgrIb3U,+1,,-1,
cnzFPwxW5fk,-1,,,-1
POplHeh2AcA,,,-1,-1
9EY4kBb27gk,-1,,1,
oupBgZTn7ZA,-1,,,0
NSXqUI6BFZs,0.5,-1,-1,
ME130oYEkH8,0.5,,,0.5
y-DMJP6f-lo,-1,,,0
HFVuJe3XSls,,,,-1
v-T0yI79ngo,-1,,,-1
V-t5CuY5fAc,0,,0,
qBkfemNLi8Q,-1,,,-0.5
lTBWa4c4foc,-0.5,,,0.5
nZOADbr1JW0,,,,
edG5ZoBU6sk,-0.5,0.5,-1,-1
9bP2gNNjNtQ,-1,1,,
zu_A37csb7E,-1,,,-0.5
E0Uu4gFy_Rg,,,-1,-1
bn03Grh-mEU,-1,,,-0.5
6nBfMdVUim0,1,,,-0.5
yR-biSpZLd0,-0.5,0.5,-1,-0.5
J5HbSsf_Fek,0.5,,-1,
EWzmZ0ALjV8,-1,,,-1
8LezIoClQBs,-1,,,
NOr3cuvKmEA,-1,,,-1
jgjULEeeKPE,,,,
VAT19faE0LY,,,,
vzlt9d9aHdY,-0.5,,-0.5,0.5
UdiL0MPk9q0,-1,,-0.5,0.5
eZzlfK5W63c,-0.5,,,-1
4_6K9tYN1ic,-1,,-1,
g12oryrFrlo,0.5,,-1,
CT0eZ50x7EI,-0.5,,-1,-1
3JhotgIuueY,-1,,-1,0.5
g7Smu1bfyUo,0,,,-0.5
68RFNxc_9O0,0.5,,-1,1
Idw3lFoXokA,-0.5,,-1,1
UGxzQDBIC7s,-0.5,0.5,-1,1
OfZlw84hsps,-0.5,,,-0.5
wEZaSFInkBo,-0.5,0,-1,0
gpuco1HLgWY,-0.7,-1,-1,-0.5
k7p9lXKiLLI,,,,
PS3eJbZxUdY,,,,
qKOp1MhU98M,-1,,-1,-1
NTXa2GMxSlY,,,,-1
idgaaoLY1jE,-1,1,0.5,-1
FJleK0VuqxM,-1,0.5,1,-1
2xP9aBvH0Gs,-1,,,-0.5
-OSafgtiMYQ,-1,0.5,,-1
6EJ-eTTdVjI,-1,,-1,
PPZwmLqsQW0,0.5,-0.5,-1,0.5
AjBW0MEv9N0,0.5,,,
Ww6CS0tjPes,-0.5,,-1,1
yJobBYWu4V8,1,,-1,0.5
VKi6be07og4,0.5,0.5,,-0.5
CPKf1iJ_59Q,-0.5,,-1,0.5
ki9waTOga94,,,,
Ble-SuvuTfA,-0.5,,-1,0.5
qCCC98vzrE8,-1,1,,-1
xmrEVlpuHng,0,,-1,
K-9XrzW8SUw,0.5,,,0.5
uwegjXMsfE0,0.5,,,
d0aVt3bkXHQ,,,,
Z1vcfRonLRU,-1,,,-0.5
Y93DlliE62Y,,,,1
XBEdEKHL04I,0,,,0.5
hOIv9cZTpWA,-0.5,,,0
xCnn-hd2gn0,-1,,,-0.5
iyl5xWQWf6g,0,0,-1,0
q0ih3S1hv_U,0.5,,-0.5,
pZ0Z19xhmBk,-0.5,1,-1,0.5
WTRvuD6_3zg,-1,,0.5,-1
vfMtyRPs9ys,0.5,,-1,0
N9R1U6SQ0jQ,,,,
rX3pvlDv1LY,0.5,,-1,
Wioz_uFWj-I,-1,,-1,-1
mCvXcXyqRqE,0,,-1,
jP2vX-23qHE,,,-1,
4_yRRPMpwU4,-1,,,-1
Qqzoo_ty-0Y,-0.5,,-1,0.5
NGXsojsanms,-0.5,,,0.5
stnGOIl6QW4,-1,,,-0.5
3v6jUSdD-3Y,,,,
mynJvNSUWzM,1,0.5,-1,1
4siVBY_yD14,1,0.5,-1,
36xDBX_BlEk,1,0,-1,-1
LYazEOYaAAo,0,,,0
rcu2MsHBshY,0.5,,-1,
yMdXFmRwxt8,1,,-1,1
KWm9XGhUf3I,,,,
YCJGEH-trw4,-1,0.5,-1,-1
5uEXfcYOUAc,,,-1,
RgtHxbAru9g,0.5,,-0.5,0.5
JAgYl23yFXY,-1,,,0
XuQ7kGbwY5k,-1,,,-1
MPIhe0v5bz0,,,,1
6yc_wIWKqgo,,,,
mwYTnwe8vsQ,0,,,-1
LjIg9-Yji7I,-1,,-1,1
QPQ3UNkRvhY,-1,null,-1,null
0me1iM534Tc,-1,,-1,
u5Y8m_Oz0jg,-0.5,,-1,0.5
fKnuHo0N1Cw,0,,-1,1
JHJXo0eFT3E,-1,1,,-1
FfXStd5uJQ8,-1,,,
HAxM9d-H93M,-1,,-1,-1
W2czNFXYojM,-0.5,,-1,0.5
NiydXibZC3M,0.5,,,-0.5
r4qbYtJ4n3w,-1,,-1,-1
9Ims3_2UYYI,-1,,,0.5
qi_riG4M49A,1,,-1,-0.5
Y3nkCAsC5Kc,0.5,,-1,-1
CSHESvb2tg8,1,,-1,0.5
xcuDygf3jtE,-1,,,-1
gVPmY-xnymE,1,,-1,-1
YQVnQbXqyRc,-1,,-1,-0.5
yXSAWBjv6X4,-0.5,,-1,
vm3qhyk8RqY,-1,,-1,
I-G-K8N2WZg,0.5,,-1,-0.5
gcLMJxVlRvw,-0.5,,-1,-1
GlHMxXgoY4c,-1,,-1,-1
n2Gw-uizM4Y,-0.5,,,-0.5
sPYHv4iQLYI,,,,
4EEMtphI2cg,-1,,,-1
OSzLcN5guls,1,,-1,1
Kl521qjBMVc,-0.5,,-1,0
qO0fBg4Dfg4,-1,,,
mupQOUNa2rA,-1,,,-0.5
rOmrWvSxFow,0,,-1,-0.5
2VhZ0Z83Eho,0.5,,-1,-0.5
H7OhZTAQlRQ,-1,-0.5,-1,-0.5
DWF2KtWFuSM,0,,0.5,
SHEhV2CaqbE,0.5,,-1,1
MhhxYHRxX80,-1,,,
2yHOVp1G7_Q,,,,
7he5FfwzGcA,-1,,,-1
cmbN3N0dZD4,1,-1,-1,-1
cAXmgxncEdI,0,,,0
mHfIBjew6PI,,,,
Q2DQnJzwC3M,0,,-1,
RcOK9wGRUGk,1,,,1
9NbYVcEgW6Q,-1,,,-0.5
1dKV_hRRNyQ,0,,0,
I4caX0ZXRsM,-0.5,0.5,-1,0.5
hQaQt9RTLFg,0.5,,,0.5
klyewd22xzU,-1,,,-0.5
Y7jksFxViLs,,,,
QK_UW0RUaOI,-0.5,,-1,
1bttRRh0XbM,1,,-1,
4ped70KhQx8,-1,,-1,
WsDBrWyXQwY,0,,-1,1
QOla7jeodIc,-1,,,-1
mPgTZYMAP64,,,,-1
vBoOqTV-fEI,,,,-1
t6HVe4MRlyI,-0.5,,-1,-0.5
oJw8AACeFqA,-1,,-0.5,-0.5
6cP0fd__O3I,0.5,,,0.5
lF8yt6MASN0,,,,
CQQOeQn4lgk,-1,0.5,,
pOrGogE8IGs,-1,0.5,-0.5,-1
pqlMMOkCTPI,-1,,,-0.5
2DqPAA6t27c,1,,-1,-0.5
WZHXl5R5yzo,-1,,-0.5,-1
SYmT91yHlX4,-1,,-1,
HNbqXuJRA6I,0.5,,-1,1
jBgOevQamJc,+1,null,-1,+0.5
7D5SldFdHME,1,0.5,-1,1
0fVhfSNU_UI,-1,,,
lccJHkkmHwA,1,,-0.5,0
ygrE-USGSRk,0,,0.5,
BP5gflpSNOg,,0.5,-1,
WTgOYrOQB0s,-0.5,,,-1
IJga0YXhiwY,0,,-1,-1
yF0JBIFqWZo,-0.5,,,
48Ehrj9G4Kg,0.5,,,
-JdebMSo4Ik,-1,1,,-1
aAfGxxj3ekw,,,,0
LFiwMl3aWfs,0,,-1,0
3VTEkd_4FO0,-0.5,0.5,-1,0.5
XhjW1-wpdcM,-0.5,,-1,0.5
davZ1UIt0HQ,-1,,-1,-0.5
-efwXSL2HUI,+0.5,,,
WZLEZ7jULhQ,-1,1,,-1
MC4F8xRuHmo,-1,0.5,0.5,
ZQzielbIQOA,-1,,,-1
Jh3wZTCP7vc,-1,,,
WjsjaRnTt7A,-0.5,-0.5,-1,-0.5
fyWLCzEurgY,1,,-1,-0.5
mdBL7fxViMc,-1,,,-1
7XHxeG2C8EA,,,,-0.5
JALMIwA-GPg,,,,
kjFVYiabCB8,-0.5,,-1,1
7GgJ5r7lzXE,-1,,,-1
oQ3HXeHS-Xc,0,,,0.5
rv3nYSvB9QY,-0.5,,-1,0
_s1uFa1Dw4g,-1,,-1,
wDZokq2Fxlg,0,,,-1
6iatm95J3b4,,0.5,-1,-0.5
2PjHZa9bVbE,-0.5,,,0.5
cceT800UPI0,0.5,1,-1,-0.5
ymgvuHs90MM,-1,,-1,1
9KG5v3jSABg,-1,,,-1
8Eq8kTU8DQY,,,,
kG1Ft32Blkk,-1,,-1,-1
