,channel_title,proportion_empty,average_views,average_likes,average_comments
1,AFP Deutsch,1.0,11708.701133144476,77.45396600566572,
115,WELT Netzreporter,1.0,46085.13300492611,359.4679802955665,
114,WELT Nachrichtensender,1.0,46178.76706484642,450.3003412969283,
134,phoenix,1.0,12003.279005524862,114.8646408839779,
64,MDR Mitteldeutscher Rundfunk,1.0,46144.666666666664,981.3333333333334,
45,Handelsblatt,1.0,6562.3918757467145,54.49342891278375,
139,tagesschau,0.99265605875153,48773.408812729496,420.45410036719704,256.1666666666667
128,faz,0.9318181818181818,11477.664772727272,92.72272727272727,61.166666666666664
29,DIE ZEIT ,0.8642659279778393,11385.347645429363,112.1361111111111,119.62626262626263
110,WDR,0.6666666666666666,15828.0,160.33333333333334,124.0
133,ntv Nachrichten,0.655688622754491,30529.805389221558,297.11976047904193,200.17241379310346
37,FOCUS online,0.5166666666666667,21400.241666666665,334.98333333333335,263.21666666666664
44,Hallo Meinung,0.5,9629.5,1457.5,360.5
16,Bayerischer Rundfunk,0.5,91072.0,2661.5,60.0
89,RTL+,0.47368421052631576,1371.6315789473683,17.473684210526315,1.2105263157894737
15,BR24,0.4540540540540541,31695.35135135135,253.71891891891892,54.02542372881356
17,Blick,0.3793103448275862,1288.6896551724137,19.24137931034483,8.275862068965518
33,"DerDara - Politik, News & Debatte",0.3333333333333333,10273.0,746.2222222222222,335.625
129,hessenschau,0.25,11695.0,128.3125,55.5
88,RTL Aktuell,0.23809523809523808,17943.571428571428,157.95238095238096,31.095238095238095
30,DW Deutsch,0.19230769230769232,20417.735576923078,271.25961538461536,131.17714285714285
140,tvberlin,0.168,2283.424,71.4,13.355371900826446
92,SRF Kultur Sternstunden,0.16666666666666666,69616.0,931.8,200.0
71,Mena-Watch - Der unabhängige Nahost-Thinktank ,0.16447368421052633,8815.269736842105,247.05921052631578,24.14569536423841
60,Kurbel TV,0.14285714285714285,2817.8571428571427,119.35714285714286,25.428571428571427
107,Veni,0.14285714285714285,13088.0,984.1428571428571,83.42857142857143
84,Politik im Fokus,0.1,10314.0,650.1,73.6
131,logo!,0.08333333333333333,10331.833333333334,103.75,8.583333333333334
127,euronews (deutsch),0.08071135430916553,2717.201094391245,22.419288645690834,27.248974008207934
105,Unignorierbar: Die Stimme des Widerstands,0.07172995780590717,12662.5,124.1805702217529,16.829113924050635
25,DER SPIEGEL,0.06097560975609756,85493.84756097561,1062.7987804878048,661.4935064935065
61,Küppersbusch TV,0.058823529411764705,11477.117647058823,707.7647058823529,244.75
66,Marc Friedrich,0.038461538461538464,47921.38461538462,2321.769230769231,228.73076923076923
14,BILD,0.038461538461538464,72040.17307692308,897.75,468.692
38,Flavio von Witzleben,0.03508771929824561,28244.57894736842,1549.9649122807018,283.29824561403507
58,Kontrafunk - Die Stimme der Vernunft,0.02564102564102564,12408.48717948718,917.4871794871794,90.25641025641026
0,:newstime,0.021775544388609715,15329.460636515912,111.03685092127303,125.72651006711409
28,DIE WELTWOCHE,0.013513513513513514,36264.5,2717.3513513513512,478.85135135135135
78,NachDenkSeiten,0.010471204188481676,11418.842931937173,996.7015706806283,192.26455026455025
41,Gegenpol,0.004597701149425287,15782.67816091954,639.3264367816092,65.04387990762125
124,ZDFheute Nachrichten,0.00322061191626409,94994.15297906603,881.2451612903226,889.6365105008077
104,Tobias Huch,0.00303951367781155,29857.392097264437,2001.7051671732522,368.5288753799392
5,"Achtung, Reichelt!",0.0,107223.03571428571,7178.071428571428,1080.392857142857
4,AUF1,0.0,19782.384615384617,1615.0,228.0
3,ARTEde,0.0,95290.92207792208,1529.7142857142858,712.1818181818181
2,ARD,0.0,10319.0,249.0,29.0
13,Auftrag Geschichte präsentiert von KlappspatenTV,0.0,97093.66666666667,9123.666666666666,788.0
12,Apollo News,0.0,65065.333333333336,6891.0,707.3333333333334
11,Aljosha,0.0,9768.0,1311.0,217.0
10,Alice Weidel,0.0,120882.0,10310.0,726.0
9,Aktien mit Kopf,0.0,122690.95238095238,9580.42857142857,1309.8095238095239
8,AfD-Fraktion NRW,0.0,28667.6,2110.4,210.4
7,AfD-Fraktion Bundestag,0.0,38930.708333333336,3193.7083333333335,350.5833333333333
6,AfD TV,0.0,18706.0,1922.0,591.0
53,Jung & Naiv,0.0,153622.90625,2791.84375,776.59375
52,Jasmin Kosubek,0.0,53096.92307692308,1717.1538461538462,528.3846153846154
51,JUNGE FREIHEIT,0.0,6317.1,409.8,70.9
54,KIANUSH | PRIMETIME,0.0,68511.5,2109.4583333333335,536.2083333333334
32,Der Medienfuzzi,0.0,28147.666666666668,1606.6666666666667,98.66666666666667
34,Deutschland Kurier,0.0,17297.571428571428,2628.5714285714284,265.85714285714283
50,JENsationelle Meinung,0.0,32365.25,4159.75,434.25
46,HeyWolfi,0.0,19248.5,1708.1666666666667,434.8333333333333
42,Gio unzensiert,0.0,15940.0,1138.8333333333333,469.5
43,HKCM,0.0,51972.666666666664,2120.0555555555557,162.38888888888889
39,GELDDRUCKER,0.0,646666.7777777778,26886.222222222223,892.7777777777778
40,Galileo,0.0,23045.0,290.0,28.5
26,DIE DA OBEN!,0.0,108866.33333333333,4803.0,1857.0
27,DIE WAHRHEIT?!,0.0,178.0,13.0,1.0
20,Boris von Morgenstern,0.0,27468.347826086956,2388.909090909091,405.5652173913044
31,Dekarldent,0.0,13223.666666666666,819.875,123.875
36,Dieter Hallervorden (Offiziell),0.0,46305.0,3600.0,595.0
35,DieLinke,0.0,29960.25,2226.625,272.0
23,Coach Cecil,0.0,3466.0,132.66666666666666,22.25
24,DACH Medien,0.0,24856.204545454544,783.1363636363636,48.47727272727273
22,Carsten Jahn - TEAM HEIMAT,0.0,95215.5,16692.0,1312.5
19,BlueTiger,0.0,120648.94444444444,2866.1111111111113,519.5555555555555
21,COMPACT-TV,0.0,52978.44262295082,4295.852459016393,767.016393442623
18,Blocktrainer,0.0,19028.0,2021.0,203.0
77,NIUS,0.0,36742.61855670103,2099.938144329897,314.4329896907216
76,NDR Info,0.0,14918.0,223.8,170.4
75,MrWissen2go Geschichte | Terra X,0.0,1436483.5,30562.0,3925.0
74,MrWissen2go,0.0,684162.1111111111,24183.555555555555,6205.444444444444
73,Monitor,0.0,68621.94444444444,2544.9444444444443,981.3888888888889
72,Migrando,0.0,9833.0,212.0,24.0
70,Meinungsmache,0.0,23262.185185185186,1604.3333333333333,265.85185185185185
69,Massengeschmack-TV,0.0,12061.0,759.1666666666666,206.83333333333334
62,LACROIX,0.0,60617.21052631579,2561.7368421052633,121.26315789473684
68,Marvin Neumann,0.0,143323.33333333334,3151.6666666666665,728.3333333333334
67,Mario Lochner,0.0,72404.75,3182.0,353.75
65,MISSVERSTEHEN SIE MICH RICHTIG,0.0,39024.0,1417.0,39.0
63,Landwirtschaft erLEEben mit Anthony Lee,0.0,105290.33333333333,12460.333333333334,829.6666666666666
56,Karl Ess,0.0,14162.0,383.0,133.0
55,KISSLER KOMPAKT,0.0,22017.285714285714,1244.4285714285713,95.57142857142857
59,Krall & Bubeck,0.0,33442.8,835.8,33.4
49,Ignaz Bearth,0.0,10298.555555555555,649.7777777777778,120.55555555555556
48,Hotel Matze,0.0,27567.0,514.0,269.0
47,Horst Lüning (UnterBlog),0.0,105810.0,4956.0,363.0
57,Kettner-Edelmetalle (Gold & Silber),0.0,45489.083333333336,2040.9166666666667,146.08333333333334
93,SWR,0.0,2585.0,44.0,18.0
91,SRF Comedy,0.0,1595.0,48.0,3.0
90,Rich Kids of Wall Street ,0.0,27682.846153846152,406.38461538461536,62.0
94,Sahra Wagenknecht,0.0,168897.4375,8861.75,1186.25
85,Politik mit Kopf,0.0,78786.61111111111,7325.444444444444,1409.111111111111
83,Politik & Co ,0.0,11567.333333333334,797.5,170.16666666666666
82,POLITIK SPEZIAL - Stimme der Vernunft ,0.0,34586.8,4037.0,800.6
87,REALTALK MEDIA,0.0,98709.35294117648,3418.8823529411766,746.4705882352941
86,Prof. Dr. Christian Rieck,0.0,220580.0,10102.333333333334,1561.0
81,Oliver Klemm ,0.0,38639.583333333336,2387.1666666666665,307.25
80,Oli,0.0,19126.0,1827.25,152.0
79,NuoViso,0.0,40029.666666666664,2469.0,643.3333333333334
109,VisualPolitik DE,0.0,112642.5,4591.7307692307695,795.2692307692307
108,Vermietertagebuch - Alexander Raue,0.0,130303.82278481012,8455.949367088608,1811.4556962025317
106,Utopia TV Deutschland,0.0,15982.25,1401.0,76.625
102,Tichys Einblick,0.0,33487.0,3826.1296296296296,245.4814814814815
103,Tim Gabel,0.0,100828.4,3274.8,811.4
99,Staiy,0.0,107506.0,4462.0,1016.0
100,Steuern mit Kopf,0.0,19112.833333333332,1255.3333333333333,235.66666666666666
101,Terra X History,0.0,1036405.5,10887.0,2054.5
97,Serge Menga  - Klartext + Aktiv !,0.0,25743.5,1821.0,111.5
96,"Schuler! Fragen, was ist",0.0,55259.125,2915.125,283.625
95,Salim Samatou,0.0,99128.37037037036,3230.814814814815,556.5185185185185
98,ServusTV On,0.0,78372.45,1544.4,853.0
113,WDR aktuell,0.0,45474.5,354.1774193548387,457.14516129032256
112,WDR Rockpalast,0.0,77589.0,589.0,33.0
116,Weichreite TV,0.0,113861.12328767123,2821.904109589041,583.6849315068494
111,WDR Doku,0.0,59556.0,693.0,623.0
125,ZDFinfo Dokus & Reportagen,0.0,93975.4,1088.6,700.4
123,ZDF heute-show,0.0,1534083.0,35134.5,2771.5
122,ZDF Satire,0.0,216673.44444444444,6278.888888888889,872.7777777777778
121,ZDF MAGAZIN ROYALE,0.0,1057777.0,25080.0,3428.0
119,Y-Kollektiv,0.0,214877.0,5718.5,2317.0
120,ZAPP - Die Medienredaktion,0.0,149603.5,3157.25,824.0
118,Wissenswert,0.0,127177.0,2698.5,544.0
117,Weltspiegel,0.0,36087.8,474.05,212.4
132,mym by Simo ,0.0,95882.5,7526.5,902.5
130,klagemauerTV,0.0,1210.4,121.8,18.05
126,ZDFunbubble,0.0,66446.5,1059.5,1155.5
135,rbb,0.0,54563.0,877.5,364.0
137,stern TV,0.0,199143.0,3047.4285714285716,1117.5714285714287
136,rbb Doku,0.0,67737.0,714.0,716.0
138,taff,0.0,867.0,14.0,2.0
141,{ungeskriptet} by Ben,0.0,44873.666666666664,1406.3333333333333,1051.0
